place_ratings,place_name,category,city,price,rating
3,Candi Ratu Boko,Budaya,Yogyakarta,75000,4.6
2,Pantai Marina,Bahari,Semarang,3000,4.1
5,Atlantis Water Adventure,Taman Hiburan,Jakarta,94000,4.5
3,Museum Kereta Ambarawa,Budaya,Semarang,10000,4.5
4,Kampung Wisata Sosro Menduran,Budaya,Yogyakarta,0,4.0
2,Taman Hutan Raya Ir. H. Juanda,Cagar Alam,Bandung,11000,4.5
5,Museum Gedung Sate,Budaya,Bandung,5000,4.6
4,Museum Taman Prasasti,Budaya,Jakarta,2000,4.5
2,Pantai Ngrawe (Mesra),Bahari,Yogyakarta,10000,4.5
5,Taman Harmoni Keputih,Cagar Alam,Surabaya,0,4.4
3,Tugu Pal Putih Jogja,Taman Hiburan,Yogyakarta,0,4.7
5,Taman Sungai Mudal,Cagar Alam,Yogyakarta,10000,4.6
3,De Mata Museum Jogja,Budaya,Yogyakarta,50000,4.4
5,Surabaya North Quay,Taman Hiburan,Surabaya,50000,4.4
5,Museum Bahari Jakarta,Budaya,Jakarta,2000,4.4
4,Grand Maerakaca,Taman Hiburan,Semarang,15000,4.4
4,Margasatwa Muara Angke,Cagar Alam,Jakarta,25000,4.2
3,Curug Anom,Cagar Alam,Bandung,0,4.6
3,Museum Konferensi Asia Afrika,Budaya,Bandung,0,4.6
2,Taman Cattleya,Taman Hiburan,Jakarta,20000,4.5
3,Monumen Bambu Runcing Surabaya,Budaya,Surabaya,0,4.6
3,Pasar Seni,Pusat Perbelanjaan,Jakarta,0,4.4
4,Curug Tilu Leuwi Opat,Cagar Alam,Bandung,10000,4.4
5,Museum Mandala Wangsit Siliwangi,Budaya,Bandung,0,4.4
2,Museum Wayang,Budaya,Jakarta,5000,4.5
2,Gua Pawon,Cagar Alam,Bandung,10000,4.5
4,Perkebunan Teh Malabar,Cagar Alam,Bandung,5000,4.4
2,Masjid Pusdai,Tempat Ibadah,Bandung,0,4.7
2,Taman Ismail Marzuki,Budaya,Jakarta,5000,4.6
2,Bentara Budaya Yogyakarta (BBY),Budaya,Yogyakarta,0,4.5
5,Kota Tua,Budaya,Jakarta,0,4.6
4,Bukit Jamur,Cagar Alam,Bandung,0,4.2
3,Gereja Katedral,Tempat Ibadah,Jakarta,0,4.8
4,Taman Pintar Yogyakarta,Taman Hiburan,Yogyakarta,6000,4.5
3,Wisata Eling Bening,Cagar Alam,Semarang,25000,4.3
5,Hutan Kota Srengseng,Taman Hiburan,Jakarta,1000,4.3
2,Puncak Pinus Becici,Taman Hiburan,Yogyakarta,3000,4.5
2,Bangsal Pagelaran,Budaya,Yogyakarta,5000,4.6
2,Pantai Krakal,Bahari,Yogyakarta,10000,4.5
3,Museum TNI AL Loka Jala Crana,Budaya,Surabaya,2000,4.5
2,Brown Canyon,Cagar Alam,Semarang,0,4.2
5,Gereja Perawan Maria Tak Berdosa Surabaya,Tempat Ibadah,Surabaya,10000,4.8
2,Candi Donotirto,Budaya,Yogyakarta,0,4.4
3,Museum Gunung Merapi,Budaya,Yogyakarta,10000,4.4
5,Taman Ekspresi Dan Perpustakaan,Taman Hiburan,Surabaya,0,4.5
4,Gereja Perawan Maria Tak Berdosa Surabaya,Tempat Ibadah,Surabaya,10000,4.8
3,Taman Sungai Mudal,Cagar Alam,Yogyakarta,10000,4.6
2,Tektona Waterpark,Taman Hiburan,Bandung,60000,3.8
2,Geoforest Watu Payung Turunan,Cagar Alam,Yogyakarta,0,4.5
5,Kampung Tematik Jawi,Budaya,Semarang,0,4.5
4,Balai Kota Surabaya,Budaya,Surabaya,0,4.7
2,Durian Gardens and Tourism Education Watu Simbar,Cagar Alam,Semarang,5000,4.1
2,Wisata Lereng Kelir,Cagar Alam,Semarang,7000,4.3
2,Kebun Teh Nglinggo,Cagar Alam,Yogyakarta,6000,4.5
5,Museum Bank Indonesia,Budaya,Jakarta,2000,4.7
3,Glamping Lakeside Rancabali,Taman Hiburan,Bandung,30000,4.4
3,Wot Batu,Cagar Alam,Bandung,50000,4.7
5,Masjid Raya Bandung,Tempat Ibadah,Bandung,0,4.7
5,Museum Fatahillah,Budaya,Jakarta,5000,4.4
5,Kawah Rengganis Cibuni,Cagar Alam,Bandung,5000,4.3
3,Taman Bunga Cihideung,Cagar Alam,Bandung,0,4.1
3,Museum Kesehatan Dr. Adhyatma,Budaya,Surabaya,10000,4.4
5,Pantai Ngandong,Bahari,Yogyakarta,10000,4.5
3,Jembatan Pasupati,Taman Hiburan,Bandung,0,4.6
3,Pantai Ngandong,Bahari,Yogyakarta,10000,4.5
2,Pesona Nirwana Waterpark & Cottages,Taman Hiburan,Bandung,50000,4.1
2,Museum Sonobudoyo Unit I,Budaya,Yogyakarta,5000,4.6
2,Taman Agrowisata Cilangkap,Taman Hiburan,Jakarta,0,4.2
3,Perpustakaan Nasional,Budaya,Jakarta,0,4.7
4,Taman Suropati,Taman Hiburan,Jakarta,0,4.6
2,Alun-Alun Kota Bandung,Taman Hiburan,Bandung,0,4.6
4,Keraton Yogyakarta,Budaya,Yogyakarta,15000,4.6
5,Candi Donotirto,Budaya,Yogyakarta,0,4.4
3,Upside Down World Bandung,Taman Hiburan,Bandung,100000,4.0
4,Watu Lumbung,Cagar Alam,Yogyakarta,5000,4.3
2,Kampoeng Kopi Banaran,Taman Hiburan,Semarang,200000,4.3
2,Candi Sewu,Budaya,Yogyakarta,50000,4.6
2,Museum Gunung Merapi,Budaya,Yogyakarta,10000,4.4
3,Tebing Breksi,Budaya,Yogyakarta,20000,4.4
4,Museum Nasional,Budaya,Jakarta,5000,4.6
5,Gumuk Pasir Parangkusumo,Taman Hiburan,Yogyakarta,0,4.5
3,Desa Wisata Gamplong,Taman Hiburan,Yogyakarta,10000,4.4
3,Museum Sri Baduga,Budaya,Bandung,3000,4.5
3,Panghegar Waterboom Bandung,Taman Hiburan,Bandung,75000,4.3
4,Taman Budaya Yogyakarta,Budaya,Yogyakarta,0,4.5
5,Pantai Greweng,Bahari,Yogyakarta,5000,4.6
2,Museum Joang 45,Budaya,Jakarta,2000,4.0
2,Semarang Chinatown,Budaya,Semarang,30000,4.5
4,Sudut Pandang Bandung,Taman Hiburan,Bandung,50000,4.6
4,Curug Dago,Cagar Alam,Bandung,12000,4.0
3,Museum Satria Mandala,Budaya,Jakarta,5000,4.5
5,Pura Giri Natha,Budaya,Semarang,20000,4.7
3,Rumah Batik,Budaya,Surabaya,0,4.5
3,Museum Benteng Vredeburg Yogyakarta,Budaya,Yogyakarta,3000,4.6
4,Taman Mini Indonesia Indah (TMII),Taman Hiburan,Jakarta,10000,4.5
3,La Kana Chapel,Taman Hiburan,Semarang,35000,4.5
5,The Escape Hunt,Taman Hiburan,Jakarta,70000,4.4
4,Pasar Seni,Pusat Perbelanjaan,Jakarta,0,4.4
3,Situs Warungboto,Taman Hiburan,Yogyakarta,0,4.4
5,Candi Sewu,Budaya,Yogyakarta,50000,4.6
3,Taman Hutan Raya Ir. H. Juanda,Cagar Alam,Bandung,11000,4.5
2,Monumen Selamat Datang,Budaya,Jakarta,0,4.7
5,Pulau Pelangi,Bahari,Jakarta,900000,4.8
3,Kebun Bibit Wonorejo,Cagar Alam,Surabaya,0,4.4
2,Taman Tabanas,Taman Hiburan,Semarang,0,4.4
2,Rabbit Town,Taman Hiburan,Bandung,45000,4.0
3,Museum Pendidikan Nasional,Budaya,Bandung,5000,4.6
5,Taman Film,Budaya,Bandung,0,4.3
5,Observatorium Bosscha,Cagar Alam,Bandung,25000,4.5
2,Museum Tengah Kebun,Budaya,Jakarta,0,4.6
2,Monumen Yogya Kembali,Budaya,Yogyakarta,15000,4.5
4,Museum Kesehatan Dr. Adhyatma,Budaya,Surabaya,10000,4.4
2,Jogja Exotarium,Taman Hiburan,Yogyakarta,20000,4.4
5,Taman Flora Bratang Surabaya,Taman Hiburan,Surabaya,0,4.6
2,Taman Prestasi,Taman Hiburan,Surabaya,0,4.6
4,Sanghyang Heuleut,Cagar Alam,Bandung,10000,4.4
5,Pasar Petak Sembilan,Pusat Perbelanjaan,Jakarta,0,4.4
5,Klenteng Jin De Yuan,Tempat Ibadah,Jakarta,0,4.5
4,Taman Bungkul,Taman Hiburan,Surabaya,0,4.6
5,Pelabuhan Marina,Bahari,Jakarta,175000,4.4
3,Kebun Teh Nglinggo,Cagar Alam,Yogyakarta,6000,4.5
5,Desa Wisata Kelor,Taman Hiburan,Yogyakarta,0,4.4
3,Taman Mini Indonesia Indah (TMII),Taman Hiburan,Jakarta,10000,4.5
3,Tugu Proklamasi,Budaya,Jakarta,0,4.6
2,Hutan Pinus Asri,Cagar Alam,Yogyakarta,2500,4.5
5,Taman Kunang-Kunang,Taman Hiburan,Surabaya,0,4.4
2,Flower Farm Setiya Aji,Cagar Alam,Semarang,7500,4.1
3,Taman Ekspresi Dan Perpustakaan,Taman Hiburan,Surabaya,0,4.5
2,Lereng Anteng Panoramic Coffee Place,Cagar Alam,Bandung,50000,4.4
4,Seribu Batu Songgo Langit,Cagar Alam,Yogyakarta,2000,4.6
2,Sea World,Taman Hiburan,Jakarta,115000,4.5
4,Jembatan Pasupati,Taman Hiburan,Bandung,0,4.6
2,Pantai Samas,Bahari,Yogyakarta,4000,4.0
4,Indonesia Kaya Park,Taman Hiburan,Semarang,0,4.6
3,Tugu Muda Semarang,Budaya,Semarang,0,4.7
3,Kampoeng Rawa,Cagar Alam,Semarang,3000,4.5
4,Museum Mpu Tantular,Budaya,Surabaya,2000,4.4
3,Surabaya Museum (Gedung Siola),Budaya,Surabaya,0,4.5
3,Candi Gedong Songo,Budaya,Semarang,10000,4.5
3,Monumen Sanapati,Budaya,Yogyakarta,15000,4.3
2,Chingu Cafe Little Seoul,Taman Hiburan,Bandung,50000,4.5
2,Pura Giri Natha,Budaya,Semarang,20000,4.7
2,Tebing Karaton,Cagar Alam,Bandung,15000,4.5
3,Goa Pindul,Cagar Alam,Yogyakarta,40000,4.5
3,Caringin Tilu,Cagar Alam,Bandung,0,4.4
2,Nol Kilometer Jl.Malioboro,Taman Hiburan,Yogyakarta,0,4.7
5,Museum Sasmita Loka Ahmad Yani,Budaya,Jakarta,2000,4.7
4,Monumen Batik Yogyakarta,Budaya,Yogyakarta,40000,4.5
5,Kebun Teh Nglinggo,Cagar Alam,Yogyakarta,6000,4.5
2,Monumen Bandung Lautan Api,Budaya,Bandung,0,4.3
5,Kampung Korea Bandung,Budaya,Bandung,15000,4.1
5,Indonesia Kaya Park,Taman Hiburan,Semarang,0,4.6
5,Jurang Tembelan Kanigoro,Taman Hiburan,Yogyakarta,2500,4.5
2,Taman Bunga Celosia,Cagar Alam,Semarang,25000,4.3
4,Candi Prambanan,Budaya,Yogyakarta,50000,4.7
4,Kampung Batik Gedong Semarang,Budaya,Semarang,0,4.4
5,Taman Buah Surabaya,Taman Hiburan,Surabaya,0,4.1
5,Museum Benteng Vredeburg Yogyakarta,Budaya,Yogyakarta,3000,4.6
2,Lava Bantal,Budaya,Yogyakarta,5000,4.4
2,Taman Harmoni Keputih,Cagar Alam,Surabaya,0,4.4
3,Gunung Lalakon,Cagar Alam,Bandung,0,4.8
2,Ciputra Waterpark,Taman Hiburan,Surabaya,95000,4.3
5,Dago Dreampark,Taman Hiburan,Bandung,40000,4.2
4,Goa Rong,Cagar Alam,Semarang,5000,4.3
5,Museum Barli,Budaya,Bandung,15000,4.4
3,Bumi Perkemahan Batu Kuda,Cagar Alam,Bandung,7500,4.5
3,Gedung Sate,Budaya,Bandung,5000,4.6
5,Pantai Goa Cemara,Bahari,Yogyakarta,4000,4.3
5,Air Terjun Sri Gethuk,Cagar Alam,Yogyakarta,15000,4.4
4,Semarang Chinatown,Budaya,Semarang,30000,4.5
5,Jogja Bay Pirates Adventure Waterpark,Taman Hiburan,Yogyakarta,150000,4.4
4,Bukit Lintang Sewu,Taman Hiburan,Yogyakarta,2000,4.5
4,Masjid Al-Imtizaj,Tempat Ibadah,Bandung,0,4.7
3,Batununggal Indah Club,Taman Hiburan,Bandung,70000,4.4
5,Panghegar Waterboom Bandung,Taman Hiburan,Bandung,75000,4.3
4,Kampung Wisata Kadipaten,Budaya,Yogyakarta,0,4.4
4,Museum Benteng Vredeburg Yogyakarta,Budaya,Yogyakarta,3000,4.6
3,Goa Rancang Kencono,Cagar Alam,Yogyakarta,5000,4.3
2,Pulau Pramuka,Bahari,Jakarta,5000,4.2
5,La Kana Chapel,Taman Hiburan,Semarang,35000,4.5
4,Jogja Bay Pirates Adventure Waterpark,Taman Hiburan,Yogyakarta,150000,4.4
4,Kiara Artha Park,Taman Hiburan,Bandung,15000,4.4
3,Wisata Alam Mangrove Angke,Cagar Alam,Jakarta,25000,4.3
4,Gunung Lalakon,Cagar Alam,Bandung,0,4.8
4,Museum Pendidikan Nasional,Budaya,Bandung,5000,4.6
5,Kampung Batik Gedong Semarang,Budaya,Semarang,0,4.4
5,Taman Hutan Tebet,Taman Hiburan,Jakarta,0,4.4
3,Taman Hutan Tebet,Taman Hiburan,Jakarta,0,4.4
5,Pantai Pok Tunggal,Bahari,Yogyakarta,10000,4.5
3,Lereng Anteng Panoramic Coffee Place,Cagar Alam,Bandung,50000,4.4
2,Museum Pendidikan Nasional,Budaya,Bandung,5000,4.6
5,Bukit Jamur,Cagar Alam,Bandung,0,4.2
4,Sungai Palayangan,Cagar Alam,Bandung,150000,4.6
5,Taman Pelangi Yogyakarta,Taman Hiburan,Yogyakarta,15000,4.3
4,Gua Belanda,Cagar Alam,Bandung,15000,4.4
2,Jakarta Aquarium dan Safari,Taman Hiburan,Jakarta,185000,4.6
3,Pantai Nglambor,Bahari,Yogyakarta,10000,4.4
2,Sungai Palayangan,Cagar Alam,Bandung,150000,4.6
5,Taman Prestasi,Taman Hiburan,Surabaya,0,4.6
5,Seribu Batu Songgo Langit,Cagar Alam,Yogyakarta,2000,4.6
3,Curug Cipanas,Cagar Alam,Bandung,20000,3.9
5,Pasar Tanah Abang,Pusat Perbelanjaan,Jakarta,0,4.0
2,Taman Pelangi Yogyakarta,Taman Hiburan,Yogyakarta,15000,4.3
3,Studio Alam Gamplong,Taman Hiburan,Yogyakarta,10000,4.4
2,Kampoeng Rawa,Cagar Alam,Semarang,3000,4.5
5,Pintoe Langit Dahromo,Cagar Alam,Yogyakarta,2500,4.4
4,Panama Park 825,Taman Hiburan,Bandung,50000,4.4
2,Pantai Ancol,Bahari,Jakarta,25000,4.4
3,Taman Menteng,Taman Hiburan,Jakarta,0,4.5
3,Gunung Manglayang,Cagar Alam,Bandung,7500,4.5
4,Taman Film,Budaya,Bandung,0,4.3
3,Food Junction Grand Pakuwon,Pusat Perbelanjaan,Surabaya,0,4.5
4,Pantai Ngrenehan,Bahari,Yogyakarta,3000,4.4
4,Kebun Bibit Wonorejo,Cagar Alam,Surabaya,0,4.4
4,Klenteng Jin De Yuan,Tempat Ibadah,Jakarta,0,4.5
5,Curug Tilu Leuwi Opat,Cagar Alam,Bandung,10000,4.4
2,Taman Menteng,Taman Hiburan,Jakarta,0,4.5
4,Taman Bunga Cihideung,Cagar Alam,Bandung,0,4.1
4,Klenteng Sanggar Agung,Budaya,Surabaya,10000,4.5
4,Situ Cileunca,Cagar Alam,Bandung,2500,4.4
3,Wisata Kaliurang,Cagar Alam,Yogyakarta,8000,4.4
3,GunungTangkuban perahu,Cagar Alam,Bandung,30000,4.5
5,Wisata Agro Edukatif Istana Susu Cibugary,Taman Hiburan,Jakarta,35000,4.5
3,Gereja Katedral Santo Petrus Bandung,Tempat Ibadah,Bandung,0,4.8
3,Curug Dago,Cagar Alam,Bandung,12000,4.0
3,Taman Barunawati,Taman Hiburan,Surabaya,0,4.2
4,Selasar Sunaryo Art Space,Taman Hiburan,Bandung,25000,4.6
4,Museum Mandala Wangsit Siliwangi,Budaya,Bandung,0,4.4
4,Kyotoku Floating Market,Budaya,Bandung,175000,4.5
4,Pantai Sadranan,Bahari,Yogyakarta,10000,4.6
3,Taman Agrowisata Cilangkap,Taman Hiburan,Jakarta,0,4.2
5,Surabaya Museum (Gedung Siola),Budaya,Surabaya,0,4.5
4,Keraton Surabaya,Budaya,Surabaya,0,4.4
5,Jembatan Biru Ambarawa,Taman Hiburan,Semarang,0,4.2
4,Gunung Papandayan,Cagar Alam,Bandung,30000,4.6
5,Desa Wisata Sungai Code Jogja Kota,Taman Hiburan,Yogyakarta,0,5.0
5,Gunung Papandayan,Cagar Alam,Bandung,30000,4.6
2,Desa Wisata Pulesari,Taman Hiburan,Yogyakarta,0,4.4
5,Orchid Forest Cikole,Taman Hiburan,Bandung,50000,4.6
5,Hutan Wisata Tinjomoyo Semarang,Cagar Alam,Semarang,3000,4.3
3,Desa Wisata Rumah Domes/Teletubbies,Taman Hiburan,Yogyakarta,5000,4.1
4,Skyrink - Mall Taman Anggrek,Taman Hiburan,Jakarta,110000,4.5
5,Pantai Timang,Bahari,Yogyakarta,10000,4.7
2,Pulau Pari,Bahari,Jakarta,150000,4.0
5,Desa Wisata Gamplong,Taman Hiburan,Yogyakarta,10000,4.4
4,Gereja Tiberias Indonesia Bandung,Tempat Ibadah,Bandung,0,4.9
4,Taman Balai Kota Bandung,Taman Hiburan,Bandung,0,4.6
3,Pantai Marina,Bahari,Semarang,3000,4.1
3,Museum Seni Rupa dan Kramik,Budaya,Jakarta,5000,4.4
5,Kampung Wisata Taman Sari,Taman Hiburan,Yogyakarta,5000,4.6
5,Gereja Tiberias Indonesia Bandung,Tempat Ibadah,Bandung,0,4.9
4,SnowBay Waterpark,Taman Hiburan,Jakarta,180000,4.3
5,Museum Kebangkitan Nasional,Budaya,Jakarta,2000,4.7
5,Desa Wisata Tembi,Taman Hiburan,Yogyakarta,50000,4.5
3,Sudut Pandang Bandung,Taman Hiburan,Bandung,50000,4.6
3,Amazing Art World,Budaya,Bandung,75000,4.5
3,Pasar Baru,Pusat Perbelanjaan,Bandung,0,4.3
3,Surabaya North Quay,Taman Hiburan,Surabaya,50000,4.4
4,Stone Garden Citatah,Taman Hiburan,Bandung,30000,4.4
3,Pantai Jungwok,Bahari,Yogyakarta,5000,4.6
3,Sam Poo Kong Temple,Budaya,Semarang,35000,4.5
2,Taman Hutan Tebet,Taman Hiburan,Jakarta,0,4.4
2,Gereja Katedral,Tempat Ibadah,Jakarta,0,4.8
5,Margasatwa Muara Angke,Cagar Alam,Jakarta,25000,4.2
4,Grand Indonesia Mall,Pusat Perbelanjaan,Jakarta,0,4.7
2,Kawasan Punclut,Taman Hiburan,Bandung,20000,4.4
3,Atlantis Land Surabaya,Taman Hiburan,Surabaya,125000,4.4
3,Bangsal Pagelaran,Budaya,Yogyakarta,5000,4.6
5,Bumi Perkemahan Cibubur,Taman Hiburan,Jakarta,10000,4.5
2,Hutan Pinus Pengger,Taman Hiburan,Yogyakarta,3000,4.5
4,Hutan Wisata Tinjomoyo Semarang,Cagar Alam,Semarang,3000,4.3
2,Wisata Kaliurang,Cagar Alam,Yogyakarta,8000,4.4
4,Monumen Yogya Kembali,Budaya,Yogyakarta,15000,4.5
3,Museum Bahari Jakarta,Budaya,Jakarta,2000,4.4
4,Umbul Sidomukti,Cagar Alam,Semarang,75000,4.6
2,Museum Satria Mandala,Budaya,Jakarta,5000,4.5
4,Pantai Glagah,Bahari,Yogyakarta,5000,4.4
2,Jembatan Biru Ambarawa,Taman Hiburan,Semarang,0,4.2
2,Goa Cerme,Cagar Alam,Yogyakarta,3000,4.4
5,Taman Impian Jaya Ancol,Taman Hiburan,Jakarta,25000,4.5
2,Wisata Kraton Jogja,Budaya,Yogyakarta,7000,4.7
3,Pulau Bidadari,Bahari,Jakarta,5000,4.6
3,Blue Lagoon Jogja,Taman Hiburan,Yogyakarta,10000,4.3
2,Taman Impian Jaya Ancol,Taman Hiburan,Jakarta,25000,4.5
2,Taman Balai Kota Bandung,Taman Hiburan,Bandung,0,4.6
3,House of Sampoerna,Budaya,Surabaya,0,4.6
3,Pantai Wediombo,Bahari,Yogyakarta,5000,4.5
3,Taman Balai Kota Bandung,Taman Hiburan,Bandung,0,4.6
5,Galeri Indonesia Kaya,Budaya,Jakarta,0,4.8
5,Monumen Palagan Ambarawa,Budaya,Semarang,7500,4.4
5,Sumur Gumuling,Taman Hiburan,Yogyakarta,7000,4.5
4,Kawasan Punclut,Taman Hiburan,Bandung,20000,4.4
4,Babakan Siliwangi City Forest Path Bandung,Cagar Alam,Bandung,0,4.6
5,Waterboom PIK (Pantai Indah Kapuk),Taman Hiburan,Jakarta,300000,4.4
5,Lereng Anteng Panoramic Coffee Place,Cagar Alam,Bandung,50000,4.4
4,Pulau Semak Daun,Bahari,Jakarta,40000,4.0
2,Museum Basoeki Abdullah,Budaya,Jakarta,1000,4.6
5,Galaxy Waterpark Jogja,Taman Hiburan,Yogyakarta,40000,4.3
4,Puncak Gunung Api Purba - Nglanggeran,Cagar Alam,Yogyakarta,10000,4.7
2,Bunker Kaliadem Merapi,Cagar Alam,Yogyakarta,3000,4.5
5,Taman Hutan Raya Ir. H. Juanda,Cagar Alam,Bandung,11000,4.5
5,Pantai Ngrawe (Mesra),Bahari,Yogyakarta,10000,4.5
5,Cibubur Garden Diary (Cibugary),Cagar Alam,Jakarta,50000,4.5
3,Masjid Pusdai,Tempat Ibadah,Bandung,0,4.7
5,SnowBay Waterpark,Taman Hiburan,Jakarta,180000,4.3
5,Taman Menteng,Taman Hiburan,Jakarta,0,4.5
3,Kampung Cina,Budaya,Jakarta,15000,4.5
3,Sea World,Taman Hiburan,Jakarta,115000,4.5
5,Monumen Batik Yogyakarta,Budaya,Yogyakarta,40000,4.5
2,Gumuk Pasir Parangkusumo,Taman Hiburan,Yogyakarta,0,4.5
5,Taman Badak,Taman Hiburan,Bandung,0,4.5
4,Museum Satria Mandala,Budaya,Jakarta,5000,4.5
2,Taman Buah Surabaya,Taman Hiburan,Surabaya,0,4.1
5,Wisata Eling Bening,Cagar Alam,Semarang,25000,4.3
4,Monumen Jalesveva Jayamahe,Budaya,Surabaya,0,4.6
5,Trans Studio Bandung,Taman Hiburan,Bandung,280000,4.5
2,Museum Taman Prasasti,Budaya,Jakarta,2000,4.5
5,The Lost World Castle,Taman Hiburan,Yogyakarta,30000,4.3
5,Pantai Ancol,Bahari,Jakarta,25000,4.4
2,Batununggal Indah Club,Taman Hiburan,Bandung,70000,4.4
2,Pantai Drini,Bahari,Yogyakarta,10000,4.5
3,Pantai Pulang Sawal,Bahari,Yogyakarta,10000,4.5
2,Pantai Parangtritis,Bahari,Yogyakarta,10000,4.5
2,Kebun Bibit Wonorejo,Cagar Alam,Surabaya,0,4.4
4,Watu Mabur Mangunan,Cagar Alam,Yogyakarta,2500,4.5
2,Goa Pindul,Cagar Alam,Yogyakarta,40000,4.5
5,Ledok Sambi,Cagar Alam,Yogyakarta,0,4.6
4,Jendela Alam,Taman Hiburan,Bandung,20000,4.4
3,Saung Angklung Mang Udjo,Budaya,Bandung,75000,4.7
2,Museum Benteng Vredeburg Yogyakarta,Budaya,Yogyakarta,3000,4.6
4,Museum Sonobudoyo Unit I,Budaya,Yogyakarta,5000,4.6
4,Alun-Alun Kota Bandung,Taman Hiburan,Bandung,0,4.6
5,Monumen Perjuangan Rakyat Jawa Barat,Budaya,Bandung,0,4.5
5,Semarang Chinatown,Budaya,Semarang,30000,4.5
2,Monumen Kapal Selam,Budaya,Surabaya,15000,4.4
3,Geoforest Watu Payung Turunan,Cagar Alam,Yogyakarta,0,4.5
2,Pulau Bidadari,Bahari,Jakarta,5000,4.6
5,Stone Garden Citatah,Taman Hiburan,Bandung,30000,4.4
3,Situ Cileunca,Cagar Alam,Bandung,2500,4.4
5,Upside Down World Bandung,Taman Hiburan,Bandung,100000,4.0
2,Alun Alun Selatan Yogyakarta,Taman Hiburan,Yogyakarta,0,4.6
4,Ocean Ecopark,Taman Hiburan,Jakarta,180000,4.0
3,Gunung Papandayan,Cagar Alam,Bandung,30000,4.6
2,Danau Rawa Pening,Cagar Alam,Semarang,15000,4.4
5,Pantai Nglambor,Bahari,Yogyakarta,10000,4.4
5,Taman Air Mancur Menari Kenjeran,Taman Hiburan,Surabaya,0,4.4
4,Geoforest Watu Payung Turunan,Cagar Alam,Yogyakarta,0,4.5
2,Taman Film,Budaya,Bandung,0,4.3
3,Museum Sumpah Pemuda,Budaya,Jakarta,2000,4.7
5,Situs Warungboto,Taman Hiburan,Yogyakarta,0,4.4
5,Gua Pawon,Cagar Alam,Bandung,10000,4.5
4,Wisata Eling Bening,Cagar Alam,Semarang,25000,4.3
3,Candi Ijo,Budaya,Yogyakarta,5000,4.6
3,Peta Park,Taman Hiburan,Bandung,15000,4.3
5,Taman Kasmaran,Taman Hiburan,Semarang,3000,4.5
3,Taman Air Mancur Menari Kenjeran,Taman Hiburan,Surabaya,0,4.4
5,Gereja Katedral,Tempat Ibadah,Jakarta,0,4.8
5,Waduk Jatibarang,Cagar Alam,Semarang,2500,4.3
3,Desa Wisata Lembah Kalipancur,Taman Hiburan,Semarang,0,3.9
5,Museum Pos Indonesia,Budaya,Bandung,0,4.5
4,Monumen Palagan Ambarawa,Budaya,Semarang,7500,4.4
4,Pantai Siung,Bahari,Yogyakarta,10000,4.6
3,Museum Tengah Kebun,Budaya,Jakarta,0,4.6
4,Mountain View Golf Club,Cagar Alam,Bandung,375000,4.4
3,Desa Wisata Sungai Code Jogja Kota,Taman Hiburan,Yogyakarta,0,5.0
5,Wisata Lereng Kelir,Cagar Alam,Semarang,7000,4.3
4,Heha Sky View,Taman Hiburan,Yogyakarta,15000,4.4
2,Pasar Baru,Pusat Perbelanjaan,Bandung,0,4.3
2,Glamping Lakeside Rancabali,Taman Hiburan,Bandung,30000,4.4
2,NuArt Sculpture Park,Taman Hiburan,Bandung,50000,4.7
5,Pantai Kukup,Bahari,Yogyakarta,10000,4.0
4,NuArt Sculpture Park,Taman Hiburan,Bandung,50000,4.7
5,Umbul Sidomukti,Cagar Alam,Semarang,75000,4.6
3,Lembang Park & Zoo,Cagar Alam,Bandung,50000,4.5
2,Taman Bungkul,Taman Hiburan,Surabaya,0,4.6
4,Pelabuhan Marina,Bahari,Jakarta,175000,4.4
3,Air Terjun Kali Pancur,Cagar Alam,Semarang,5000,4.1
2,Curug Cipanas,Cagar Alam,Bandung,20000,3.9
2,Ledok Sambi,Cagar Alam,Yogyakarta,0,4.6
4,Lava Bantal,Budaya,Yogyakarta,5000,4.4
3,Klenteng Sanggar Agung,Budaya,Surabaya,10000,4.5
3,Candi Borobudur,Budaya,Yogyakarta,50000,4.7
3,Wisata Alam Wana Wisata Penggaron,Cagar Alam,Semarang,10000,4.1
2,Gereja Katedral Santo Petrus Bandung,Tempat Ibadah,Bandung,0,4.8
2,Pasar Petak Sembilan,Pusat Perbelanjaan,Jakarta,0,4.4
2,Curug Anom,Cagar Alam,Bandung,0,4.6
4,Galaxy Waterpark Jogja,Taman Hiburan,Yogyakarta,40000,4.3
2,Museum Perangko,Budaya,Jakarta,5000,4.4
3,Pantai Kesirat,Bahari,Yogyakarta,5000,4.6
2,Kampoeng Tulip,Taman Hiburan,Bandung,15000,3.8
3,Taman Bungkul,Taman Hiburan,Surabaya,0,4.6
4,Curug Cipanas,Cagar Alam,Bandung,20000,3.9
4,Wisata Kraton Jogja,Budaya,Yogyakarta,7000,4.7
5,Jembatan Merah,Budaya,Surabaya,0,4.5
2,Kampung Batik Gedong Semarang,Budaya,Semarang,0,4.4
5,Taman Bunga Celosia,Cagar Alam,Semarang,25000,4.3
4,Caringin Tilu,Cagar Alam,Bandung,0,4.4
4,Taman Menteng,Taman Hiburan,Jakarta,0,4.5
4,Museum TNI AL Loka Jala Crana,Budaya,Surabaya,2000,4.5
3,Candi Prambanan,Budaya,Yogyakarta,50000,4.7
4,Panghegar Waterboom Bandung,Taman Hiburan,Bandung,75000,4.3
4,Kampung Tematik Jawi,Budaya,Semarang,0,4.5
5,Air Terjun Kedung Pedut,Cagar Alam,Yogyakarta,20000,4.5
2,Pecinan Glodok,Pusat Perbelanjaan,Jakarta,0,4.3
3,Taman Pandanaran,Taman Hiburan,Semarang,0,4.4
5,Bukit Bintang,Cagar Alam,Bandung,25000,4.6
4,Jembatan Kota Intan,Budaya,Jakarta,0,4.3
2,Sam Poo Kong Temple,Budaya,Semarang,35000,4.5
5,Kebun Bibit Wonorejo,Cagar Alam,Surabaya,0,4.4
5,Panama Park 825,Taman Hiburan,Bandung,50000,4.4
2,Kidzania,Taman Hiburan,Jakarta,185000,4.6
5,Situ Patenggang,Cagar Alam,Bandung,20000,4.5
4,Tebing Breksi,Budaya,Yogyakarta,20000,4.4
2,Bumi Perkemahan Cibubur,Taman Hiburan,Jakarta,10000,4.5
4,Wisata Batu Kuda,Cagar Alam,Bandung,10000,4.4
4,Desa Wisata Gamplong,Taman Hiburan,Yogyakarta,10000,4.4
2,Pantai Sundak,Bahari,Yogyakarta,5000,4.5
3,Pantai Sedahan,Bahari,Yogyakarta,5000,4.5
4,Ciputra Waterpark,Taman Hiburan,Surabaya,95000,4.3
5,Taman Suropati,Taman Hiburan,Jakarta,0,4.6
4,Hutan Kota Srengseng,Taman Hiburan,Jakarta,1000,4.3
4,Jembatan Merah,Budaya,Surabaya,0,4.5
4,Masjid Salman ITB,Tempat Ibadah,Bandung,0,4.8
3,Bandros City Tour,Budaya,Bandung,40000,4.4
2,Dunia Fantasi,Taman Hiburan,Jakarta,270000,4.6
4,Taman Situ Lembang,Taman Hiburan,Jakarta,0,4.5
3,Kota Tua,Budaya,Jakarta,0,4.6
4,Sea World,Taman Hiburan,Jakarta,115000,4.5
2,Setu Babakan,Budaya,Jakarta,0,4.4
2,Perpustakaan Nasional,Budaya,Jakarta,0,4.7
2,Pemandian Air Panas Ciater,Cagar Alam,Bandung,15000,4.3
4,Pantai Congot,Bahari,Yogyakarta,3000,4.3
3,Nol Kilometer Jl.Malioboro,Taman Hiburan,Yogyakarta,0,4.7
3,Taman Buah Surabaya,Taman Hiburan,Surabaya,0,4.1
4,Masjid Agung Trans Studio Bandung,Tempat Ibadah,Bandung,0,4.8
4,Taman Buah Surabaya,Taman Hiburan,Surabaya,0,4.1
2,Wot Batu,Cagar Alam,Bandung,50000,4.7
3,Perkebunan Teh Malabar,Cagar Alam,Bandung,5000,4.4
4,Curug Aseupan,Cagar Alam,Bandung,10000,4.7
2,Indonesia Kaya Park,Taman Hiburan,Semarang,0,4.6
3,Monumen Batik Yogyakarta,Budaya,Yogyakarta,40000,4.5
2,Rainbow Garden,Cagar Alam,Bandung,20000,4.6
5,Plaza Indonesia,Pusat Perbelanjaan,Jakarta,0,4.7
4,Galeri Indonesia Kaya,Budaya,Jakarta,0,4.8
3,Kota Lama Semarang,Budaya,Semarang,0,4.7
4,Cibubur Garden Diary (Cibugary),Cagar Alam,Jakarta,50000,4.5
5,Hutan Mangrove Kulon Progo,Bahari,Yogyakarta,5000,4.1
4,Taman Agrowisata Cilangkap,Taman Hiburan,Jakarta,0,4.2
5,Museum Gunung Merapi,Budaya,Yogyakarta,10000,4.4
2,Pantai Jungwok,Bahari,Yogyakarta,5000,4.6
4,Museum Pos Indonesia,Budaya,Bandung,0,4.5
3,Ocean Ecopark,Taman Hiburan,Jakarta,180000,4.0
4,Museum Joang 45,Budaya,Jakarta,2000,4.0
2,Masjid Nasional Al-Akbar,Tempat Ibadah,Surabaya,0,4.9
4,Bentara Budaya Yogyakarta (BBY),Budaya,Yogyakarta,0,4.5
5,Kampung Wisata Sosro Menduran,Budaya,Yogyakarta,0,4.0
4,Wisata Alam Wana Wisata Penggaron,Cagar Alam,Semarang,10000,4.1
3,Taman Budaya Jawa Barat,Budaya,Bandung,0,4.3
2,Museum TNI AL Loka Jala Crana,Budaya,Surabaya,2000,4.5
3,Pantai Krakal,Bahari,Yogyakarta,10000,4.5
2,Balai Kota Surabaya,Budaya,Surabaya,0,4.7
3,Pantai Sepanjang,Bahari,Yogyakarta,10000,4.4
5,Pantai Kesirat,Bahari,Yogyakarta,5000,4.6
2,Gedung Agung Yogyakarta,Budaya,Yogyakarta,0,4.6
4,Puncak Pinus Becici,Taman Hiburan,Yogyakarta,3000,4.5
3,Taman Pelangi,Taman Hiburan,Surabaya,0,4.5
5,Gua Belanda,Cagar Alam,Bandung,15000,4.4
2,Ciwangun Indah Camp Official,Cagar Alam,Bandung,10000,4.3
5,Pantai Wediombo,Bahari,Yogyakarta,5000,4.5
2,Museum Sri Baduga,Budaya,Bandung,3000,4.5
3,Desa Wisata Tembi,Taman Hiburan,Yogyakarta,50000,4.5
3,Bukit Bintang Yogyakarta,Taman Hiburan,Yogyakarta,25000,4.5
2,Museum Seni Rupa dan Kramik,Budaya,Jakarta,5000,4.4
3,Pantai Timang,Bahari,Yogyakarta,10000,4.7
4,Taman Miniatur Kereta Api,Taman Hiburan,Bandung,15000,4.4
4,Museum Sepuluh Nopember Kota Surabaya,Budaya,Surabaya,5000,4.7
2,Kawasan Kuliner BSM,Pusat Perbelanjaan,Jakarta,0,4.6
2,Hutan Bambu Keputih,Cagar Alam,Surabaya,0,4.3
4,Pantai Jogan,Bahari,Yogyakarta,5000,4.4
5,Pasar Taman Puring,Pusat Perbelanjaan,Jakarta,0,4.4
3,Museum Nike Ardilla,Budaya,Bandung,0,4.6
3,Kiara Artha Park,Taman Hiburan,Bandung,15000,4.4
2,Galaxy Waterpark Jogja,Taman Hiburan,Yogyakarta,40000,4.3
3,Pantai Ancol,Bahari,Jakarta,25000,4.4
3,Pelabuhan Marina,Bahari,Jakarta,175000,4.4
5,Istana Negara Republik Indonesia,Budaya,Jakarta,0,4.6
4,Green Village Gedangsari,Taman Hiburan,Yogyakarta,2000,4.2
3,Jalan Braga,Budaya,Bandung,0,4.7
5,Candi Borobudur,Budaya,Yogyakarta,50000,4.7
3,Kyotoku Floating Market,Budaya,Bandung,175000,4.5
4,Kauman Pakualaman Yogyakarta,Budaya,Yogyakarta,0,5.0
4,Taman Mundu,Taman Hiburan,Surabaya,0,4.4
5,Kampoeng Tulip,Taman Hiburan,Bandung,15000,3.8
3,Curug Cimahi,Cagar Alam,Bandung,15000,4.6
5,Blue Lagoon Jogja,Taman Hiburan,Yogyakarta,10000,4.3
5,Pantai Congot,Bahari,Yogyakarta,3000,4.3
4,Kota Mini,Taman Hiburan,Bandung,20000,4.4
5,Balai Kota Surabaya,Budaya,Surabaya,0,4.7
3,Desa Wisata Kelor,Taman Hiburan,Yogyakarta,0,4.4
4,Atlantis Land Surabaya,Taman Hiburan,Surabaya,125000,4.4
3,Taman Harmoni Keputih,Cagar Alam,Surabaya,0,4.4
4,Kampoeng Kopi Banaran,Taman Hiburan,Semarang,200000,4.3
5,Pantai Jungwok,Bahari,Yogyakarta,5000,4.6
3,Air Terjun Sri Gethuk,Cagar Alam,Yogyakarta,15000,4.4
2,Gedung Sate,Budaya,Bandung,5000,4.6
3,Mall Thamrin City,Pusat Perbelanjaan,Jakarta,0,4.4
2,Pelabuhan Marina,Bahari,Jakarta,175000,4.4
3,Hutan Pinus Kayon,Cagar Alam,Semarang,6000,4.4
5,Alun-Alun Kota Bandung,Taman Hiburan,Bandung,0,4.6
3,Grojogan Watu Purbo Bangunrejo,Taman Hiburan,Yogyakarta,10000,4.5
3,Masjid Daarut Tauhiid Bandung,Tempat Ibadah,Bandung,0,4.9
2,Kampung Wisata Taman Sari,Taman Hiburan,Yogyakarta,5000,4.6
3,Museum Wayang,Budaya,Jakarta,5000,4.5
2,Air Terjun Sri Gethuk,Cagar Alam,Yogyakarta,15000,4.4
4,Candi Gedong Songo,Budaya,Semarang,10000,4.5
4,Embung Tambakboyo,Taman Hiburan,Yogyakarta,0,4.4
2,Kenjeran Park,Taman Hiburan,Surabaya,35000,4.2
3,Alive Museum Ancol,Taman Hiburan,Jakarta,200000,4.3
5,Masjid Pusdai,Tempat Ibadah,Bandung,0,4.7
4,Waterpark Kenjeran Surabaya,Taman Hiburan,Surabaya,35000,4.1
3,Masjid Istiqlal,Tempat Ibadah,Jakarta,0,4.7
2,Air Terjun Kali Pancur,Cagar Alam,Semarang,5000,4.1
5,Taman Miniatur Kereta Api,Taman Hiburan,Bandung,15000,4.4
3,Waterpark Kenjeran Surabaya,Taman Hiburan,Surabaya,35000,4.1
2,Watu Mabur Mangunan,Cagar Alam,Yogyakarta,2500,4.5
4,Lembang Park & Zoo,Cagar Alam,Bandung,50000,4.5
5,Kota Lama Semarang,Budaya,Semarang,0,4.7
4,Hutan Pinus Asri,Cagar Alam,Yogyakarta,2500,4.5
2,Desa Wisata Rumah Domes/Teletubbies,Taman Hiburan,Yogyakarta,5000,4.1
2,Wisata Mangrove Tapak,Cagar Alam,Semarang,5000,4.3
3,Indonesia Kaya Park,Taman Hiburan,Semarang,0,4.6
3,Pulau Semak Daun,Bahari,Jakarta,40000,4.0
3,Kawasan Kuliner BSM,Pusat Perbelanjaan,Jakarta,0,4.6
2,Kampung Wisata Kadipaten,Budaya,Yogyakarta,0,4.4
5,Museum TNI AL Loka Jala Crana,Budaya,Surabaya,2000,4.5
4,Masjid Muhammad Cheng Hoo,Tempat Ibadah,Surabaya,0,4.7
3,Bentara Budaya Yogyakarta (BBY),Budaya,Yogyakarta,0,4.5
2,Candi Prambanan,Budaya,Yogyakarta,50000,4.7
5,Museum Kereta Ambarawa,Budaya,Semarang,10000,4.5
3,Museum Sasmita Loka Ahmad Yani,Budaya,Jakarta,2000,4.7
2,Monumen Batik Yogyakarta,Budaya,Yogyakarta,40000,4.5
4,Lawangwangi Creative Space,Taman Hiburan,Bandung,0,4.4
4,Patung Buddha Empat Rupa,Budaya,Surabaya,0,4.3
3,Pantai Sanglen,Bahari,Yogyakarta,10000,4.5
4,Pantai Parangtritis,Bahari,Yogyakarta,10000,4.5
3,Gedung Agung Yogyakarta,Budaya,Yogyakarta,0,4.6
2,Kebun Tanaman Obat Sari Alam,Cagar Alam,Bandung,0,4.9
5,Masjid Nasional Al-Akbar,Tempat Ibadah,Surabaya,0,4.9
4,Candi Ratu Boko,Budaya,Yogyakarta,75000,4.6
2,Wisata Alam Kalibiru,Cagar Alam,Yogyakarta,20000,4.4
5,Puncak Gunung Api Purba - Nglanggeran,Cagar Alam,Yogyakarta,10000,4.7
3,Curug Luhur Waterfall,Cagar Alam,Bandung,5000,4.2
2,Hutan Kota Srengseng,Taman Hiburan,Jakarta,1000,4.3
4,Taman Legenda Keong Emas,Taman Hiburan,Jakarta,30000,4.5
2,Kampung Batu Malakasari,Taman Hiburan,Bandung,10000,4.1
5,Tugu Pal Putih Jogja,Taman Hiburan,Yogyakarta,0,4.7
3,Museum Fatahillah,Budaya,Jakarta,5000,4.4
5,Museum Nasional,Budaya,Jakarta,5000,4.6
3,Kawasan Wisata Sosrowijayan,Pusat Perbelanjaan,Yogyakarta,0,4.0
3,Puncak Segoro,Cagar Alam,Yogyakarta,5000,4.2
2,Taman Air Mancur Menari Kenjeran,Taman Hiburan,Surabaya,0,4.4
4,Pura Giri Natha,Budaya,Semarang,20000,4.7
3,Kauman Pakualaman Yogyakarta,Budaya,Yogyakarta,0,5.0
3,Babakan Siliwangi City Forest Path Bandung,Cagar Alam,Bandung,0,4.6
2,Tirto Argo Siwarak,Taman Hiburan,Semarang,20000,4.4
4,Pantai Sanglen,Bahari,Yogyakarta,10000,4.5
4,Pantai Pulang Sawal,Bahari,Yogyakarta,10000,4.5
5,Monumen Yogya Kembali,Budaya,Yogyakarta,15000,4.5
3,Pantai Patihan,Bahari,Yogyakarta,5000,4.1
5,Bentara Budaya Yogyakarta (BBY),Budaya,Yogyakarta,0,4.5
2,Grand Maerakaca,Taman Hiburan,Semarang,15000,4.4
4,Museum Bank Indonesia,Budaya,Jakarta,2000,4.7
3,Masjid Raya Bandung,Tempat Ibadah,Bandung,0,4.7
4,Ledok Sambi,Cagar Alam,Yogyakarta,0,4.6
2,Desa Wisata Kelor,Taman Hiburan,Yogyakarta,0,4.4
2,Taman Mundu,Taman Hiburan,Surabaya,0,4.4
2,Wisata Kuliner Pecenongan,Pusat Perbelanjaan,Jakarta,0,5.0
4,Museum Tekstil,Budaya,Jakarta,5000,4.5
5,Bukit Bintang Yogyakarta,Taman Hiburan,Yogyakarta,25000,4.5
3,Museum Tekstil,Budaya,Jakarta,5000,4.5
3,Galeri Indonesia Kaya,Budaya,Jakarta,0,4.8
3,Pantai Samas,Bahari,Yogyakarta,4000,4.0
5,Tektona Waterpark,Taman Hiburan,Bandung,60000,3.8
4,Jalan Braga,Budaya,Bandung,0,4.7
4,Taman Lalu Lintas Ade Irma Suryani Nasution,Taman Hiburan,Bandung,7000,4.4
4,Air Terjun Sri Gethuk,Cagar Alam,Yogyakarta,15000,4.4
2,Pantai Watu Kodok,Bahari,Yogyakarta,5000,4.6
4,"Bukit Paralayang, Watugupit",Cagar Alam,Yogyakarta,5000,4.7
2,Museum Nasional,Budaya,Jakarta,5000,4.6
3,Wisata Kuliner Pecenongan,Pusat Perbelanjaan,Jakarta,0,5.0
2,Taman Suropati,Taman Hiburan,Jakarta,0,4.6
3,Museum Layang-layang,Budaya,Jakarta,10000,4.5
2,Taman Miniatur Kereta Api,Taman Hiburan,Bandung,15000,4.4
4,Gua Maria Kerep Ambarawa,Cagar Alam,Semarang,2000,4.8
3,Jembatan Biru Ambarawa,Taman Hiburan,Semarang,0,4.2
4,Tebing Karaton,Cagar Alam,Bandung,15000,4.5
4,Taman Pelangi Yogyakarta,Taman Hiburan,Yogyakarta,15000,4.3
5,Patung Buddha Empat Rupa,Budaya,Surabaya,0,4.3
2,Lawang Sewu,Budaya,Semarang,10000,4.6
5,The Lodge Maribaya,Cagar Alam,Bandung,25000,4.3
5,Pantai Drini,Bahari,Yogyakarta,10000,4.5
2,Rumah Sipitung,Budaya,Jakarta,5000,4.5
4,Ekowisata Mangrove Wonorejo,Cagar Alam,Surabaya,0,4.3
3,Sendang Geulis Kahuripan,Cagar Alam,Bandung,10000,4.3
3,Air Terjun Semirang,Cagar Alam,Semarang,9000,4.4
4,La Kana Chapel,Taman Hiburan,Semarang,35000,4.5
3,Jurang Tembelan Kanigoro,Taman Hiburan,Yogyakarta,2500,4.5
5,Kampung Pelangi,Taman Hiburan,Semarang,3000,4.3
3,Taman Kupu-Kupu Cihanjuang,Cagar Alam,Bandung,10000,4.0
4,Gua Pawon,Cagar Alam,Bandung,10000,4.5
5,Keraton Surabaya,Budaya,Surabaya,0,4.4
3,Patung Sura dan Buaya,Budaya,Surabaya,0,4.6
4,Sumur Gumuling,Taman Hiburan,Yogyakarta,7000,4.5
5,Pesona Nirwana Waterpark & Cottages,Taman Hiburan,Bandung,50000,4.1
2,GPIB Immanuel Semarang (Gereja Blenduk),Tempat Ibadah,Semarang,0,4.6
3,Jogja Bay Pirates Adventure Waterpark,Taman Hiburan,Yogyakarta,150000,4.4
3,Grand Maerakaca,Taman Hiburan,Semarang,15000,4.4
2,Taman Pintar Yogyakarta,Taman Hiburan,Yogyakarta,6000,4.5
4,Pantai Indrayanti,Bahari,Yogyakarta,10000,4.5
2,Museum Tekstil,Budaya,Jakarta,5000,4.5
4,Taman Budaya Jawa Barat,Budaya,Bandung,0,4.3
4,Roemah Seni Sarasvati,Budaya,Bandung,0,4.4
2,Pasar Seni,Pusat Perbelanjaan,Jakarta,0,4.4
5,Skyrink - Mall Taman Anggrek,Taman Hiburan,Jakarta,110000,4.5
4,Pesona Nirwana Waterpark & Cottages,Taman Hiburan,Bandung,50000,4.1
3,Monumen Palagan Ambarawa,Budaya,Semarang,7500,4.4
3,Wisata Alam Kalibiru,Cagar Alam,Yogyakarta,20000,4.4
3,Mountain View Golf Club,Cagar Alam,Bandung,375000,4.4
5,Taman Lansia,Taman Hiburan,Bandung,0,4.4
2,Kampung Wisata Dipowinatan,Budaya,Yogyakarta,220000,4.5
3,Curug Tilu Leuwi Opat,Cagar Alam,Bandung,10000,4.4
3,Gereja Tiberias Indonesia Bandung,Tempat Ibadah,Bandung,0,4.9
3,Saloka Theme Park,Taman Hiburan,Semarang,150000,4.4
5,Geoforest Watu Payung Turunan,Cagar Alam,Yogyakarta,0,4.5
3,Monumen Jalesveva Jayamahe,Budaya,Surabaya,0,4.6
3,Gembira Loka Zoo,Cagar Alam,Yogyakarta,60000,4.5
2,GunungTangkuban perahu,Cagar Alam,Bandung,30000,4.5
5,Alive Museum Ancol,Taman Hiburan,Jakarta,200000,4.3
5,Goa Rancang Kencono,Cagar Alam,Yogyakarta,5000,4.3
5,Museum Kesehatan Dr. Adhyatma,Budaya,Surabaya,10000,4.4
5,Kebun Tanaman Obat Sari Alam,Cagar Alam,Bandung,0,4.9
3,Galaxy Waterpark Jogja,Taman Hiburan,Yogyakarta,40000,4.3
5,Curug Cipanas,Cagar Alam,Bandung,20000,3.9
4,Taman Sungai Mudal,Cagar Alam,Yogyakarta,10000,4.6
5,Rumah Sipitung,Budaya,Jakarta,5000,4.5
4,Pasar Kebon Empring Bintaran,Pusat Perbelanjaan,Yogyakarta,0,4.4
5,Alun-alun Utara Keraton Yogyakarta,Budaya,Yogyakarta,0,4.6
4,Pantai Nglambor,Bahari,Yogyakarta,10000,4.4
4,Pemandian Air Panas Ciater,Cagar Alam,Bandung,15000,4.3
5,Pantai Sundak,Bahari,Yogyakarta,5000,4.5
3,Hutan Kota Srengseng,Taman Hiburan,Jakarta,1000,4.3
4,Curug Malela,Cagar Alam,Bandung,10000,4.4
2,Jembatan Pasupati,Taman Hiburan,Bandung,0,4.6
4,Hutan Pinus Kayon,Cagar Alam,Semarang,6000,4.4
3,The Lodge Maribaya,Cagar Alam,Bandung,25000,4.3
3,Taman Ismail Marzuki,Budaya,Jakarta,5000,4.6
5,Kampung Wisata Rejowinangun,Budaya,Yogyakarta,0,4.3
2,Mall Thamrin City,Pusat Perbelanjaan,Jakarta,0,4.4
2,Pasar Beringharjo,Pusat Perbelanjaan,Yogyakarta,0,4.5
3,Lawang Sewu,Budaya,Semarang,10000,4.6
2,Museum Geologi Bandung,Budaya,Bandung,2000,4.6
2,Kebun Binatang Surabaya,Cagar Alam,Surabaya,15000,4.3
5,Brown Canyon,Cagar Alam,Semarang,0,4.2
4,Durian Gardens and Tourism Education Watu Simbar,Cagar Alam,Semarang,5000,4.1
5,Jalan Braga,Budaya,Bandung,0,4.7
2,Curug Batu Templek,Cagar Alam,Bandung,5000,4.1
2,Desa Wisata Sungai Code Jogja Kota,Taman Hiburan,Yogyakarta,0,5.0
4,Museum Geologi Bandung,Budaya,Bandung,2000,4.6
2,Kota Mini,Taman Hiburan,Bandung,20000,4.4
4,Desa Wisata Sungai Code Jogja Kota,Taman Hiburan,Yogyakarta,0,5.0
3,Pantai Pok Tunggal,Bahari,Yogyakarta,10000,4.5
3,Hutan Mangrove Kulon Progo,Bahari,Yogyakarta,5000,4.1
4,Perpustakaan Nasional,Budaya,Jakarta,0,4.7
5,Mountain View Golf Club,Cagar Alam,Bandung,375000,4.4
2,Pantai Pok Tunggal,Bahari,Yogyakarta,10000,4.5
4,Pantai Marina,Bahari,Semarang,3000,4.1
5,Watu Mabur Mangunan,Cagar Alam,Yogyakarta,2500,4.5
5,Taman Pelangi,Taman Hiburan,Surabaya,0,4.5
4,Museum Tengah Kebun,Budaya,Jakarta,0,4.6
4,Alun Alun Selatan Yogyakarta,Taman Hiburan,Yogyakarta,0,4.6
4,Masjid Kapal Semarang,Tempat Ibadah,Semarang,0,4.1
2,Wisata Agro Edukatif Istana Susu Cibugary,Taman Hiburan,Jakarta,35000,4.5
5,Taman Srigunting,Taman Hiburan,Semarang,0,4.7
2,Masjid Salman ITB,Tempat Ibadah,Bandung,0,4.8
4,Taman Keputran,Taman Hiburan,Surabaya,0,4.3
2,Green Village Gedangsari,Taman Hiburan,Yogyakarta,2000,4.2
3,Taman Bunga Celosia,Cagar Alam,Semarang,25000,4.3
5,Watu Lumbung,Cagar Alam,Yogyakarta,5000,4.3
5,Jembatan Pasupati,Taman Hiburan,Bandung,0,4.6
5,Nol Kilometer Jl.Malioboro,Taman Hiburan,Yogyakarta,0,4.7
4,Pantai Samas,Bahari,Yogyakarta,4000,4.0
5,Roemah Seni Sarasvati,Budaya,Bandung,0,4.4
3,Water Blaster Bukit Candi Golf,Taman Hiburan,Semarang,80000,4.2
5,Taman Hutan Raya Ir. H. Djuanda,Cagar Alam,Bandung,15000,4.5
3,Kampung Wisata Taman Sari,Taman Hiburan,Yogyakarta,5000,4.6
5,Monumen Serangan Umum 1 Maret,Taman Hiburan,Yogyakarta,3000,4.6
4,Bumi Perkemahan Batu Kuda,Cagar Alam,Bandung,7500,4.5
4,Pantai Timang,Bahari,Yogyakarta,10000,4.7
2,Pantai Kesirat,Bahari,Yogyakarta,5000,4.6
4,Museum Sri Baduga,Budaya,Bandung,3000,4.5
5,Goa Jomblang,Cagar Alam,Yogyakarta,500000,4.6
2,The Lost World Castle,Taman Hiburan,Yogyakarta,30000,4.3
4,Istana Negara Republik Indonesia,Budaya,Jakarta,0,4.6
5,Galeri Nasional Indonesia,Budaya,Jakarta,0,4.6
3,Pasar Beringharjo,Pusat Perbelanjaan,Yogyakarta,0,4.5
4,Museum Bahari Jakarta,Budaya,Jakarta,2000,4.4
3,Setu Babakan,Budaya,Jakarta,0,4.4
2,Water Park Bandung Indah,Taman Hiburan,Bandung,50000,4.0
5,Food Junction Grand Pakuwon,Pusat Perbelanjaan,Surabaya,0,4.5
4,Taman Kunang-Kunang,Taman Hiburan,Surabaya,0,4.4
2,Gunung Lalakon,Cagar Alam,Bandung,0,4.8
4,Air Terjun Semirang,Cagar Alam,Semarang,9000,4.4
3,Kidzania,Taman Hiburan,Jakarta,185000,4.6
2,Kauman Pakualaman Yogyakarta,Budaya,Yogyakarta,0,5.0
3,Taman Legenda Keong Emas,Taman Hiburan,Jakarta,30000,4.5
3,Kampung Wisata Rejowinangun,Budaya,Yogyakarta,0,4.3
2,Caringin Tilu,Cagar Alam,Bandung,0,4.4
2,Taman Budaya Jawa Barat,Budaya,Bandung,0,4.3
3,Kebun Tanaman Obat Sari Alam,Cagar Alam,Bandung,0,4.9
4,Pintoe Langit Dahromo,Cagar Alam,Yogyakarta,2500,4.4
2,Museum Kereta Ambarawa,Budaya,Semarang,10000,4.5
5,Pantai Watu Kodok,Bahari,Yogyakarta,5000,4.6
2,Kota Tua,Budaya,Jakarta,0,4.6
4,Taman Hiburan Rakyat,Taman Hiburan,Surabaya,5000,4.2
2,Heha Sky View,Taman Hiburan,Yogyakarta,15000,4.4
5,Pantai Ngrenehan,Bahari,Yogyakarta,3000,4.4
3,Jakarta Aquarium dan Safari,Taman Hiburan,Jakarta,185000,4.6
2,Bukit Panguk Kediwung,Budaya,Yogyakarta,250000,4.5
2,Alive Museum Ancol,Taman Hiburan,Jakarta,200000,4.3
4,Farm House Susu Lembang,Taman Hiburan,Bandung,30000,4.4
4,Hutan Bambu Keputih,Cagar Alam,Surabaya,0,4.3
2,Pantai Indrayanti,Bahari,Yogyakarta,10000,4.5
4,Kebun Tanaman Obat Sari Alam,Cagar Alam,Bandung,0,4.9
5,Taman Begonia,Cagar Alam,Bandung,10000,4.4
5,Pantai Baron,Bahari,Yogyakarta,10000,4.4
5,Curug Cilengkrang,Cagar Alam,Bandung,7500,4.0
2,Panghegar Waterboom Bandung,Taman Hiburan,Bandung,75000,4.3
5,Taman Balai Kota Bandung,Taman Hiburan,Bandung,0,4.6
2,Peta Park,Taman Hiburan,Bandung,15000,4.3
5,Museum Sonobudoyo Unit I,Budaya,Yogyakarta,5000,4.6
4,Jembatan Biru Ambarawa,Taman Hiburan,Semarang,0,4.2
5,Kawasan Kuliner BSM,Pusat Perbelanjaan,Jakarta,0,4.6
5,The Great Asia Africa,Taman Hiburan,Bandung,50000,4.4
3,The Escape Hunt,Taman Hiburan,Jakarta,70000,4.4
5,Pantai Parangtritis,Bahari,Yogyakarta,10000,4.5
2,Kampung Wisata Sosro Menduran,Budaya,Yogyakarta,0,4.0
2,Happyfarm Ciwidey,Cagar Alam,Bandung,15000,4.2
3,Gua Pawon,Cagar Alam,Bandung,10000,4.5
3,Candi Donotirto,Budaya,Yogyakarta,0,4.4
3,Bukit Gantole Cililin,Cagar Alam,Bandung,0,4.4
5,Bangsal Pagelaran,Budaya,Yogyakarta,5000,4.6
3,Keraton Yogyakarta,Budaya,Yogyakarta,15000,4.6
2,Taman Lansia,Taman Hiburan,Bandung,0,4.4
2,Kampoeng Djadhoel Semarang,Budaya,Semarang,10000,4.7
2,Monumen Serangan Umum 1 Maret,Taman Hiburan,Yogyakarta,3000,4.6
5,Sanghyang Heuleut,Cagar Alam,Bandung,10000,4.4
5,Hutan Pinus Kayon,Cagar Alam,Semarang,6000,4.4
2,Studio Alam Gamplong,Taman Hiburan,Yogyakarta,10000,4.4
3,Museum Macan (Modern and Contemporary Art in Nusantara),Budaya,Jakarta,100000,4.5
4,Gunung Manglayang,Cagar Alam,Bandung,7500,4.5
2,Bukit Jamur,Cagar Alam,Bandung,0,4.2
2,Rumah Batik,Budaya,Surabaya,0,4.5
3,Pantai Siung,Bahari,Yogyakarta,10000,4.6
4,Kampung Batu Malakasari,Taman Hiburan,Bandung,10000,4.1
3,Taman Hutan Raya Ir. H. Djuanda,Cagar Alam,Bandung,15000,4.5
5,Curug Bugbrug,Cagar Alam,Bandung,7500,4.3
3,Ledok Sambi,Cagar Alam,Yogyakarta,0,4.6
2,Food Junction Grand Pakuwon,Pusat Perbelanjaan,Surabaya,0,4.5
3,Wisata Lereng Kelir,Cagar Alam,Semarang,7000,4.3
2,Museum Sepuluh Nopember Kota Surabaya,Budaya,Surabaya,5000,4.7
3,Bukit Jamur,Cagar Alam,Bandung,0,4.2
5,Gunung Lalakon,Cagar Alam,Bandung,0,4.8
3,Museum Mpu Tantular,Budaya,Surabaya,2000,4.4
5,Danau Rawa Pening,Cagar Alam,Semarang,15000,4.4
4,Pantai Watu Kodok,Bahari,Yogyakarta,5000,4.6
3,Taman Cattleya,Taman Hiburan,Jakarta,20000,4.5
3,Wisata Batu Kuda,Cagar Alam,Bandung,10000,4.4
4,Watu Goyang,Budaya,Yogyakarta,2500,4.4
5,Grand Maerakaca,Taman Hiburan,Semarang,15000,4.4
2,Wisata Alam Wana Wisata Penggaron,Cagar Alam,Semarang,10000,4.1
3,Taman Spathodea,Taman Hiburan,Jakarta,0,4.6
2,Bukit Lintang Sewu,Taman Hiburan,Yogyakarta,2000,4.5
5,Wisata Kraton Jogja,Budaya,Yogyakarta,7000,4.7
2,Watu Gunung Ungaran,Cagar Alam,Semarang,25000,4.4
4,Kampung Pelangi,Taman Hiburan,Semarang,3000,4.3
3,Keraton Surabaya,Budaya,Surabaya,0,4.4
5,Museum Macan (Modern and Contemporary Art in Nusantara),Budaya,Jakarta,100000,4.5
2,Istana Negara Republik Indonesia,Budaya,Jakarta,0,4.6
3,Masjid Al-Imtizaj,Tempat Ibadah,Bandung,0,4.7
5,Museum Tengah Kebun,Budaya,Jakarta,0,4.6
2,Watu Goyang,Budaya,Yogyakarta,2500,4.4
2,Kampung Tematik Jawi,Budaya,Semarang,0,4.5
2,House of Sampoerna,Budaya,Surabaya,0,4.6
5,Grojogan Watu Purbo Bangunrejo,Taman Hiburan,Yogyakarta,10000,4.5
2,SnowBay Waterpark,Taman Hiburan,Jakarta,180000,4.3
3,Happyfarm Ciwidey,Cagar Alam,Bandung,15000,4.2
3,Pasar Taman Puring,Pusat Perbelanjaan,Jakarta,0,4.4
2,Skyrink - Mall Taman Anggrek,Taman Hiburan,Jakarta,110000,4.5
4,Taman Air Mancur Menari Kenjeran,Taman Hiburan,Surabaya,0,4.4
4,Tugu Proklamasi,Budaya,Jakarta,0,4.6
2,Dago Dreampark,Taman Hiburan,Bandung,40000,4.2
5,Jembatan Kota Intan,Budaya,Jakarta,0,4.3
3,Hutan Wisata Tinjomoyo Semarang,Cagar Alam,Semarang,3000,4.3
4,Taman Kasmaran,Taman Hiburan,Semarang,3000,4.5
4,Desa Wisata Pulesari,Taman Hiburan,Yogyakarta,0,4.4
3,Tektona Waterpark,Taman Hiburan,Bandung,60000,3.8
3,Ciwangun Indah Camp Official,Cagar Alam,Bandung,10000,4.3
5,Pulau Semak Daun,Bahari,Jakarta,40000,4.0
4,Museum Gunung Merapi,Budaya,Yogyakarta,10000,4.4
5,Masjid Agung Ungaran,Tempat Ibadah,Semarang,0,4.7
4,Lereng Anteng Panoramic Coffee Place,Cagar Alam,Bandung,50000,4.4
3,Pantai Goa Cemara,Bahari,Yogyakarta,4000,4.3
2,Curug Malela,Cagar Alam,Bandung,10000,4.4
2,Museum Macan (Modern and Contemporary Art in Nusantara),Budaya,Jakarta,100000,4.5
3,Pantai Sadranan,Bahari,Yogyakarta,10000,4.6
2,Situ Patenggang,Cagar Alam,Bandung,20000,4.5
5,Masjid Agung Trans Studio Bandung,Tempat Ibadah,Bandung,0,4.8
2,Situ Cileunca,Cagar Alam,Bandung,2500,4.4
4,Atlantis Water Adventure,Taman Hiburan,Jakarta,94000,4.5
2,Lawangwangi Creative Space,Taman Hiburan,Bandung,0,4.4
5,Museum Satria Mandala,Budaya,Jakarta,5000,4.5
4,Bandros City Tour,Budaya,Bandung,40000,4.4
2,Pantai Baruna,Bahari,Semarang,3000,4.0
4,Kawah Rengganis Cibuni,Cagar Alam,Bandung,5000,4.3
2,Pantai Sadranan,Bahari,Yogyakarta,10000,4.6
5,Teras Cikapundung BBWS,Taman Hiburan,Bandung,0,4.3
4,Gumuk Pasir Parangkusumo,Taman Hiburan,Yogyakarta,0,4.5
3,Kampung Wisata Dipowinatan,Budaya,Yogyakarta,220000,4.5
4,The Escape Hunt,Taman Hiburan,Jakarta,70000,4.4
5,The World Landmarks - Merapi Park Yogyakarta,Taman Hiburan,Yogyakarta,22000,4.2
2,Farm House Susu Lembang,Taman Hiburan,Bandung,30000,4.4
5,Setu Babakan,Budaya,Jakarta,0,4.4
2,Taman Mini Indonesia Indah (TMII),Taman Hiburan,Jakarta,10000,4.5
3,Puncak Kebun Buah Mangunan,Taman Hiburan,Yogyakarta,5000,4.6
4,Monumen Nasional,Budaya,Jakarta,20000,4.6
3,Pantai Sundak,Bahari,Yogyakarta,5000,4.5
4,Jogja Exotarium,Taman Hiburan,Yogyakarta,20000,4.4
5,Pantai Indrayanti,Bahari,Yogyakarta,10000,4.5
2,Pantai Sanglen,Bahari,Yogyakarta,10000,4.5
3,Farm House Susu Lembang,Taman Hiburan,Bandung,30000,4.4
3,Museum Nasional,Budaya,Jakarta,5000,4.6
3,Semarang Contemporary Art Gallery,Budaya,Semarang,10000,4.6
3,Situ Patenggang,Cagar Alam,Bandung,20000,4.5
2,Wisata Eling Bening,Cagar Alam,Semarang,25000,4.3
4,Pasar Taman Puring,Pusat Perbelanjaan,Jakarta,0,4.4
2,Kampung Cina,Budaya,Jakarta,15000,4.5
5,Gembira Loka Zoo,Cagar Alam,Yogyakarta,60000,4.5
4,Gedung Sate,Budaya,Bandung,5000,4.6
2,The Lodge Maribaya,Cagar Alam,Bandung,25000,4.3
3,Museum Pos Indonesia,Budaya,Bandung,0,4.5
3,Monumen Kapal Selam,Budaya,Surabaya,15000,4.4
5,Puspa Iptek Sundial,Taman Hiburan,Bandung,25000,4.4
3,Air Terjun Kedung Pedut,Cagar Alam,Yogyakarta,20000,4.5
2,Wisata Batu Kuda,Cagar Alam,Bandung,10000,4.4
5,Museum Tekstil,Budaya,Jakarta,5000,4.5
4,Happyfarm Ciwidey,Cagar Alam,Bandung,15000,4.2
5,Pantai Marina,Bahari,Semarang,3000,4.1
3,Kenjeran Park,Taman Hiburan,Surabaya,35000,4.2
2,Pantai Nglambor,Bahari,Yogyakarta,10000,4.4
2,Galeri Nasional Indonesia,Budaya,Jakarta,0,4.6
2,Babakan Siliwangi City Forest Path Bandung,Cagar Alam,Bandung,0,4.6
2,Museum Bahari Jakarta,Budaya,Jakarta,2000,4.4
3,Pantai Ngobaran,Bahari,Yogyakarta,5000,4.6
2,Monumen Nasional,Budaya,Jakarta,20000,4.6
2,Taman Sejarah Bandung,Budaya,Bandung,0,4.6
4,Taman Hutan Raya Ir. H. Juanda,Cagar Alam,Bandung,11000,4.5
5,Masjid Muhammad Cheng Hoo,Tempat Ibadah,Surabaya,0,4.7
5,Taman Keputran,Taman Hiburan,Surabaya,0,4.3
2,Taman Ayodya,Taman Hiburan,Jakarta,0,4.4
5,Semarang Contemporary Art Gallery,Budaya,Semarang,10000,4.6
5,Taman Kupu-Kupu Cihanjuang,Cagar Alam,Bandung,10000,4.0
4,Wisata Mangrove Tapak,Cagar Alam,Semarang,5000,4.3
3,Orchid Forest Cikole,Taman Hiburan,Bandung,50000,4.6
3,Alun-Alun Kota Bandung,Taman Hiburan,Bandung,0,4.6
5,Freedom Library,Budaya,Jakarta,0,5.0
4,Tirto Argo Siwarak,Taman Hiburan,Semarang,20000,4.4
4,Gembira Loka Zoo,Cagar Alam,Yogyakarta,60000,4.5
5,Taman Pintar Yogyakarta,Taman Hiburan,Yogyakarta,6000,4.5
5,Sunrise Point Cukul,Cagar Alam,Bandung,10000,4.6
4,Teras Cikapundung BBWS,Taman Hiburan,Bandung,0,4.3
3,Danau Rawa Pening,Cagar Alam,Semarang,15000,4.4
2,Air Terjun Semirang,Cagar Alam,Semarang,9000,4.4
5,Kawah Putih,Cagar Alam,Bandung,81000,4.5
2,Kawah Rengganis Cibuni,Cagar Alam,Bandung,5000,4.3
4,Air Terjun Kali Pancur,Cagar Alam,Semarang,5000,4.1
4,Dusun Bambu,Taman Hiburan,Bandung,25000,4.5
4,Saloka Theme Park,Taman Hiburan,Semarang,150000,4.4
4,Monumen Serangan Umum 1 Maret,Taman Hiburan,Yogyakarta,3000,4.6
4,Kebun Binatang Surabaya,Cagar Alam,Surabaya,15000,4.3
3,Trans Studio Bandung,Taman Hiburan,Bandung,280000,4.5
2,Pantai Ngrenehan,Bahari,Yogyakarta,3000,4.4
5,Taman Legenda Keong Emas,Taman Hiburan,Jakarta,30000,4.5
5,Pantai Nguluran,Bahari,Yogyakarta,10000,4.1
5,Museum Sumpah Pemuda,Budaya,Jakarta,2000,4.7
5,Rainbow Garden,Cagar Alam,Bandung,20000,4.6
4,Food Junction Grand Pakuwon,Pusat Perbelanjaan,Surabaya,0,4.5
5,Ciputra Waterpark,Taman Hiburan,Surabaya,95000,4.3
2,Keraton Yogyakarta,Budaya,Yogyakarta,15000,4.6
4,Kawasan Malioboro,Taman Hiburan,Yogyakarta,0,4.8
2,Sindu Kusuma Edupark (SKE),Taman Hiburan,Yogyakarta,20000,4.2
4,Pantai Krakal,Bahari,Yogyakarta,10000,4.5
2,Masjid Kapal Semarang,Tempat Ibadah,Semarang,0,4.1
4,Bumi Perkemahan Cibubur,Taman Hiburan,Jakarta,10000,4.5
3,Kampung Wisata Kadipaten,Budaya,Yogyakarta,0,4.4
4,Pasar Beringharjo,Pusat Perbelanjaan,Yogyakarta,0,4.5
3,Taman Kunang-Kunang,Taman Hiburan,Surabaya,0,4.4
2,Museum Barli,Budaya,Bandung,15000,4.4
4,Museum Kebangkitan Nasional,Budaya,Jakarta,2000,4.7
4,Museum Wayang,Budaya,Jakarta,5000,4.5
3,Kampoeng Tulip,Taman Hiburan,Bandung,15000,3.8
5,Taman Mundu,Taman Hiburan,Surabaya,0,4.4
4,Goa Rancang Kencono,Cagar Alam,Yogyakarta,5000,4.3
3,Candi Sewu,Budaya,Yogyakarta,50000,4.6
5,Flower Farm Setiya Aji,Cagar Alam,Semarang,7500,4.1
4,Jakarta Aquarium dan Safari,Taman Hiburan,Jakarta,185000,4.6
2,Old City 3D Trick Art Museum,Budaya,Semarang,50000,4.4
2,Pantai Siung,Bahari,Yogyakarta,10000,4.6
2,Pantai Maron,Bahari,Semarang,5000,3.4
4,Kampung Wisata Dipowinatan,Budaya,Yogyakarta,220000,4.5
3,Museum Ullen Sentalu,Budaya,Yogyakarta,100000,4.7
2,Museum Kebangkitan Nasional,Budaya,Jakarta,2000,4.7
5,Candi Gedong Songo,Budaya,Semarang,10000,4.5
5,Pantai Krakal,Bahari,Yogyakarta,10000,4.5
3,Panama Park 825,Taman Hiburan,Bandung,50000,4.4
2,Museum Mandala Wangsit Siliwangi,Budaya,Bandung,0,4.4
2,Sanghyang Heuleut,Cagar Alam,Bandung,10000,4.4
2,Taman Bunga Cihideung,Cagar Alam,Bandung,0,4.1
4,Tektona Waterpark,Taman Hiburan,Bandung,60000,3.8
5,Pantai Depok Jogja,Bahari,Yogyakarta,10000,4.3
2,Lembang Park & Zoo,Cagar Alam,Bandung,50000,4.5
2,Hutan Wisata Tinjomoyo Semarang,Cagar Alam,Semarang,3000,4.3
2,La Kana Chapel,Taman Hiburan,Semarang,35000,4.5
4,Tugu Pal Putih Jogja,Taman Hiburan,Yogyakarta,0,4.7
5,Sungai Palayangan,Cagar Alam,Bandung,150000,4.6
4,Monumen Selamat Datang,Budaya,Jakarta,0,4.7
5,Babakan Siliwangi City Forest Path Bandung,Cagar Alam,Bandung,0,4.6
4,Pantai Baruna,Bahari,Semarang,3000,4.0
5,Taman Ayodya,Taman Hiburan,Jakarta,0,4.4
3,Ciputra Waterpark,Taman Hiburan,Surabaya,95000,4.3
2,Museum De Javasche Bank,Budaya,Surabaya,5000,4.6
5,De Mata Museum Jogja,Budaya,Yogyakarta,50000,4.4
2,Bandros City Tour,Budaya,Bandung,40000,4.4
4,Monumen Kapal Selam,Budaya,Surabaya,15000,4.4
2,Curug Cilengkrang,Cagar Alam,Bandung,7500,4.0
5,Obyek Wisata Goa Kreo,Cagar Alam,Semarang,5500,4.3
3,Taman Impian Jaya Ancol,Taman Hiburan,Jakarta,25000,4.5
4,Amazing Art World,Budaya,Bandung,75000,4.5
5,Keraton Yogyakarta,Budaya,Yogyakarta,15000,4.6
5,Kampung Cina,Budaya,Jakarta,15000,4.5
2,Air Mancur Menari,Taman Hiburan,Surabaya,35000,4.4
4,Upside Down World Bandung,Taman Hiburan,Bandung,100000,4.0
3,Taman Lansia,Taman Hiburan,Bandung,0,4.4
3,Observatorium Bosscha,Cagar Alam,Bandung,25000,4.5
2,De Mata Museum Jogja,Budaya,Yogyakarta,50000,4.4
2,Taman Keputran,Taman Hiburan,Surabaya,0,4.3
3,Hutan Pinus Pengger,Taman Hiburan,Yogyakarta,3000,4.5
3,Taman Begonia,Cagar Alam,Bandung,10000,4.4
5,Pantai Ria Kenjeran,Bahari,Surabaya,15000,4.2
5,Goa Pindul,Cagar Alam,Yogyakarta,40000,4.5
3,Pantai Congot,Bahari,Yogyakarta,3000,4.3
5,Pantai Sedahan,Bahari,Yogyakarta,5000,4.5
3,Ekowisata Mangrove Wonorejo,Cagar Alam,Surabaya,0,4.3
3,Umbul Sidomukti,Cagar Alam,Semarang,75000,4.6
4,Curug Luhur Waterfall,Cagar Alam,Bandung,5000,4.2
3,Bunker Kaliadem Merapi,Cagar Alam,Yogyakarta,3000,4.5
4,Pulau Pelangi,Bahari,Jakarta,900000,4.8
3,Taman Tabanas,Taman Hiburan,Semarang,0,4.4
4,Masjid Istiqlal,Tempat Ibadah,Jakarta,0,4.7
5,Pemandian Air Panas Ciater,Cagar Alam,Bandung,15000,4.3
4,Curug Cimahi,Cagar Alam,Bandung,15000,4.6
4,Plaza Indonesia,Pusat Perbelanjaan,Jakarta,0,4.7
4,Kampoeng Rawa,Cagar Alam,Semarang,3000,4.5
2,Bumi Perkemahan Batu Kuda,Cagar Alam,Bandung,7500,4.5
4,Bukit Wisata Pulepayung,Cagar Alam,Yogyakarta,10000,4.5
4,Pantai Baron,Bahari,Yogyakarta,10000,4.4
5,Kota Mini,Taman Hiburan,Bandung,20000,4.4
4,Kampung Wisata Rejowinangun,Budaya,Yogyakarta,0,4.3
5,Kyotoku Floating Market,Budaya,Bandung,175000,4.5
5,Curug Dago,Cagar Alam,Bandung,12000,4.0
3,Plaza Indonesia,Pusat Perbelanjaan,Jakarta,0,4.7
5,Museum Taman Prasasti,Budaya,Jakarta,2000,4.5
2,Waduk Jatibarang,Cagar Alam,Semarang,2500,4.3
5,Puncak Kebun Buah Mangunan,Taman Hiburan,Yogyakarta,5000,4.6
4,Taman Badak,Taman Hiburan,Bandung,0,4.5
3,Curug Aseupan,Cagar Alam,Bandung,10000,4.7
4,Gereja Katedral,Tempat Ibadah,Jakarta,0,4.8
3,Bukit Moko,Cagar Alam,Bandung,25000,4.5
3,SnowBay Waterpark,Taman Hiburan,Jakarta,180000,4.3
3,Istana Negara Republik Indonesia,Budaya,Jakarta,0,4.6
5,Puncak Segoro,Cagar Alam,Yogyakarta,5000,4.2
4,Pantai Ancol,Bahari,Jakarta,25000,4.4
4,De Mata Museum Jogja,Budaya,Yogyakarta,50000,4.4
4,Museum Macan (Modern and Contemporary Art in Nusantara),Budaya,Jakarta,100000,4.5
4,Bangsal Pagelaran,Budaya,Yogyakarta,5000,4.6
5,Glamping Lakeside Rancabali,Taman Hiburan,Bandung,30000,4.4
5,Pasar Beringharjo,Pusat Perbelanjaan,Yogyakarta,0,4.5
2,Wisata Alam Mangrove Angke,Cagar Alam,Jakarta,25000,4.3
4,The Lost World Castle,Taman Hiburan,Yogyakarta,30000,4.3
2,Klenteng Jin De Yuan,Tempat Ibadah,Jakarta,0,4.5
5,Taman Budaya Jawa Barat,Budaya,Bandung,0,4.3
4,Candi Sewu,Budaya,Yogyakarta,50000,4.6
2,Tugu Pal Putih Jogja,Taman Hiburan,Yogyakarta,0,4.7
5,Gunung Manglayang,Cagar Alam,Bandung,7500,4.5
5,Museum Mpu Tantular,Budaya,Surabaya,2000,4.4
1,Pantai Jungwok,Bahari,Yogyakarta,5000,4.6
2,Puncak Kebun Buah Mangunan,Taman Hiburan,Yogyakarta,5000,4.6
1,La Kana Chapel,Taman Hiburan,Semarang,35000,4.5
2,Kampung Wisata Rejowinangun,Budaya,Yogyakarta,0,4.3
5,Ocean Ecopark,Taman Hiburan,Jakarta,180000,4.0
1,Museum Taman Prasasti,Budaya,Jakarta,2000,4.5
3,Kampoeng Djadhoel Semarang,Budaya,Semarang,10000,4.7
1,Kawah Putih,Cagar Alam,Bandung,81000,4.5
1,The World Landmarks - Merapi Park Yogyakarta,Taman Hiburan,Yogyakarta,22000,4.2
1,Grojogan Watu Purbo Bangunrejo,Taman Hiburan,Yogyakarta,10000,4.5
3,Tafso Barn,Cagar Alam,Bandung,0,4.2
2,Dusun Bambu,Taman Hiburan,Bandung,25000,4.5
3,Pesona Nirwana Waterpark & Cottages,Taman Hiburan,Bandung,50000,4.1
1,Wisata Kuliner Pecenongan,Pusat Perbelanjaan,Jakarta,0,5.0
1,Sumur Gumuling,Taman Hiburan,Yogyakarta,7000,4.5
4,Gereja Katedral Santo Petrus Bandung,Tempat Ibadah,Bandung,0,4.8
1,Museum Perangko,Budaya,Jakarta,5000,4.4
4,Pemandian Air Panas Cimanggu,Cagar Alam,Bandung,23000,3.9
1,Freedom Library,Budaya,Jakarta,0,5.0
3,Museum Joang 45,Budaya,Jakarta,2000,4.0
5,Bunker Kaliadem Merapi,Cagar Alam,Yogyakarta,3000,4.5
5,Tafso Barn,Cagar Alam,Bandung,0,4.2
5,Lawangwangi Creative Space,Taman Hiburan,Bandung,0,4.4
1,Tebing Karaton,Cagar Alam,Bandung,15000,4.5
4,Bukit Bintang,Cagar Alam,Bandung,25000,4.6
1,Istana Negara Republik Indonesia,Budaya,Jakarta,0,4.6
1,Dago Dreampark,Taman Hiburan,Bandung,40000,4.2
1,Saung Angklung Mang Udjo,Budaya,Bandung,75000,4.7
2,Surabaya Museum (Gedung Siola),Budaya,Surabaya,0,4.5
4,Kenjeran Park,Taman Hiburan,Surabaya,35000,4.2
1,Kampoeng Djadhoel Semarang,Budaya,Semarang,10000,4.7
1,Curug Bugbrug,Cagar Alam,Bandung,7500,4.3
1,Babakan Siliwangi City Forest Path Bandung,Cagar Alam,Bandung,0,4.6
1,Kampoeng Rawa,Cagar Alam,Semarang,3000,4.5
3,Pasar Petak Sembilan,Pusat Perbelanjaan,Jakarta,0,4.4
4,Setu Babakan,Budaya,Jakarta,0,4.4
4,Observatorium Bosscha,Cagar Alam,Bandung,25000,4.5
1,Taman Keputran,Taman Hiburan,Surabaya,0,4.3
5,Candi Ratu Boko,Budaya,Yogyakarta,75000,4.6
1,Blue Lagoon Jogja,Taman Hiburan,Yogyakarta,10000,4.3
1,Situ Patenggang,Cagar Alam,Bandung,20000,4.5
5,Wisata Mangrove Tapak,Cagar Alam,Semarang,5000,4.3
5,Sam Poo Kong Temple,Budaya,Semarang,35000,4.5
4,Water Park Bandung Indah,Taman Hiburan,Bandung,50000,4.0
1,Perkebunan Teh Malabar,Cagar Alam,Bandung,5000,4.4
1,Kampung Wisata Taman Sari,Taman Hiburan,Yogyakarta,5000,4.6
1,Rumah Sipitung,Budaya,Jakarta,5000,4.5
2,Gunung Papandayan,Cagar Alam,Bandung,30000,4.6
1,Jembatan Pasupati,Taman Hiburan,Bandung,0,4.6
3,Kampung Batik Gedong Semarang,Budaya,Semarang,0,4.4
4,Pantai Ria Kenjeran,Bahari,Surabaya,15000,4.2
2,Kawah Putih,Cagar Alam,Bandung,81000,4.5
4,Mall Thamrin City,Pusat Perbelanjaan,Jakarta,0,4.4
1,Pantai Drini,Bahari,Yogyakarta,10000,4.5
5,Hutan Pinus Pengger,Taman Hiburan,Yogyakarta,3000,4.5
2,Pantai Timang,Bahari,Yogyakarta,10000,4.7
2,Kota Lama Semarang,Budaya,Semarang,0,4.7
2,Pulau Semak Daun,Bahari,Jakarta,40000,4.0
1,Heha Sky View,Taman Hiburan,Yogyakarta,15000,4.4
2,Candi Borobudur,Budaya,Yogyakarta,50000,4.7
2,Waterpark Kenjeran Surabaya,Taman Hiburan,Surabaya,35000,4.1
3,Wisata Agro Edukatif Istana Susu Cibugary,Taman Hiburan,Jakarta,35000,4.5
2,Curug Luhur Waterfall,Cagar Alam,Bandung,5000,4.2
2,Grand Indonesia Mall,Pusat Perbelanjaan,Jakarta,0,4.7
1,Monumen Serangan Umum 1 Maret,Taman Hiburan,Yogyakarta,3000,4.6
1,Farm House Susu Lembang,Taman Hiburan,Bandung,30000,4.4
2,Curug Aseupan,Cagar Alam,Bandung,10000,4.7
1,Kidzania,Taman Hiburan,Jakarta,185000,4.6
5,Wisata Alam Wana Wisata Penggaron,Cagar Alam,Semarang,10000,4.1
1,Jembatan Kota Intan,Budaya,Jakarta,0,4.3
5,Sudut Pandang Bandung,Taman Hiburan,Bandung,50000,4.6
4,Bunker Kaliadem Merapi,Cagar Alam,Yogyakarta,3000,4.5
3,Pasar Kebon Empring Bintaran,Pusat Perbelanjaan,Yogyakarta,0,4.4
2,Taman Begonia,Cagar Alam,Bandung,10000,4.4
3,Dusun Bambu,Taman Hiburan,Bandung,25000,4.5
1,Gembira Loka Zoo,Cagar Alam,Yogyakarta,60000,4.5
4,Goa Cerme,Cagar Alam,Yogyakarta,3000,4.4
5,Museum Perangko,Budaya,Jakarta,5000,4.4
3,Taman Suropati,Taman Hiburan,Jakarta,0,4.6
1,Bandros City Tour,Budaya,Bandung,40000,4.4
1,Goa Jomblang,Cagar Alam,Yogyakarta,500000,4.6
4,Taman Jomblo,Taman Hiburan,Bandung,10000,4.1
3,Watu Gunung Ungaran,Cagar Alam,Semarang,25000,4.4
5,Watu Gunung Ungaran,Cagar Alam,Semarang,25000,4.4
2,Taman Flora Bratang Surabaya,Taman Hiburan,Surabaya,0,4.6
1,Gereja Tiberias Indonesia Bandung,Tempat Ibadah,Bandung,0,4.9
2,Bukit Gantole Cililin,Cagar Alam,Bandung,0,4.4
4,Peta Park,Taman Hiburan,Bandung,15000,4.3
5,Perpustakaan Nasional,Budaya,Jakarta,0,4.7
5,Taman Situ Lembang,Taman Hiburan,Jakarta,0,4.5
5,Ciwangun Indah Camp Official,Cagar Alam,Bandung,10000,4.3
1,GPIB Immanuel Semarang (Gereja Blenduk),Tempat Ibadah,Semarang,0,4.6
4,Glamping Lakeside Rancabali,Taman Hiburan,Bandung,30000,4.4
4,Kebun Binatang Bandung,Cagar Alam,Bandung,20000,4.0
1,Taman Pintar Yogyakarta,Taman Hiburan,Yogyakarta,6000,4.5
1,Klenteng Sanggar Agung,Budaya,Surabaya,10000,4.5
5,Grand Indonesia Mall,Pusat Perbelanjaan,Jakarta,0,4.7
1,Pulau Pramuka,Bahari,Jakarta,5000,4.2
4,Pantai Ngandong,Bahari,Yogyakarta,10000,4.5
4,Taman Sejarah Bandung,Budaya,Bandung,0,4.6
4,Taman Ismail Marzuki,Budaya,Jakarta,5000,4.6
2,Roemah Seni Sarasvati,Budaya,Bandung,0,4.4
5,Jakarta Aquarium dan Safari,Taman Hiburan,Jakarta,185000,4.6
2,Taman Lalu Lintas Ade Irma Suryani Nasution,Taman Hiburan,Bandung,7000,4.4
5,Tebing Karaton,Cagar Alam,Bandung,15000,4.5
2,Museum Nike Ardilla,Budaya,Bandung,0,4.6
5,Kawasan Wisata Sosrowijayan,Pusat Perbelanjaan,Yogyakarta,0,4.0
1,Watu Mabur Mangunan,Cagar Alam,Yogyakarta,2500,4.5
1,Semarang Chinatown,Budaya,Semarang,30000,4.5
3,Heha Sky View,Taman Hiburan,Yogyakarta,15000,4.4
2,The Escape Hunt,Taman Hiburan,Jakarta,70000,4.4
1,Taman Lapangan Banteng,Taman Hiburan,Jakarta,0,4.7
4,Museum Basoeki Abdullah,Budaya,Jakarta,1000,4.6
1,Museum Nike Ardilla,Budaya,Bandung,0,4.6
5,Taman Ismail Marzuki,Budaya,Jakarta,5000,4.6
1,Monumen Batik Yogyakarta,Budaya,Yogyakarta,40000,4.5
1,Gereja Katedral,Tempat Ibadah,Jakarta,0,4.8
1,Candi Sewu,Budaya,Yogyakarta,50000,4.6
3,Masjid Agung Trans Studio Bandung,Tempat Ibadah,Bandung,0,4.8
4,Pantai Nguluran,Bahari,Yogyakarta,10000,4.1
1,Museum Sepuluh Nopember Kota Surabaya,Budaya,Surabaya,5000,4.7
3,Jakarta Planetarium,Taman Hiburan,Jakarta,12000,4.1
3,Museum De Javasche Bank,Budaya,Surabaya,5000,4.6
1,Masjid Pusdai,Tempat Ibadah,Bandung,0,4.7
3,Jembatan Kota Intan,Budaya,Jakarta,0,4.3
1,Museum Tengah Kebun,Budaya,Jakarta,0,4.6
5,Curug Batu Templek,Cagar Alam,Bandung,5000,4.1
5,Rumah Batik,Budaya,Surabaya,0,4.5
5,Pantai Samas,Bahari,Yogyakarta,4000,4.0
4,Bukit Moko,Cagar Alam,Bandung,25000,4.5
2,Kawasan Wisata Sosrowijayan,Pusat Perbelanjaan,Yogyakarta,0,4.0
2,Sudut Pandang Bandung,Taman Hiburan,Bandung,50000,4.6
2,Monumen Palagan Ambarawa,Budaya,Semarang,7500,4.4
5,Curug Malela,Cagar Alam,Bandung,10000,4.4
1,Wisata Kraton Jogja,Budaya,Yogyakarta,7000,4.7
1,Wisata Kampung Krisan Clapar,Taman Hiburan,Semarang,10000,4.1
3,Hutan Pinus Asri,Cagar Alam,Yogyakarta,2500,4.5
1,Candi Prambanan,Budaya,Yogyakarta,50000,4.7
1,Pantai Maron,Bahari,Semarang,5000,3.4
5,Jogja Exotarium,Taman Hiburan,Yogyakarta,20000,4.4
4,Batununggal Indah Club,Taman Hiburan,Bandung,70000,4.4
4,Museum Nike Ardilla,Budaya,Bandung,0,4.6
1,Pantai Greweng,Bahari,Yogyakarta,5000,4.6
5,Monumen Jalesveva Jayamahe,Budaya,Surabaya,0,4.6
4,Dunia Fantasi,Taman Hiburan,Jakarta,270000,4.6
2,Curug Bugbrug,Cagar Alam,Bandung,7500,4.3
3,Kampoeng Kopi Banaran,Taman Hiburan,Semarang,200000,4.3
5,Kawasan Punclut,Taman Hiburan,Bandung,20000,4.4
3,Monumen Yogya Kembali,Budaya,Yogyakarta,15000,4.5
3,Margasatwa Muara Angke,Cagar Alam,Jakarta,25000,4.2
2,Obyek Wisata Goa Kreo,Cagar Alam,Semarang,5500,4.3
1,Kampung Batu Malakasari,Taman Hiburan,Bandung,10000,4.1
2,Monumen Tugu Pahlawan,Budaya,Surabaya,0,4.7
1,Museum Konferensi Asia Afrika,Budaya,Bandung,0,4.6
2,Desa Wisata Tembi,Taman Hiburan,Yogyakarta,50000,4.5
3,Lawangwangi Creative Space,Taman Hiburan,Bandung,0,4.4
2,Pantai Glagah,Bahari,Yogyakarta,5000,4.4
2,Candi Gedong Songo,Budaya,Semarang,10000,4.5
3,Pantai Baron,Bahari,Yogyakarta,10000,4.4
5,Desa Wisata Rumah Domes/Teletubbies,Taman Hiburan,Yogyakarta,5000,4.1
1,Taman Budaya Jawa Barat,Budaya,Bandung,0,4.3
5,Pantai Glagah,Bahari,Yogyakarta,5000,4.4
5,Goa Cerme,Cagar Alam,Yogyakarta,3000,4.4
2,Museum Gedung Sate,Budaya,Bandung,5000,4.6
1,Bukit Bintang Yogyakarta,Taman Hiburan,Yogyakarta,25000,4.5
2,Orchid Forest Cikole,Taman Hiburan,Bandung,50000,4.6
2,Margasatwa Muara Angke,Cagar Alam,Jakarta,25000,4.2
4,Grojogan Watu Purbo Bangunrejo,Taman Hiburan,Yogyakarta,10000,4.5
1,Pesona Nirwana Waterpark & Cottages,Taman Hiburan,Bandung,50000,4.1
3,Kebun Binatang Bandung,Cagar Alam,Bandung,20000,4.0
5,Kidzania,Taman Hiburan,Jakarta,185000,4.6
1,Kampung Wisata Kadipaten,Budaya,Yogyakarta,0,4.4
3,Pantai Watu Kodok,Bahari,Yogyakarta,5000,4.6
1,Pantai Kukup,Bahari,Yogyakarta,10000,4.0
1,Desa Wisata Gamplong,Taman Hiburan,Yogyakarta,10000,4.4
1,Pantai Goa Cemara,Bahari,Yogyakarta,4000,4.3
4,Kota Tua,Budaya,Jakarta,0,4.6
1,Sam Poo Kong Temple,Budaya,Semarang,35000,4.5
1,Museum Kereta Ambarawa,Budaya,Semarang,10000,4.5
1,Museum Fatahillah,Budaya,Jakarta,5000,4.4
2,Pantai Depok Jogja,Bahari,Yogyakarta,10000,4.3
1,Tafso Barn,Cagar Alam,Bandung,0,4.2
3,Teras Cikapundung BBWS,Taman Hiburan,Bandung,0,4.3
5,NuArt Sculpture Park,Taman Hiburan,Bandung,50000,4.7
1,The Lost World Castle,Taman Hiburan,Yogyakarta,30000,4.3
3,Gua Maria Kerep Ambarawa,Cagar Alam,Semarang,2000,4.8
2,Pantai Baron,Bahari,Yogyakarta,10000,4.4
4,Galeri Nasional Indonesia,Budaya,Jakarta,0,4.6
1,Pantai Depok Jogja,Bahari,Yogyakarta,10000,4.3
4,Goa Jomblang,Cagar Alam,Yogyakarta,500000,4.6
5,Masjid Daarut Tauhiid Bandung,Tempat Ibadah,Bandung,0,4.9
4,Kawasan Wisata Sosrowijayan,Pusat Perbelanjaan,Yogyakarta,0,4.0
1,Bumi Perkemahan Batu Kuda,Cagar Alam,Bandung,7500,4.5
1,Brown Canyon,Cagar Alam,Semarang,0,4.2
1,Taman Barunawati,Taman Hiburan,Surabaya,0,4.2
3,Pura Giri Natha,Budaya,Semarang,20000,4.7
2,Museum Sasmita Loka Ahmad Yani,Budaya,Jakarta,2000,4.7
1,Taman Sejarah Bandung,Budaya,Bandung,0,4.6
4,The Great Asia Africa,Taman Hiburan,Bandung,50000,4.4
2,Hutan Pinus Kayon,Cagar Alam,Semarang,6000,4.4
3,Masjid Salman ITB,Tempat Ibadah,Bandung,0,4.8
5,Atlantis Land Surabaya,Taman Hiburan,Surabaya,125000,4.4
2,Taman Situ Lembang,Taman Hiburan,Jakarta,0,4.5
4,Pantai Ngrawe (Mesra),Bahari,Yogyakarta,10000,4.5
1,Curug Cipanas,Cagar Alam,Bandung,20000,3.9
2,Surabaya North Quay,Taman Hiburan,Surabaya,50000,4.4
3,Taman Miniatur Kereta Api,Taman Hiburan,Bandung,15000,4.4
3,Puncak Pinus Becici,Taman Hiburan,Yogyakarta,3000,4.5
1,Museum Bank Indonesia,Budaya,Jakarta,2000,4.7
5,GPIB Immanuel Semarang (Gereja Blenduk),Tempat Ibadah,Semarang,0,4.6
1,Museum Sasmita Loka Ahmad Yani,Budaya,Jakarta,2000,4.7
5,Kebun Binatang Surabaya,Cagar Alam,Surabaya,15000,4.3
1,Situ Cileunca,Cagar Alam,Bandung,2500,4.4
1,Monumen Palagan Ambarawa,Budaya,Semarang,7500,4.4
1,Happyfarm Ciwidey,Cagar Alam,Bandung,15000,4.2
5,Mall Thamrin City,Pusat Perbelanjaan,Jakarta,0,4.4
5,Batununggal Indah Club,Taman Hiburan,Bandung,70000,4.4
4,Taman Srigunting,Taman Hiburan,Semarang,0,4.7
5,Kiara Artha Park,Taman Hiburan,Bandung,15000,4.4
4,Museum Barli,Budaya,Bandung,15000,4.4
1,Candi Ijo,Budaya,Yogyakarta,5000,4.6
1,Kiara Artha Park,Taman Hiburan,Bandung,15000,4.4
3,Grand Indonesia Mall,Pusat Perbelanjaan,Jakarta,0,4.7
2,Perkebunan Teh Malabar,Cagar Alam,Bandung,5000,4.4
5,Curug Anom,Cagar Alam,Bandung,0,4.6
2,Masjid Al-Imtizaj,Tempat Ibadah,Bandung,0,4.7
1,Pantai Baron,Bahari,Yogyakarta,10000,4.4
5,Lawang Sewu,Budaya,Semarang,10000,4.6
4,Kidzania,Taman Hiburan,Jakarta,185000,4.6
3,Kampung Korea Bandung,Budaya,Bandung,15000,4.1
1,Seribu Batu Songgo Langit,Cagar Alam,Yogyakarta,2000,4.6
5,Taman Spathodea,Taman Hiburan,Jakarta,0,4.6
1,Kota Tua,Budaya,Jakarta,0,4.6
1,Desa Wisata Sungai Code Jogja Kota,Taman Hiburan,Yogyakarta,0,5.0
1,Kampung Pelangi,Taman Hiburan,Semarang,3000,4.3
4,Taman Vanda,Taman Hiburan,Bandung,0,4.3
3,Taman Lalu Lintas Ade Irma Suryani Nasution,Taman Hiburan,Bandung,7000,4.4
4,Nol Kilometer Jl.Malioboro,Taman Hiburan,Yogyakarta,0,4.7
2,Patung Sura dan Buaya,Budaya,Surabaya,0,4.6
5,Wisata Kampung Krisan Clapar,Taman Hiburan,Semarang,10000,4.1
4,Hutan Pinus Pengger,Taman Hiburan,Yogyakarta,3000,4.5
3,Bukit Wisata Pulepayung,Cagar Alam,Yogyakarta,10000,4.5
4,Kampung Korea Bandung,Budaya,Bandung,15000,4.1
1,Gua Pawon,Cagar Alam,Bandung,10000,4.5
3,Alun Alun Selatan Yogyakarta,Taman Hiburan,Yogyakarta,0,4.6
2,Taman Spathodea,Taman Hiburan,Jakarta,0,4.6
4,Pulau Pari,Bahari,Jakarta,150000,4.0
2,Pasar Tanah Abang,Pusat Perbelanjaan,Jakarta,0,4.0
1,Bukit Gantole Cililin,Cagar Alam,Bandung,0,4.4
3,Bukit Panguk Kediwung,Budaya,Yogyakarta,250000,4.5
2,Air Terjun Kedung Pedut,Cagar Alam,Yogyakarta,20000,4.5
5,Tirto Argo Siwarak,Taman Hiburan,Semarang,20000,4.4
1,Jalan Braga,Budaya,Bandung,0,4.7
2,Museum Sumpah Pemuda,Budaya,Jakarta,2000,4.7
5,Bukit Panguk Kediwung,Budaya,Yogyakarta,250000,4.5
3,Obyek Wisata Goa Kreo,Cagar Alam,Semarang,5500,4.3
4,Kampoeng Djadhoel Semarang,Budaya,Semarang,10000,4.7
5,Studio Alam Gamplong,Taman Hiburan,Yogyakarta,10000,4.4
1,Benteng Pendem,Budaya,Semarang,5000,4.2
4,Kawah Putih,Cagar Alam,Bandung,81000,4.5
5,Pecinan Glodok,Pusat Perbelanjaan,Jakarta,0,4.3
2,Upside Down World Bandung,Taman Hiburan,Bandung,100000,4.0
1,Watu Lumbung,Cagar Alam,Yogyakarta,5000,4.3
3,Dago Dreampark,Taman Hiburan,Bandung,40000,4.2
1,Museum Basoeki Abdullah,Budaya,Jakarta,1000,4.6
4,Pantai Goa Cemara,Bahari,Yogyakarta,4000,4.3
1,Pasar Seni,Pusat Perbelanjaan,Jakarta,0,4.4
1,Alun-alun Utara Keraton Yogyakarta,Budaya,Yogyakarta,0,4.6
5,Wisata Kaliurang,Cagar Alam,Yogyakarta,8000,4.4
4,Taman Begonia,Cagar Alam,Bandung,10000,4.4
4,Museum Gedung Sate,Budaya,Bandung,5000,4.6
1,Orchid Forest Cikole,Taman Hiburan,Bandung,50000,4.6
1,House of Sampoerna,Budaya,Surabaya,0,4.6
4,Sam Poo Kong Temple,Budaya,Semarang,35000,4.5
1,Taman Bunga Celosia,Cagar Alam,Semarang,25000,4.3
3,Museum Mandala Wangsit Siliwangi,Budaya,Bandung,0,4.4
5,Monumen Bambu Runcing Surabaya,Budaya,Surabaya,0,4.6
1,Taman Balai Kota Bandung,Taman Hiburan,Bandung,0,4.6
2,Cibubur Garden Diary (Cibugary),Cagar Alam,Jakarta,50000,4.5
2,Jurang Tembelan Kanigoro,Taman Hiburan,Yogyakarta,2500,4.5
5,Museum Joang 45,Budaya,Jakarta,2000,4.0
3,Rumah Sipitung,Budaya,Jakarta,5000,4.5
4,Monumen Bambu Runcing Surabaya,Budaya,Surabaya,0,4.6
5,Pasar Seni,Pusat Perbelanjaan,Jakarta,0,4.4
4,Taman Bunga Celosia,Cagar Alam,Semarang,25000,4.3
1,Pecinan Glodok,Pusat Perbelanjaan,Jakarta,0,4.3
4,Bukit Bintang Yogyakarta,Taman Hiburan,Yogyakarta,25000,4.5
1,Atlantis Land Surabaya,Taman Hiburan,Surabaya,125000,4.4
4,Monumen Bandung Lautan Api,Budaya,Bandung,0,4.3
5,Desa Wisata Lembah Kalipancur,Taman Hiburan,Semarang,0,3.9
1,Air Terjun Kali Pancur,Cagar Alam,Semarang,5000,4.1
3,Pantai Maron,Bahari,Semarang,5000,3.4
1,Amazing Art World,Budaya,Bandung,75000,4.5
1,Pelabuhan Marina,Bahari,Jakarta,175000,4.4
3,Water Park Bandung Indah,Taman Hiburan,Bandung,50000,4.0
2,Sunrise Point Cukul,Cagar Alam,Bandung,10000,4.6
1,Pantai Sundak,Bahari,Yogyakarta,5000,4.5
1,Taman Srigunting,Taman Hiburan,Semarang,0,4.7
1,Puncak Segoro,Cagar Alam,Yogyakarta,5000,4.2
1,Lawang Sewu,Budaya,Semarang,10000,4.6
5,Monumen Selamat Datang,Budaya,Jakarta,0,4.7
3,Waduk Jatibarang,Cagar Alam,Semarang,2500,4.3
2,Klenteng Sanggar Agung,Budaya,Surabaya,10000,4.5
1,Pasar Tanah Abang,Pusat Perbelanjaan,Jakarta,0,4.0
4,Air Mancur Menari,Taman Hiburan,Surabaya,35000,4.4
2,Galeri Indonesia Kaya,Budaya,Jakarta,0,4.8
1,Hutan Bambu Keputih,Cagar Alam,Surabaya,0,4.3
1,"Bukit Paralayang, Watugupit",Cagar Alam,Yogyakarta,5000,4.7
1,Kampung Korea Bandung,Budaya,Bandung,15000,4.1
4,Tafso Barn,Cagar Alam,Bandung,0,4.2
1,Ocean Ecopark,Taman Hiburan,Jakarta,180000,4.0
5,Masjid Al-Imtizaj,Tempat Ibadah,Bandung,0,4.7
4,The World Landmarks - Merapi Park Yogyakarta,Taman Hiburan,Yogyakarta,22000,4.2
1,SnowBay Waterpark,Taman Hiburan,Jakarta,180000,4.3
1,Hutan Pinus Asri,Cagar Alam,Yogyakarta,2500,4.5
1,Taman Jomblo,Taman Hiburan,Bandung,10000,4.1
3,Kampung Batu Malakasari,Taman Hiburan,Bandung,10000,4.1
2,Gereja Perawan Maria Tak Berdosa Surabaya,Tempat Ibadah,Surabaya,10000,4.8
2,The World Landmarks - Merapi Park Yogyakarta,Taman Hiburan,Yogyakarta,22000,4.2
1,The Escape Hunt,Taman Hiburan,Jakarta,70000,4.4
4,Kebun Teh Nglinggo,Cagar Alam,Yogyakarta,6000,4.5
1,Museum Wayang,Budaya,Jakarta,5000,4.5
2,Taman Hutan Raya Ir. H. Djuanda,Cagar Alam,Bandung,15000,4.5
1,Tirto Argo Siwarak,Taman Hiburan,Semarang,20000,4.4
5,Water Blaster Bukit Candi Golf,Taman Hiburan,Semarang,80000,4.2
1,Obyek Wisata Goa Kreo,Cagar Alam,Semarang,5500,4.3
1,Rumah Batik,Budaya,Surabaya,0,4.5
1,Batununggal Indah Club,Taman Hiburan,Bandung,70000,4.4
5,Bukit Wisata Pulepayung,Cagar Alam,Yogyakarta,10000,4.5
3,Goa Jomblang,Cagar Alam,Yogyakarta,500000,4.6
5,Air Terjun Semirang,Cagar Alam,Semarang,9000,4.4
1,Pantai Sedahan,Bahari,Yogyakarta,5000,4.5
1,Kebun Binatang Surabaya,Cagar Alam,Surabaya,15000,4.3
1,Roemah Seni Sarasvati,Budaya,Bandung,0,4.4
5,Perkebunan Teh Malabar,Cagar Alam,Bandung,5000,4.4
1,Alun-Alun Kota Bandung,Taman Hiburan,Bandung,0,4.6
5,Pasar Kebon Empring Bintaran,Pusat Perbelanjaan,Yogyakarta,0,4.4
1,Pantai Jogan,Bahari,Yogyakarta,5000,4.4
3,Taman Film,Budaya,Bandung,0,4.3
1,Puncak Pinus Becici,Taman Hiburan,Yogyakarta,3000,4.5
1,Semarang Contemporary Art Gallery,Budaya,Semarang,10000,4.6
5,Waterpark Kenjeran Surabaya,Taman Hiburan,Surabaya,35000,4.1
4,Surabaya Museum (Gedung Siola),Budaya,Surabaya,0,4.5
1,Geoforest Watu Payung Turunan,Cagar Alam,Yogyakarta,0,4.5
1,Jogja Exotarium,Taman Hiburan,Yogyakarta,20000,4.4
2,Taman Sungai Mudal,Cagar Alam,Yogyakarta,10000,4.6
5,Taman Sejarah Bandung,Budaya,Bandung,0,4.6
2,Trans Studio Bandung,Taman Hiburan,Bandung,280000,4.5
1,Taman Impian Jaya Ancol,Taman Hiburan,Jakarta,25000,4.5
4,Pasar Baru,Pusat Perbelanjaan,Bandung,0,4.3
1,Kampung Wisata Rejowinangun,Budaya,Yogyakarta,0,4.3
5,Kampung Batu Malakasari,Taman Hiburan,Bandung,10000,4.1
5,Monumen Kapal Selam,Budaya,Surabaya,15000,4.4
5,Kampoeng Djadhoel Semarang,Budaya,Semarang,10000,4.7
3,Patung Buddha Empat Rupa,Budaya,Surabaya,0,4.3
1,Curug Anom,Cagar Alam,Bandung,0,4.6
2,Panama Park 825,Taman Hiburan,Bandung,50000,4.4
1,Gedung Agung Yogyakarta,Budaya,Yogyakarta,0,4.6
3,Taman Jomblo,Taman Hiburan,Bandung,10000,4.1
3,GPIB Immanuel Semarang (Gereja Blenduk),Tempat Ibadah,Semarang,0,4.6
4,GPIB Immanuel Semarang (Gereja Blenduk),Tempat Ibadah,Semarang,0,4.6
1,Taman Harmoni Keputih,Cagar Alam,Surabaya,0,4.4
1,Bukit Panguk Kediwung,Budaya,Yogyakarta,250000,4.5
1,Wot Batu,Cagar Alam,Bandung,50000,4.7
5,"Bukit Paralayang, Watugupit",Cagar Alam,Yogyakarta,5000,4.7
1,Jendela Alam,Taman Hiburan,Bandung,20000,4.4
1,De Mata Museum Jogja,Budaya,Yogyakarta,50000,4.4
1,Museum Mpu Tantular,Budaya,Surabaya,2000,4.4
5,Sindu Kusuma Edupark (SKE),Taman Hiburan,Yogyakarta,20000,4.2
3,Kawah Rengganis Cibuni,Cagar Alam,Bandung,5000,4.3
5,Wisata Alam Mangrove Angke,Cagar Alam,Jakarta,25000,4.3
5,GunungTangkuban perahu,Cagar Alam,Bandung,30000,4.5
3,Puspa Iptek Sundial,Taman Hiburan,Bandung,25000,4.4
2,Taman Hiburan Rakyat,Taman Hiburan,Surabaya,5000,4.2
1,Monumen Bambu Runcing Surabaya,Budaya,Surabaya,0,4.6
2,Goa Rong,Cagar Alam,Semarang,5000,4.3
3,Taman Sejarah Bandung,Budaya,Bandung,0,4.6
1,The Great Asia Africa,Taman Hiburan,Bandung,50000,4.4
3,Alun-alun Utara Keraton Yogyakarta,Budaya,Yogyakarta,0,4.6
1,Situs Warungboto,Taman Hiburan,Yogyakarta,0,4.4
1,Pemandian Air Panas Cimanggu,Cagar Alam,Bandung,23000,3.9
2,Pantai Patihan,Bahari,Yogyakarta,5000,4.1
2,Desa Wisata Gamplong,Taman Hiburan,Yogyakarta,10000,4.4
4,Waduk Jatibarang,Cagar Alam,Semarang,2500,4.3
1,Kampung Wisata Sosro Menduran,Budaya,Yogyakarta,0,4.0
5,Pasar Baru,Pusat Perbelanjaan,Bandung,0,4.3
1,Pantai Timang,Bahari,Yogyakarta,10000,4.7
3,Galeri Nasional Indonesia,Budaya,Jakarta,0,4.6
4,Pantai Maron,Bahari,Semarang,5000,3.4
1,Taman Hutan Raya Ir. H. Juanda,Cagar Alam,Bandung,11000,4.5
2,Pasar Taman Puring,Pusat Perbelanjaan,Jakarta,0,4.4
2,Water Blaster Bukit Candi Golf,Taman Hiburan,Semarang,80000,4.2
3,The World Landmarks - Merapi Park Yogyakarta,Taman Hiburan,Yogyakarta,22000,4.2
1,Kebun Bibit Wonorejo,Cagar Alam,Surabaya,0,4.4
5,Caringin Tilu,Cagar Alam,Bandung,0,4.4
2,Taman Srigunting,Taman Hiburan,Semarang,0,4.7
1,Taman Situ Lembang,Taman Hiburan,Jakarta,0,4.5
1,Kyotoku Floating Market,Budaya,Bandung,175000,4.5
5,Bukit Gantole Cililin,Cagar Alam,Bandung,0,4.4
3,Museum Basoeki Abdullah,Budaya,Jakarta,1000,4.6
4,Taman Harmoni Keputih,Cagar Alam,Surabaya,0,4.4
5,Museum Sri Baduga,Budaya,Bandung,3000,4.5
1,Gunung Lalakon,Cagar Alam,Bandung,0,4.8
2,Masjid Istiqlal,Tempat Ibadah,Jakarta,0,4.7
1,Pantai Sepanjang,Bahari,Yogyakarta,10000,4.4
1,Museum Kebangkitan Nasional,Budaya,Jakarta,2000,4.7
1,Taman Pelangi,Taman Hiburan,Surabaya,0,4.5
1,Stone Garden Citatah,Taman Hiburan,Bandung,30000,4.4
1,Mall Thamrin City,Pusat Perbelanjaan,Jakarta,0,4.4
3,Pintoe Langit Dahromo,Cagar Alam,Yogyakarta,2500,4.4
1,Taman Begonia,Cagar Alam,Bandung,10000,4.4
3,Tebing Karaton,Cagar Alam,Bandung,15000,4.5
1,Pantai Marina,Bahari,Semarang,3000,4.1
5,Monumen Sanapati,Budaya,Yogyakarta,15000,4.3
2,Gua Maria Kerep Ambarawa,Cagar Alam,Semarang,2000,4.8
2,Taman Kunang-Kunang,Taman Hiburan,Surabaya,0,4.4
4,Pantai Cipta,Bahari,Semarang,5000,4.0
3,Monumen Tugu Pahlawan,Budaya,Surabaya,0,4.7
4,Candi Donotirto,Budaya,Yogyakarta,0,4.4
1,Pulau Bidadari,Bahari,Jakarta,5000,4.6
1,Monumen Jalesveva Jayamahe,Budaya,Surabaya,0,4.6
4,Curug Anom,Cagar Alam,Bandung,0,4.6
3,Dunia Fantasi,Taman Hiburan,Jakarta,270000,4.6
5,Pulau Pramuka,Bahari,Jakarta,5000,4.2
4,Pantai Depok Jogja,Bahari,Yogyakarta,10000,4.3
1,Patung Sura dan Buaya,Budaya,Surabaya,0,4.6
4,Taman Lansia,Taman Hiburan,Bandung,0,4.4
1,Pantai Siung,Bahari,Yogyakarta,10000,4.6
1,Masjid Agung Trans Studio Bandung,Tempat Ibadah,Bandung,0,4.8
2,Taman Badak,Taman Hiburan,Bandung,0,4.5
2,Pulau Tidung,Bahari,Jakarta,150000,4.5
1,Perpustakaan Nasional,Budaya,Jakarta,0,4.7
5,Museum Ullen Sentalu,Budaya,Yogyakarta,100000,4.7
4,Candi Borobudur,Budaya,Yogyakarta,50000,4.7
1,Museum Seni Rupa dan Kramik,Budaya,Jakarta,5000,4.4
5,Pantai Jogan,Bahari,Yogyakarta,5000,4.4
2,Masjid Muhammad Cheng Hoo,Tempat Ibadah,Surabaya,0,4.7
1,Candi Ratu Boko,Budaya,Yogyakarta,75000,4.6
1,Sendang Geulis Kahuripan,Cagar Alam,Bandung,10000,4.3
1,Caringin Tilu,Cagar Alam,Bandung,0,4.4
1,Wisata Lereng Kelir,Cagar Alam,Semarang,7000,4.3
5,Kampoeng Kopi Banaran,Taman Hiburan,Semarang,200000,4.3
3,Durian Gardens and Tourism Education Watu Simbar,Cagar Alam,Semarang,5000,4.1
2,Blue Lagoon Jogja,Taman Hiburan,Yogyakarta,10000,4.3
1,Selasar Sunaryo Art Space,Taman Hiburan,Bandung,25000,4.6
3,Masjid Muhammad Cheng Hoo,Tempat Ibadah,Surabaya,0,4.7
2,Museum Mpu Tantular,Budaya,Surabaya,2000,4.4
4,Situ Patenggang,Cagar Alam,Bandung,20000,4.5
1,Monumen Perjuangan Rakyat Jawa Barat,Budaya,Bandung,0,4.5
1,Durian Gardens and Tourism Education Watu Simbar,Cagar Alam,Semarang,5000,4.1
3,Monumen Bandung Lautan Api,Budaya,Bandung,0,4.3
5,Water Park Bandung Indah,Taman Hiburan,Bandung,50000,4.0
3,NuArt Sculpture Park,Taman Hiburan,Bandung,50000,4.7
1,Hutan Wisata Tinjomoyo Semarang,Cagar Alam,Semarang,3000,4.3
1,Museum Sumpah Pemuda,Budaya,Jakarta,2000,4.7
4,Gedung Agung Yogyakarta,Budaya,Yogyakarta,0,4.6
2,Taman Jomblo,Taman Hiburan,Bandung,10000,4.1
5,Pantai Ngobaran,Bahari,Yogyakarta,5000,4.6
4,Puncak Segoro,Cagar Alam,Yogyakarta,5000,4.2
4,Kebun Binatang Ragunan,Cagar Alam,Jakarta,4000,4.5
4,Taman Cattleya,Taman Hiburan,Jakarta,20000,4.5
1,Pasar Petak Sembilan,Pusat Perbelanjaan,Jakarta,0,4.4
4,Taman Ekspresi Dan Perpustakaan,Taman Hiburan,Surabaya,0,4.5
2,Kebun Binatang Ragunan,Cagar Alam,Jakarta,4000,4.5
4,Taman Kupu-Kupu Cihanjuang,Cagar Alam,Bandung,10000,4.0
3,Embung Tambakboyo,Taman Hiburan,Yogyakarta,0,4.4
3,Taman Keputran,Taman Hiburan,Surabaya,0,4.3
3,Sumur Gumuling,Taman Hiburan,Yogyakarta,7000,4.5
3,Taman Prestasi,Taman Hiburan,Surabaya,0,4.6
3,Pulau Pelangi,Bahari,Jakarta,900000,4.8
4,Bukit Gantole Cililin,Cagar Alam,Bandung,0,4.4
4,Museum Kereta Ambarawa,Budaya,Semarang,10000,4.5
1,Hutan Mangrove Kulon Progo,Bahari,Yogyakarta,5000,4.1
2,Pantai Sepanjang,Bahari,Yogyakarta,10000,4.4
3,Pantai Parangtritis,Bahari,Yogyakarta,10000,4.5
1,Keraton Surabaya,Budaya,Surabaya,0,4.4
1,Taman Budaya Yogyakarta,Budaya,Yogyakarta,0,4.5
1,Pantai Ria Kenjeran,Bahari,Surabaya,15000,4.2
1,Water Park Bandung Indah,Taman Hiburan,Bandung,50000,4.0
2,Embung Tambakboyo,Taman Hiburan,Yogyakarta,0,4.4
5,Taman Hiburan Rakyat,Taman Hiburan,Surabaya,5000,4.2
4,Museum Layang-layang,Budaya,Jakarta,10000,4.5
4,Museum Seni Rupa dan Kramik,Budaya,Jakarta,5000,4.4
3,Wisata Kraton Jogja,Budaya,Yogyakarta,7000,4.7
1,Wisata Mangrove Tapak,Cagar Alam,Semarang,5000,4.3
1,Pantai Nglambor,Bahari,Yogyakarta,10000,4.4
3,Taman Mundu,Taman Hiburan,Surabaya,0,4.4
3,Gereja Perawan Maria Tak Berdosa Surabaya,Tempat Ibadah,Surabaya,10000,4.8
4,Blue Lagoon Jogja,Taman Hiburan,Yogyakarta,10000,4.3
3,Roemah Seni Sarasvati,Budaya,Bandung,0,4.4
4,Masjid Pusdai,Tempat Ibadah,Bandung,0,4.7
1,Kebun Binatang Bandung,Cagar Alam,Bandung,20000,4.0
2,Gunung Manglayang,Cagar Alam,Bandung,7500,4.5
1,Monumen Tugu Pahlawan,Budaya,Surabaya,0,4.7
5,Air Terjun Kali Pancur,Cagar Alam,Semarang,5000,4.1
2,Kampung Korea Bandung,Budaya,Bandung,15000,4.1
3,Curug Batu Templek,Cagar Alam,Bandung,5000,4.1
1,Masjid Nasional Al-Akbar,Tempat Ibadah,Surabaya,0,4.9
1,Mountain View Golf Club,Cagar Alam,Bandung,375000,4.4
5,Taman Agrowisata Cilangkap,Taman Hiburan,Jakarta,0,4.2
1,Pantai Patihan,Bahari,Yogyakarta,5000,4.1
5,Peta Park,Taman Hiburan,Bandung,15000,4.3
1,Air Mancur Menari,Taman Hiburan,Surabaya,35000,4.4
1,Pantai Sanglen,Bahari,Yogyakarta,10000,4.5
3,Kampung Wisata Sosro Menduran,Budaya,Yogyakarta,0,4.0
1,Museum De Javasche Bank,Budaya,Surabaya,5000,4.6
1,Museum Pos Indonesia,Budaya,Bandung,0,4.5
1,Food Junction Grand Pakuwon,Pusat Perbelanjaan,Surabaya,0,4.5
1,Museum Pendidikan Nasional,Budaya,Bandung,5000,4.6
3,Taman Kasmaran,Taman Hiburan,Semarang,3000,4.5
5,Wot Batu,Cagar Alam,Bandung,50000,4.7
3,Pecinan Glodok,Pusat Perbelanjaan,Jakarta,0,4.3
2,Watu Lumbung,Cagar Alam,Yogyakarta,5000,4.3
2,Pantai Pulang Sawal,Bahari,Yogyakarta,10000,4.5
4,Patung Sura dan Buaya,Budaya,Surabaya,0,4.6
4,Freedom Library,Budaya,Jakarta,0,5.0
5,Taman Pandanaran,Taman Hiburan,Semarang,0,4.4
4,Candi Ijo,Budaya,Yogyakarta,5000,4.6
5,Lembang Park & Zoo,Cagar Alam,Bandung,50000,4.5
3,Pantai Glagah,Bahari,Yogyakarta,5000,4.4
1,Ciputra Waterpark,Taman Hiburan,Surabaya,95000,4.3
1,Tebing Breksi,Budaya,Yogyakarta,20000,4.4
4,Chingu Cafe Little Seoul,Taman Hiburan,Bandung,50000,4.5
4,Surabaya North Quay,Taman Hiburan,Surabaya,50000,4.4
1,Wisata Agro Edukatif Istana Susu Cibugary,Taman Hiburan,Jakarta,35000,4.5
1,Pura Giri Natha,Budaya,Semarang,20000,4.7
1,Hutan Pinus Kayon,Cagar Alam,Semarang,6000,4.4
1,Galeri Nasional Indonesia,Budaya,Jakarta,0,4.6
4,Pantai Ngobaran,Bahari,Yogyakarta,5000,4.6
1,Old City 3D Trick Art Museum,Budaya,Semarang,50000,4.4
1,Ciwangun Indah Camp Official,Cagar Alam,Bandung,10000,4.3
1,Taman Bunga Cihideung,Cagar Alam,Bandung,0,4.1
1,Pasar Kebon Empring Bintaran,Pusat Perbelanjaan,Yogyakarta,0,4.4
5,Pulau Bidadari,Bahari,Jakarta,5000,4.6
4,Rabbit Town,Taman Hiburan,Bandung,45000,4.0
3,The Great Asia Africa,Taman Hiburan,Bandung,50000,4.4
4,Pantai Sepanjang,Bahari,Yogyakarta,10000,4.4
2,Taman Legenda Keong Emas,Taman Hiburan,Jakarta,30000,4.5
1,Kebun Teh Nglinggo,Cagar Alam,Yogyakarta,6000,4.5
5,Kawasan Malioboro,Taman Hiburan,Yogyakarta,0,4.8
1,Pantai Ngobaran,Bahari,Yogyakarta,5000,4.6
3,Pantai Depok Jogja,Bahari,Yogyakarta,10000,4.3
5,Sea World,Taman Hiburan,Jakarta,115000,4.5
5,Taman Bunga Cihideung,Cagar Alam,Bandung,0,4.1
1,Museum Macan (Modern and Contemporary Art in Nusantara),Budaya,Jakarta,100000,4.5
1,Gua Belanda,Cagar Alam,Bandung,15000,4.4
5,Green Village Gedangsari,Taman Hiburan,Yogyakarta,2000,4.2
4,Taman Pandanaran,Taman Hiburan,Semarang,0,4.4
4,Pantai Kukup,Bahari,Yogyakarta,10000,4.0
2,Waterboom PIK (Pantai Indah Kapuk),Taman Hiburan,Jakarta,300000,4.4
4,Rainbow Garden,Cagar Alam,Bandung,20000,4.6
1,Lava Bantal,Budaya,Yogyakarta,5000,4.4
2,Museum Kesehatan Dr. Adhyatma,Budaya,Surabaya,10000,4.4
1,Museum Gedung Sate,Budaya,Bandung,5000,4.6
3,Atlantis Water Adventure,Taman Hiburan,Jakarta,94000,4.5
1,Bangsal Pagelaran,Budaya,Yogyakarta,5000,4.6
3,Wisata Kampung Krisan Clapar,Taman Hiburan,Semarang,10000,4.1
1,Taman Menteng,Taman Hiburan,Jakarta,0,4.5
1,Puspa Iptek Sundial,Taman Hiburan,Bandung,25000,4.4
1,Green Village Gedangsari,Taman Hiburan,Yogyakarta,2000,4.2
1,Wisata Kaliurang,Cagar Alam,Yogyakarta,8000,4.4
3,Goa Cerme,Cagar Alam,Yogyakarta,3000,4.4
1,Taman Tabanas,Taman Hiburan,Semarang,0,4.4
2,Goa Jomblang,Cagar Alam,Yogyakarta,500000,4.6
1,Taman Ismail Marzuki,Budaya,Jakarta,5000,4.6
5,Pantai Pulang Sawal,Bahari,Yogyakarta,10000,4.5
4,Wisata Kuliner Pecenongan,Pusat Perbelanjaan,Jakarta,0,5.0
1,Kota Lama Semarang,Budaya,Semarang,0,4.7
3,Pemandian Air Panas Ciater,Cagar Alam,Bandung,15000,4.3
2,Taman Kupu-Kupu Cihanjuang,Cagar Alam,Bandung,10000,4.0
3,Puncak Gunung Api Purba - Nglanggeran,Cagar Alam,Yogyakarta,10000,4.7
1,Bendung Lepen,Taman Hiburan,Yogyakarta,0,4.6
3,Kawasan Punclut,Taman Hiburan,Bandung,20000,4.4
5,Taman Tabanas,Taman Hiburan,Semarang,0,4.4
1,Studio Alam Gamplong,Taman Hiburan,Yogyakarta,10000,4.4
1,Waterpark Kenjeran Surabaya,Taman Hiburan,Surabaya,35000,4.1
3,Seribu Batu Songgo Langit,Cagar Alam,Yogyakarta,2000,4.6
2,Atlantis Land Surabaya,Taman Hiburan,Surabaya,125000,4.4
1,Bukit Moko,Cagar Alam,Bandung,25000,4.5
4,Masjid Nasional Al-Akbar,Tempat Ibadah,Surabaya,0,4.9
3,Monumen Serangan Umum 1 Maret,Taman Hiburan,Yogyakarta,3000,4.6
1,Taman Mini Indonesia Indah (TMII),Taman Hiburan,Jakarta,10000,4.5
4,Masjid Raya Bandung,Tempat Ibadah,Bandung,0,4.7
5,Taman Cattleya,Taman Hiburan,Jakarta,20000,4.5
5,Museum Konferensi Asia Afrika,Budaya,Bandung,0,4.6
4,Museum Konferensi Asia Afrika,Budaya,Bandung,0,4.6
1,Surabaya North Quay,Taman Hiburan,Surabaya,50000,4.4
2,Puncak Segoro,Cagar Alam,Yogyakarta,5000,4.2
3,Masjid Agung Ungaran,Tempat Ibadah,Semarang,0,4.7
1,Lereng Anteng Panoramic Coffee Place,Cagar Alam,Bandung,50000,4.4
2,Benteng Pendem,Budaya,Semarang,5000,4.2
3,Gua Belanda,Cagar Alam,Bandung,15000,4.4
3,Museum Gedung Sate,Budaya,Bandung,5000,4.6
1,Kampung Batik Gedong Semarang,Budaya,Semarang,0,4.4
5,Tugu Proklamasi,Budaya,Jakarta,0,4.6
5,Candi Ijo,Budaya,Yogyakarta,5000,4.6
1,Sindu Kusuma Edupark (SKE),Taman Hiburan,Yogyakarta,20000,4.2
1,Taman Legenda Keong Emas,Taman Hiburan,Jakarta,30000,4.5
3,Monumen Perjuangan Rakyat Jawa Barat,Budaya,Bandung,0,4.5
2,Observatorium Bosscha,Cagar Alam,Bandung,25000,4.5
3,Watu Lumbung,Cagar Alam,Yogyakarta,5000,4.3
1,Masjid Muhammad Cheng Hoo,Tempat Ibadah,Surabaya,0,4.7
2,Tebing Breksi,Budaya,Yogyakarta,20000,4.4
5,Hutan Bambu Keputih,Cagar Alam,Surabaya,0,4.3
3,Sanghyang Heuleut,Cagar Alam,Bandung,10000,4.4
4,Pulau Tidung,Bahari,Jakarta,150000,4.5
1,Museum Mandala Wangsit Siliwangi,Budaya,Bandung,0,4.4
2,Tugu Muda Semarang,Budaya,Semarang,0,4.7
4,Bukit Panguk Kediwung,Budaya,Yogyakarta,250000,4.5
2,Curug Tilu Leuwi Opat,Cagar Alam,Bandung,10000,4.4
5,Bendung Lepen,Taman Hiburan,Yogyakarta,0,4.6
3,Gumuk Pasir Parangkusumo,Taman Hiburan,Yogyakarta,0,4.5
4,Jurang Tembelan Kanigoro,Taman Hiburan,Yogyakarta,2500,4.5
1,Sudut Pandang Bandung,Taman Hiburan,Bandung,50000,4.6
3,Taman Situ Lembang,Taman Hiburan,Jakarta,0,4.5
3,Brown Canyon,Cagar Alam,Semarang,0,4.2
5,Pantai Sadranan,Bahari,Yogyakarta,10000,4.6
1,Rabbit Town,Taman Hiburan,Bandung,45000,4.0
1,Kawasan Malioboro,Taman Hiburan,Yogyakarta,0,4.8
2,Pantai Cipta,Bahari,Semarang,5000,4.0
3,Skyrink - Mall Taman Anggrek,Taman Hiburan,Jakarta,110000,4.5
3,Pantai Ngrenehan,Bahari,Yogyakarta,3000,4.4
1,Pantai Congot,Bahari,Yogyakarta,3000,4.3
1,Dunia Fantasi,Taman Hiburan,Jakarta,270000,4.6
1,Tugu Proklamasi,Budaya,Jakarta,0,4.6
2,Masjid Raya Bandung,Tempat Ibadah,Bandung,0,4.7
5,Gua Maria Kerep Ambarawa,Cagar Alam,Semarang,2000,4.8
4,Tugu Muda Semarang,Budaya,Semarang,0,4.7
2,Masjid Daarut Tauhiid Bandung,Tempat Ibadah,Bandung,0,4.9
5,Gedung Agung Yogyakarta,Budaya,Yogyakarta,0,4.6
4,Wisata Lereng Kelir,Cagar Alam,Semarang,7000,4.3
2,Amazing Art World,Budaya,Bandung,75000,4.5
2,Saung Angklung Mang Udjo,Budaya,Bandung,75000,4.7
5,Monumen Tugu Pahlawan,Budaya,Surabaya,0,4.7
1,Museum Barli,Budaya,Bandung,15000,4.4
2,Saloka Theme Park,Taman Hiburan,Semarang,150000,4.4
2,Bukit Bintang Yogyakarta,Taman Hiburan,Yogyakarta,25000,4.5
4,Kawasan Kuliner BSM,Pusat Perbelanjaan,Jakarta,0,4.6
1,The Lodge Maribaya,Cagar Alam,Bandung,25000,4.3
5,Puncak Pinus Becici,Taman Hiburan,Yogyakarta,3000,4.5
4,Monumen Sanapati,Budaya,Yogyakarta,15000,4.3
3,Air Mancur Menari,Taman Hiburan,Surabaya,35000,4.4
4,Museum De Javasche Bank,Budaya,Surabaya,5000,4.6
1,Jogja Bay Pirates Adventure Waterpark,Taman Hiburan,Yogyakarta,150000,4.4
3,Monumen Selamat Datang,Budaya,Jakarta,0,4.7
1,Curug Cimahi,Cagar Alam,Bandung,15000,4.6
4,Museum Sumpah Pemuda,Budaya,Jakarta,2000,4.7
1,Kawasan Kuliner BSM,Pusat Perbelanjaan,Jakarta,0,4.6
1,Taman Kupu-Kupu Cihanjuang,Cagar Alam,Bandung,10000,4.0
1,Kampoeng Tulip,Taman Hiburan,Bandung,15000,3.8
1,Curug Aseupan,Cagar Alam,Bandung,10000,4.7
1,Pantai Nguluran,Bahari,Yogyakarta,10000,4.1
1,GunungTangkuban perahu,Cagar Alam,Bandung,30000,4.5
1,Monumen Nasional,Budaya,Jakarta,20000,4.6
3,Kawah Putih,Cagar Alam,Bandung,81000,4.5
3,Flower Farm Setiya Aji,Cagar Alam,Semarang,7500,4.1
3,Taman Vanda,Taman Hiburan,Bandung,0,4.3
3,Kebun Binatang Ragunan,Cagar Alam,Jakarta,4000,4.5
3,Pemandian Air Panas Cimanggu,Cagar Alam,Bandung,23000,3.9
2,Monumen Perjuangan Rakyat Jawa Barat,Budaya,Bandung,0,4.5
3,Pantai Kukup,Bahari,Yogyakarta,10000,4.0
1,Masjid Al-Imtizaj,Tempat Ibadah,Bandung,0,4.7
5,Curug Luhur Waterfall,Cagar Alam,Bandung,5000,4.2
2,Museum Ullen Sentalu,Budaya,Yogyakarta,100000,4.7
1,Pantai Pok Tunggal,Bahari,Yogyakarta,10000,4.5
1,Goa Cerme,Cagar Alam,Yogyakarta,3000,4.4
3,Taman Srigunting,Taman Hiburan,Semarang,0,4.7
5,Desa Wisata Pulesari,Taman Hiburan,Yogyakarta,0,4.4
2,Atlantis Water Adventure,Taman Hiburan,Jakarta,94000,4.5
4,Kampung Wisata Taman Sari,Taman Hiburan,Yogyakarta,5000,4.6
4,Old City 3D Trick Art Museum,Budaya,Semarang,50000,4.4
4,Pantai Sedahan,Bahari,Yogyakarta,5000,4.5
3,Tirto Argo Siwarak,Taman Hiburan,Semarang,20000,4.4
1,Curug Malela,Cagar Alam,Bandung,10000,4.4
1,Grand Indonesia Mall,Pusat Perbelanjaan,Jakarta,0,4.7
3,The Lost World Castle,Taman Hiburan,Yogyakarta,30000,4.3
3,Wisata Mangrove Tapak,Cagar Alam,Semarang,5000,4.3
5,Monumen Nasional,Budaya,Jakarta,20000,4.6
1,Wisata Alam Mangrove Angke,Cagar Alam,Jakarta,25000,4.3
2,Museum Layang-layang,Budaya,Jakarta,10000,4.5
4,Pecinan Glodok,Pusat Perbelanjaan,Jakarta,0,4.3
1,Bukit Bintang,Cagar Alam,Bandung,25000,4.6
4,Goa Pindul,Cagar Alam,Yogyakarta,40000,4.5
2,Bendung Lepen,Taman Hiburan,Yogyakarta,0,4.6
1,Hutan Pinus Pengger,Taman Hiburan,Yogyakarta,3000,4.5
2,Freedom Library,Budaya,Jakarta,0,5.0
3,Jembatan Merah,Budaya,Surabaya,0,4.5
5,Dunia Fantasi,Taman Hiburan,Jakarta,270000,4.6
3,Pantai Baruna,Bahari,Semarang,3000,4.0
2,Pantai Ria Kenjeran,Bahari,Surabaya,15000,4.2
1,Kawah Rengganis Cibuni,Cagar Alam,Bandung,5000,4.3
5,Museum Nike Ardilla,Budaya,Bandung,0,4.6
5,Watu Goyang,Budaya,Yogyakarta,2500,4.4
1,Pantai Glagah,Bahari,Yogyakarta,5000,4.4
4,Taman Prestasi,Taman Hiburan,Surabaya,0,4.6
1,Sea World,Taman Hiburan,Jakarta,115000,4.5
2,Kyotoku Floating Market,Budaya,Bandung,175000,4.5
2,Taman Ekspresi Dan Perpustakaan,Taman Hiburan,Surabaya,0,4.5
2,The Great Asia Africa,Taman Hiburan,Bandung,50000,4.4
4,Curug Cilengkrang,Cagar Alam,Bandung,7500,4.0
5,Pantai Baruna,Bahari,Semarang,3000,4.0
4,Pantai Jungwok,Bahari,Yogyakarta,5000,4.6
1,Museum Benteng Vredeburg Yogyakarta,Budaya,Yogyakarta,3000,4.6
3,Stone Garden Citatah,Taman Hiburan,Bandung,30000,4.4
1,Peta Park,Taman Hiburan,Bandung,15000,4.3
5,Taman Lalu Lintas Ade Irma Suryani Nasution,Taman Hiburan,Bandung,7000,4.4
1,Pasar Beringharjo,Pusat Perbelanjaan,Yogyakarta,0,4.5
4,Wisata Kampung Krisan Clapar,Taman Hiburan,Semarang,10000,4.1
3,Kampung Tematik Jawi,Budaya,Semarang,0,4.5
1,Gunung Papandayan,Cagar Alam,Bandung,30000,4.6
2,Puspa Iptek Sundial,Taman Hiburan,Bandung,25000,4.4
4,Bendung Lepen,Taman Hiburan,Yogyakarta,0,4.6
2,Plaza Indonesia,Pusat Perbelanjaan,Jakarta,0,4.7
5,Ekowisata Mangrove Wonorejo,Cagar Alam,Surabaya,0,4.3
3,Masjid Kapal Semarang,Tempat Ibadah,Semarang,0,4.1
2,Pantai Congot,Bahari,Yogyakarta,3000,4.3
4,The Lodge Maribaya,Cagar Alam,Bandung,25000,4.3
4,House of Sampoerna,Budaya,Surabaya,0,4.6
3,Curug Cilengkrang,Cagar Alam,Bandung,7500,4.0
1,Umbul Sidomukti,Cagar Alam,Semarang,75000,4.6
2,Curug Cimahi,Cagar Alam,Bandung,15000,4.6
4,Watu Gunung Ungaran,Cagar Alam,Semarang,25000,4.4
3,Rainbow Garden,Cagar Alam,Bandung,20000,4.6
2,Gua Belanda,Cagar Alam,Bandung,15000,4.4
1,Taman Lansia,Taman Hiburan,Bandung,0,4.4
3,Bumi Perkemahan Cibubur,Taman Hiburan,Jakarta,10000,4.5
3,Museum Barli,Budaya,Bandung,15000,4.4
4,Wisata Alam Mangrove Angke,Cagar Alam,Jakarta,25000,4.3
5,Wisata Batu Kuda,Cagar Alam,Bandung,10000,4.4
3,Pasar Tanah Abang,Pusat Perbelanjaan,Jakarta,0,4.0
4,Obyek Wisata Goa Kreo,Cagar Alam,Semarang,5500,4.3
2,Monumen Bambu Runcing Surabaya,Budaya,Surabaya,0,4.6
1,Taman Air Mancur Menari Kenjeran,Taman Hiburan,Surabaya,0,4.4
3,Museum Geologi Bandung,Budaya,Bandung,2000,4.6
4,Flower Farm Setiya Aji,Cagar Alam,Semarang,7500,4.1
1,Museum Satria Mandala,Budaya,Jakarta,5000,4.5
5,Old City 3D Trick Art Museum,Budaya,Semarang,50000,4.4
1,Taman Vanda,Taman Hiburan,Bandung,0,4.3
1,Panama Park 825,Taman Hiburan,Bandung,50000,4.4
5,Hutan Pinus Asri,Cagar Alam,Yogyakarta,2500,4.5
1,Masjid Istiqlal,Tempat Ibadah,Jakarta,0,4.7
4,Semarang Contemporary Art Gallery,Budaya,Semarang,10000,4.6
1,Pulau Semak Daun,Bahari,Jakarta,40000,4.0
5,Taman Mini Indonesia Indah (TMII),Taman Hiburan,Jakarta,10000,4.5
1,Pasar Taman Puring,Pusat Perbelanjaan,Jakarta,0,4.4
1,Taman Hutan Raya Ir. H. Djuanda,Cagar Alam,Bandung,15000,4.5
1,Waduk Jatibarang,Cagar Alam,Semarang,2500,4.3
1,Museum Bahari Jakarta,Budaya,Jakarta,2000,4.4
5,Happyfarm Ciwidey,Cagar Alam,Bandung,15000,4.2
1,Jembatan Merah,Budaya,Surabaya,0,4.5
3,Kawasan Malioboro,Taman Hiburan,Yogyakarta,0,4.8
3,Pantai Indrayanti,Bahari,Yogyakarta,10000,4.5
3,Green Village Gedangsari,Taman Hiburan,Yogyakarta,2000,4.2
3,Klenteng Jin De Yuan,Tempat Ibadah,Jakarta,0,4.5
5,House of Sampoerna,Budaya,Surabaya,0,4.6
1,Patung Buddha Empat Rupa,Budaya,Surabaya,0,4.3
1,Taman Lalu Lintas Ade Irma Suryani Nasution,Taman Hiburan,Bandung,7000,4.4
2,Gembira Loka Zoo,Cagar Alam,Yogyakarta,60000,4.5
1,Museum Joang 45,Budaya,Jakarta,2000,4.0
4,Air Terjun Kedung Pedut,Cagar Alam,Yogyakarta,20000,4.5
2,Selasar Sunaryo Art Space,Taman Hiburan,Bandung,25000,4.6
3,Balai Kota Surabaya,Budaya,Surabaya,0,4.7
2,Jembatan Merah,Budaya,Surabaya,0,4.5
2,Pantai Ngandong,Bahari,Yogyakarta,10000,4.5
2,Ocean Ecopark,Taman Hiburan,Jakarta,180000,4.0
4,Taman Flora Bratang Surabaya,Taman Hiburan,Surabaya,0,4.6
1,Pulau Pelangi,Bahari,Jakarta,900000,4.8
1,Jembatan Biru Ambarawa,Taman Hiburan,Semarang,0,4.2
4,Sunrise Point Cukul,Cagar Alam,Bandung,10000,4.6
4,Museum Ullen Sentalu,Budaya,Yogyakarta,100000,4.7
1,Lawangwangi Creative Space,Taman Hiburan,Bandung,0,4.4
2,Museum Fatahillah,Budaya,Jakarta,5000,4.4
1,Galeri Indonesia Kaya,Budaya,Jakarta,0,4.8
1,Galaxy Waterpark Jogja,Taman Hiburan,Yogyakarta,40000,4.3
5,Farm House Susu Lembang,Taman Hiburan,Bandung,30000,4.4
5,Goa Rong,Cagar Alam,Semarang,5000,4.3
1,Atlantis Water Adventure,Taman Hiburan,Jakarta,94000,4.5
2,Jembatan Kota Intan,Budaya,Jakarta,0,4.3
2,Mountain View Golf Club,Cagar Alam,Bandung,375000,4.4
5,Chingu Cafe Little Seoul,Taman Hiburan,Bandung,50000,4.5
3,Freedom Library,Budaya,Jakarta,0,5.0
1,Danau Rawa Pening,Cagar Alam,Semarang,15000,4.4
3,Pulau Tidung,Bahari,Jakarta,150000,4.5
4,Wisata Agro Edukatif Istana Susu Cibugary,Taman Hiburan,Jakarta,35000,4.5
1,Watu Gunung Ungaran,Cagar Alam,Semarang,25000,4.4
1,Jurang Tembelan Kanigoro,Taman Hiburan,Yogyakarta,2500,4.5
2,Stone Garden Citatah,Taman Hiburan,Bandung,30000,4.4
1,Masjid Agung Ungaran,Tempat Ibadah,Semarang,0,4.7
1,Wisata Alam Wana Wisata Penggaron,Cagar Alam,Semarang,10000,4.1
1,Pantai Wediombo,Bahari,Yogyakarta,5000,4.5
4,Wisata Kaliurang,Cagar Alam,Yogyakarta,8000,4.4
1,Tugu Muda Semarang,Budaya,Semarang,0,4.7
1,Museum Kesehatan Dr. Adhyatma,Budaya,Surabaya,10000,4.4
1,Alive Museum Ancol,Taman Hiburan,Jakarta,200000,4.3
1,Museum Layang-layang,Budaya,Jakarta,10000,4.5
1,Air Terjun Sri Gethuk,Cagar Alam,Yogyakarta,15000,4.4
2,Bukit Moko,Cagar Alam,Bandung,25000,4.5
4,Museum Fatahillah,Budaya,Jakarta,5000,4.4
1,Museum Geologi Bandung,Budaya,Bandung,2000,4.6
2,Pantai Ngobaran,Bahari,Yogyakarta,5000,4.6
2,Candi Ijo,Budaya,Yogyakarta,5000,4.6
1,Jakarta Planetarium,Taman Hiburan,Jakarta,12000,4.1
3,Selasar Sunaryo Art Space,Taman Hiburan,Bandung,25000,4.6
1,Jakarta Aquarium dan Safari,Taman Hiburan,Jakarta,185000,4.6
5,Tugu Muda Semarang,Budaya,Semarang,0,4.7
4,Waterboom PIK (Pantai Indah Kapuk),Taman Hiburan,Jakarta,300000,4.4
1,Taman Bungkul,Taman Hiburan,Surabaya,0,4.6
1,Pantai Ngandong,Bahari,Yogyakarta,10000,4.5
5,Selasar Sunaryo Art Space,Taman Hiburan,Bandung,25000,4.6
5,Saung Angklung Mang Udjo,Budaya,Bandung,75000,4.7
2,Kampung Pelangi,Taman Hiburan,Semarang,3000,4.3
1,Taman Agrowisata Cilangkap,Taman Hiburan,Jakarta,0,4.2
1,Goa Pindul,Cagar Alam,Yogyakarta,40000,4.5
4,Desa Wisata Rumah Domes/Teletubbies,Taman Hiburan,Yogyakarta,5000,4.1
1,Bentara Budaya Yogyakarta (BBY),Budaya,Yogyakarta,0,4.5
4,Taman Hutan Raya Ir. H. Djuanda,Cagar Alam,Bandung,15000,4.5
5,Pulau Tidung,Bahari,Jakarta,150000,4.5
4,Kampoeng Tulip,Taman Hiburan,Bandung,15000,3.8
5,Kampung Wisata Dipowinatan,Budaya,Yogyakarta,220000,4.5
1,Bukit Lintang Sewu,Taman Hiburan,Yogyakarta,2000,4.5
4,Dago Dreampark,Taman Hiburan,Bandung,40000,4.2
4,Museum Sasmita Loka Ahmad Yani,Budaya,Jakarta,2000,4.7
4,Pantai Wediombo,Bahari,Yogyakarta,5000,4.5
3,Bukit Lintang Sewu,Taman Hiburan,Yogyakarta,2000,4.5
5,Embung Tambakboyo,Taman Hiburan,Yogyakarta,0,4.4
1,Museum Ullen Sentalu,Budaya,Yogyakarta,100000,4.7
1,Wisata Eling Bening,Cagar Alam,Semarang,25000,4.3
2,Taman Kasmaran,Taman Hiburan,Semarang,3000,4.5
2,Bukit Bintang,Cagar Alam,Bandung,25000,4.6
4,Ciwangun Indah Camp Official,Cagar Alam,Bandung,10000,4.3
4,GunungTangkuban perahu,Cagar Alam,Bandung,30000,4.5
5,Saloka Theme Park,Taman Hiburan,Semarang,150000,4.4
2,"Bukit Paralayang, Watugupit",Cagar Alam,Yogyakarta,5000,4.7
5,Kampoeng Rawa,Cagar Alam,Semarang,3000,4.5
4,Alive Museum Ancol,Taman Hiburan,Jakarta,200000,4.3
5,Kampung Wisata Kadipaten,Budaya,Yogyakarta,0,4.4
1,Candi Gedong Songo,Budaya,Semarang,10000,4.5
4,Saung Angklung Mang Udjo,Budaya,Bandung,75000,4.7
1,Balai Kota Surabaya,Budaya,Surabaya,0,4.7
1,Museum Sonobudoyo Unit I,Budaya,Yogyakarta,5000,4.6
3,Taman Pintar Yogyakarta,Taman Hiburan,Yogyakarta,6000,4.5
1,Pantai Parangtritis,Bahari,Yogyakarta,10000,4.5
1,Taman Cattleya,Taman Hiburan,Jakarta,20000,4.5
1,Taman Pandanaran,Taman Hiburan,Semarang,0,4.4
3,Pantai Cipta,Bahari,Semarang,5000,4.0
1,Kawasan Wisata Sosrowijayan,Pusat Perbelanjaan,Yogyakarta,0,4.0
2,Ekowisata Mangrove Wonorejo,Cagar Alam,Surabaya,0,4.3
3,Benteng Pendem,Budaya,Semarang,5000,4.2
3,Pantai Greweng,Bahari,Yogyakarta,5000,4.6
3,Pantai Ria Kenjeran,Bahari,Surabaya,15000,4.2
5,Kebun Binatang Ragunan,Cagar Alam,Jakarta,4000,4.5
1,Keraton Yogyakarta,Budaya,Yogyakarta,15000,4.6
2,Candi Ratu Boko,Budaya,Yogyakarta,75000,4.6
5,Alun Alun Selatan Yogyakarta,Taman Hiburan,Yogyakarta,0,4.6
5,Masjid Istiqlal,Tempat Ibadah,Jakarta,0,4.7
1,Nol Kilometer Jl.Malioboro,Taman Hiburan,Yogyakarta,0,4.7
1,Skyrink - Mall Taman Anggrek,Taman Hiburan,Jakarta,110000,4.5
2,Teras Cikapundung BBWS,Taman Hiburan,Bandung,0,4.3
4,Danau Rawa Pening,Cagar Alam,Semarang,15000,4.4
2,Monumen Jalesveva Jayamahe,Budaya,Surabaya,0,4.6
4,Puspa Iptek Sundial,Taman Hiburan,Bandung,25000,4.4
3,Taman Ayodya,Taman Hiburan,Jakarta,0,4.4
2,Seribu Batu Songgo Langit,Cagar Alam,Yogyakarta,2000,4.6
1,Saloka Theme Park,Taman Hiburan,Semarang,150000,4.4
2,Masjid Agung Trans Studio Bandung,Tempat Ibadah,Bandung,0,4.8
5,Benteng Pendem,Budaya,Semarang,5000,4.2
4,Rumah Sipitung,Budaya,Jakarta,5000,4.5
1,Candi Borobudur,Budaya,Yogyakarta,50000,4.7
1,Bunker Kaliadem Merapi,Cagar Alam,Yogyakarta,3000,4.5
1,Sungai Palayangan,Cagar Alam,Bandung,150000,4.6
5,Masjid Salman ITB,Tempat Ibadah,Bandung,0,4.8
3,Museum Bank Indonesia,Budaya,Jakarta,2000,4.7
4,Desa Wisata Lembah Kalipancur,Taman Hiburan,Semarang,0,3.9
1,Lembang Park & Zoo,Cagar Alam,Bandung,50000,4.5
2,Pantai Greweng,Bahari,Yogyakarta,5000,4.6
1,Bukit Wisata Pulepayung,Cagar Alam,Yogyakarta,10000,4.5
1,Curug Tilu Leuwi Opat,Cagar Alam,Bandung,10000,4.4
1,Pantai Ngrawe (Mesra),Bahari,Yogyakarta,10000,4.5
4,Water Blaster Bukit Candi Golf,Taman Hiburan,Semarang,80000,4.2
1,Masjid Raya Bandung,Tempat Ibadah,Bandung,0,4.7
3,Masjid Nasional Al-Akbar,Tempat Ibadah,Surabaya,0,4.9
5,Bandros City Tour,Budaya,Bandung,40000,4.4
4,Pulau Pramuka,Bahari,Jakarta,5000,4.2
1,Gumuk Pasir Parangkusumo,Taman Hiburan,Yogyakarta,0,4.5
5,Lava Bantal,Budaya,Yogyakarta,5000,4.4
5,Museum Layang-layang,Budaya,Jakarta,10000,4.5
4,Monumen Perjuangan Rakyat Jawa Barat,Budaya,Bandung,0,4.5
4,Wot Batu,Cagar Alam,Bandung,50000,4.7
5,Jakarta Planetarium,Taman Hiburan,Jakarta,12000,4.1
3,Sindu Kusuma Edupark (SKE),Taman Hiburan,Yogyakarta,20000,4.2
1,Taman Film,Budaya,Bandung,0,4.3
3,Pantai Ngrawe (Mesra),Bahari,Yogyakarta,10000,4.5
5,Museum Geologi Bandung,Budaya,Bandung,2000,4.6
4,Kota Lama Semarang,Budaya,Semarang,0,4.7
2,Pantai Sedahan,Bahari,Yogyakarta,5000,4.5
1,Goa Rancang Kencono,Cagar Alam,Yogyakarta,5000,4.3
2,Situs Warungboto,Taman Hiburan,Yogyakarta,0,4.4
1,Sanghyang Heuleut,Cagar Alam,Bandung,10000,4.4
5,Museum Sepuluh Nopember Kota Surabaya,Budaya,Surabaya,5000,4.7
5,Taman Lapangan Banteng,Taman Hiburan,Jakarta,0,4.7
5,Taman Budaya Yogyakarta,Budaya,Yogyakarta,0,4.5
1,Alun Alun Selatan Yogyakarta,Taman Hiburan,Yogyakarta,0,4.6
3,Lava Bantal,Budaya,Yogyakarta,5000,4.4
2,Grojogan Watu Purbo Bangunrejo,Taman Hiburan,Yogyakarta,10000,4.5
3,Old City 3D Trick Art Museum,Budaya,Semarang,50000,4.4
2,Gereja Tiberias Indonesia Bandung,Tempat Ibadah,Bandung,0,4.9
1,Masjid Daarut Tauhiid Bandung,Tempat Ibadah,Bandung,0,4.9
3,Rabbit Town,Taman Hiburan,Bandung,45000,4.0
1,Pantai Baruna,Bahari,Semarang,3000,4.0
3,Jendela Alam,Taman Hiburan,Bandung,20000,4.4
4,Studio Alam Gamplong,Taman Hiburan,Yogyakarta,10000,4.4
4,Curug Batu Templek,Cagar Alam,Bandung,5000,4.1
2,Tugu Proklamasi,Budaya,Jakarta,0,4.6
3,Kebun Binatang Surabaya,Cagar Alam,Surabaya,15000,4.3
1,Desa Wisata Pulesari,Taman Hiburan,Yogyakarta,0,4.4
5,Wisata Alam Kalibiru,Cagar Alam,Yogyakarta,20000,4.4
5,Monumen Bandung Lautan Api,Budaya,Bandung,0,4.3
5,Jendela Alam,Taman Hiburan,Bandung,20000,4.4
5,Pantai Maron,Bahari,Semarang,5000,3.4
4,Wisata Alam Kalibiru,Cagar Alam,Yogyakarta,20000,4.4
3,Pantai Nguluran,Bahari,Yogyakarta,10000,4.1
5,Gedung Sate,Budaya,Bandung,5000,4.6
1,Upside Down World Bandung,Taman Hiburan,Bandung,100000,4.0
5,Wisata Kuliner Pecenongan,Pusat Perbelanjaan,Jakarta,0,5.0
5,Curug Cimahi,Cagar Alam,Bandung,15000,4.6
5,Dusun Bambu,Taman Hiburan,Bandung,25000,4.5
2,Pantai Nguluran,Bahari,Yogyakarta,10000,4.1
1,Watu Goyang,Budaya,Yogyakarta,2500,4.4
1,Plaza Indonesia,Pusat Perbelanjaan,Jakarta,0,4.7
5,Kebun Binatang Bandung,Cagar Alam,Bandung,20000,4.0
5,Masjid Kapal Semarang,Tempat Ibadah,Semarang,0,4.1
3,Curug Bugbrug,Cagar Alam,Bandung,7500,4.3
5,Heha Sky View,Taman Hiburan,Yogyakarta,15000,4.4
3,Desa Wisata Pulesari,Taman Hiburan,Yogyakarta,0,4.4
1,Monumen Sanapati,Budaya,Yogyakarta,15000,4.3
1,Museum Gunung Merapi,Budaya,Yogyakarta,10000,4.4
1,Air Terjun Semirang,Cagar Alam,Semarang,9000,4.4
2,Museum Bank Indonesia,Budaya,Jakarta,2000,4.7
5,Taman Vanda,Taman Hiburan,Bandung,0,4.3
1,Taman Buah Surabaya,Taman Hiburan,Surabaya,0,4.1
3,Sungai Palayangan,Cagar Alam,Bandung,150000,4.6
4,Desa Wisata Tembi,Taman Hiburan,Yogyakarta,50000,4.5
1,Museum Sri Baduga,Budaya,Bandung,3000,4.5
2,Taman Pandanaran,Taman Hiburan,Semarang,0,4.4
1,NuArt Sculpture Park,Taman Hiburan,Bandung,50000,4.7
3,Museum Perangko,Budaya,Jakarta,5000,4.4
1,Klenteng Jin De Yuan,Tempat Ibadah,Jakarta,0,4.5
4,Lawang Sewu,Budaya,Semarang,10000,4.6
1,Pantai Kesirat,Bahari,Yogyakarta,5000,4.6
1,Taman Ekspresi Dan Perpustakaan,Taman Hiburan,Surabaya,0,4.5
1,Taman Hutan Tebet,Taman Hiburan,Jakarta,0,4.4
3,Taman Flora Bratang Surabaya,Taman Hiburan,Surabaya,0,4.6
3,Hutan Bambu Keputih,Cagar Alam,Surabaya,0,4.3
4,Trans Studio Bandung,Taman Hiburan,Bandung,280000,4.5
5,Curug Aseupan,Cagar Alam,Bandung,10000,4.7
3,Chingu Cafe Little Seoul,Taman Hiburan,Bandung,50000,4.5
1,Puncak Kebun Buah Mangunan,Taman Hiburan,Yogyakarta,5000,4.6
4,Pantai Pok Tunggal,Bahari,Yogyakarta,10000,4.5
5,Pantai Patihan,Bahari,Yogyakarta,5000,4.1
1,Desa Wisata Kelor,Taman Hiburan,Yogyakarta,0,4.4
3,Museum Sepuluh Nopember Kota Surabaya,Budaya,Surabaya,5000,4.7
1,Desa Wisata Tembi,Taman Hiburan,Yogyakarta,50000,4.5
2,Museum Konferensi Asia Afrika,Budaya,Bandung,0,4.6
5,Kauman Pakualaman Yogyakarta,Budaya,Yogyakarta,0,5.0
5,Bukit Lintang Sewu,Taman Hiburan,Yogyakarta,2000,4.5
1,Kebun Binatang Ragunan,Cagar Alam,Jakarta,4000,4.5
2,Museum Pos Indonesia,Budaya,Bandung,0,4.5
1,Pantai Ngrenehan,Bahari,Yogyakarta,3000,4.4
1,Wisata Alam Kalibiru,Cagar Alam,Yogyakarta,20000,4.4
1,Taman Ayodya,Taman Hiburan,Jakarta,0,4.4
3,Semarang Chinatown,Budaya,Semarang,30000,4.5
2,Pasar Kebon Empring Bintaran,Pusat Perbelanjaan,Yogyakarta,0,4.4
1,Gunung Manglayang,Cagar Alam,Bandung,7500,4.5
1,Taman Kasmaran,Taman Hiburan,Semarang,3000,4.5
2,Taman Budaya Yogyakarta,Budaya,Yogyakarta,0,4.5
1,Goa Rong,Cagar Alam,Semarang,5000,4.3
4,Taman Spathodea,Taman Hiburan,Jakarta,0,4.6
3,Kota Mini,Taman Hiburan,Bandung,20000,4.4
1,Flower Farm Setiya Aji,Cagar Alam,Semarang,7500,4.1
1,Rainbow Garden,Cagar Alam,Bandung,20000,4.6
4,Pantai Drini,Bahari,Yogyakarta,10000,4.5
1,Water Blaster Bukit Candi Golf,Taman Hiburan,Semarang,80000,4.2
1,Observatorium Bosscha,Cagar Alam,Bandung,25000,4.5
5,Bukit Moko,Cagar Alam,Bandung,25000,4.5
1,Sunrise Point Cukul,Cagar Alam,Bandung,10000,4.6
5,Situ Cileunca,Cagar Alam,Bandung,2500,4.4
2,Pantai Kukup,Bahari,Yogyakarta,10000,4.0
3,Taman Badak,Taman Hiburan,Bandung,0,4.5
1,Wisata Batu Kuda,Cagar Alam,Bandung,10000,4.4
1,Pulau Pari,Bahari,Jakarta,150000,4.0
2,Taman Vanda,Taman Hiburan,Bandung,0,4.3
5,Museum Wayang,Budaya,Jakarta,5000,4.5
3,Pulau Pramuka,Bahari,Jakarta,5000,4.2
4,Pulau Bidadari,Bahari,Jakarta,5000,4.6
3,Waterboom PIK (Pantai Indah Kapuk),Taman Hiburan,Jakarta,300000,4.4
1,Panghegar Waterboom Bandung,Taman Hiburan,Bandung,75000,4.3
4,Pantai Kesirat,Bahari,Yogyakarta,5000,4.6
5,Pantai Cipta,Bahari,Semarang,5000,4.0
1,Taman Miniatur Kereta Api,Taman Hiburan,Bandung,15000,4.4
2,Goa Rancang Kencono,Cagar Alam,Yogyakarta,5000,4.3
1,Museum Tekstil,Budaya,Jakarta,5000,4.5
1,Taman Pelangi Yogyakarta,Taman Hiburan,Yogyakarta,15000,4.3
2,Monumen Sanapati,Budaya,Yogyakarta,15000,4.3
2,Pantai Goa Cemara,Bahari,Yogyakarta,4000,4.3
5,Bumi Perkemahan Batu Kuda,Cagar Alam,Bandung,7500,4.5
1,Margasatwa Muara Angke,Cagar Alam,Jakarta,25000,4.2
1,Indonesia Kaya Park,Taman Hiburan,Semarang,0,4.6
3,Taman Lapangan Banteng,Taman Hiburan,Jakarta,0,4.7
1,Pulau Tidung,Bahari,Jakarta,150000,4.5
1,Ledok Sambi,Cagar Alam,Yogyakarta,0,4.6
1,Embung Tambakboyo,Taman Hiburan,Yogyakarta,0,4.4
5,Kenjeran Park,Taman Hiburan,Surabaya,35000,4.2
4,Hutan Mangrove Kulon Progo,Bahari,Yogyakarta,5000,4.1
1,Pantai Ancol,Bahari,Jakarta,25000,4.4
1,Kampung Tematik Jawi,Budaya,Semarang,0,4.5
1,Gereja Katedral Santo Petrus Bandung,Tempat Ibadah,Bandung,0,4.8
3,Bukit Bintang,Cagar Alam,Bandung,25000,4.6
2,Sumur Gumuling,Taman Hiburan,Yogyakarta,7000,4.5
1,Kebun Tanaman Obat Sari Alam,Cagar Alam,Bandung,0,4.9
1,Puncak Gunung Api Purba - Nglanggeran,Cagar Alam,Yogyakarta,10000,4.7
1,Taman Spathodea,Taman Hiburan,Jakarta,0,4.6
3,Watu Goyang,Budaya,Yogyakarta,2500,4.4
1,Pemandian Air Panas Ciater,Cagar Alam,Bandung,15000,4.3
2,Umbul Sidomukti,Cagar Alam,Semarang,75000,4.6
4,Museum Perangko,Budaya,Jakarta,5000,4.4
4,Taman Tabanas,Taman Hiburan,Semarang,0,4.4
4,Taman Lapangan Banteng,Taman Hiburan,Jakarta,0,4.7
2,Patung Buddha Empat Rupa,Budaya,Surabaya,0,4.3
2,Taman Lapangan Banteng,Taman Hiburan,Jakarta,0,4.7
1,Gereja Perawan Maria Tak Berdosa Surabaya,Tempat Ibadah,Surabaya,10000,4.8
5,Rabbit Town,Taman Hiburan,Bandung,45000,4.0
4,Sindu Kusuma Edupark (SKE),Taman Hiburan,Yogyakarta,20000,4.2
1,Kawasan Punclut,Taman Hiburan,Bandung,20000,4.4
4,Taman Pelangi,Taman Hiburan,Surabaya,0,4.5
2,Wisata Kampung Krisan Clapar,Taman Hiburan,Semarang,10000,4.1
1,Museum TNI AL Loka Jala Crana,Budaya,Surabaya,2000,4.5
2,Taman Pelangi,Taman Hiburan,Surabaya,0,4.5
5,Museum Pendidikan Nasional,Budaya,Bandung,5000,4.6
3,Museum Sonobudoyo Unit I,Budaya,Yogyakarta,5000,4.6
5,Museum Seni Rupa dan Kramik,Budaya,Jakarta,5000,4.4
1,Air Terjun Kedung Pedut,Cagar Alam,Yogyakarta,20000,4.5
1,Waterboom PIK (Pantai Indah Kapuk),Taman Hiburan,Jakarta,300000,4.4
1,Museum Nasional,Budaya,Jakarta,5000,4.6
4,Taman Ayodya,Taman Hiburan,Jakarta,0,4.4
2,Bukit Wisata Pulepayung,Cagar Alam,Yogyakarta,10000,4.5
3,Sunrise Point Cukul,Cagar Alam,Bandung,10000,4.6
5,Pantai Siung,Bahari,Yogyakarta,10000,4.6
1,Kampung Wisata Dipowinatan,Budaya,Yogyakarta,220000,4.5
5,Pantai Sepanjang,Bahari,Yogyakarta,10000,4.4
3,Bendung Lepen,Taman Hiburan,Yogyakarta,0,4.6
1,Kauman Pakualaman Yogyakarta,Budaya,Yogyakarta,0,5.0
2,Taman Barunawati,Taman Hiburan,Surabaya,0,4.2
1,Masjid Salman ITB,Tempat Ibadah,Bandung,0,4.8
3,Museum Kebangkitan Nasional,Budaya,Jakarta,2000,4.7
1,Curug Luhur Waterfall,Cagar Alam,Bandung,5000,4.2
2,Desa Wisata Lembah Kalipancur,Taman Hiburan,Semarang,0,3.9
1,Kenjeran Park,Taman Hiburan,Surabaya,35000,4.2
2,Masjid Agung Ungaran,Tempat Ibadah,Semarang,0,4.7
3,Curug Malela,Cagar Alam,Bandung,10000,4.4
1,Pantai Krakal,Bahari,Yogyakarta,10000,4.5
4,Alun-alun Utara Keraton Yogyakarta,Budaya,Yogyakarta,0,4.6
5,Patung Sura dan Buaya,Budaya,Surabaya,0,4.6
5,Sendang Geulis Kahuripan,Cagar Alam,Bandung,10000,4.3
3,Kampung Pelangi,Taman Hiburan,Semarang,3000,4.3
1,Taman Flora Bratang Surabaya,Taman Hiburan,Surabaya,0,4.6
1,Gedung Sate,Budaya,Bandung,5000,4.6
1,Tektona Waterpark,Taman Hiburan,Bandung,60000,3.8
4,Curug Bugbrug,Cagar Alam,Bandung,7500,4.3
2,Jalan Braga,Budaya,Bandung,0,4.7
1,Taman Kunang-Kunang,Taman Hiburan,Surabaya,0,4.4
5,Taman Barunawati,Taman Hiburan,Surabaya,0,4.2
2,Sendang Geulis Kahuripan,Cagar Alam,Bandung,10000,4.3
2,Keraton Surabaya,Budaya,Surabaya,0,4.4
4,Masjid Agung Ungaran,Tempat Ibadah,Semarang,0,4.7
1,Curug Dago,Cagar Alam,Bandung,12000,4.0
4,Orchid Forest Cikole,Taman Hiburan,Bandung,50000,4.6
2,Hutan Mangrove Kulon Progo,Bahari,Yogyakarta,5000,4.1
1,Taman Badak,Taman Hiburan,Bandung,0,4.5
3,Taman Budaya Yogyakarta,Budaya,Yogyakarta,0,4.5
2,Pintoe Langit Dahromo,Cagar Alam,Yogyakarta,2500,4.4
3,Pantai Jogan,Bahari,Yogyakarta,5000,4.4
2,Kiara Artha Park,Taman Hiburan,Bandung,15000,4.4
1,Hutan Kota Srengseng,Taman Hiburan,Jakarta,1000,4.3
4,Pantai Sundak,Bahari,Yogyakarta,5000,4.5
5,Pulau Pari,Bahari,Jakarta,150000,4.0
2,Pulau Pelangi,Bahari,Jakarta,900000,4.8
1,Curug Cilengkrang,Cagar Alam,Bandung,7500,4.0
3,Taman Hiburan Rakyat,Taman Hiburan,Surabaya,5000,4.2
4,Situs Warungboto,Taman Hiburan,Yogyakarta,0,4.4
1,Cibubur Garden Diary (Cibugary),Cagar Alam,Jakarta,50000,4.5
1,Dusun Bambu,Taman Hiburan,Bandung,25000,4.5
1,Surabaya Museum (Gedung Siola),Budaya,Surabaya,0,4.5
1,Grand Maerakaca,Taman Hiburan,Semarang,15000,4.4
2,Pantai Wediombo,Bahari,Yogyakarta,5000,4.5
4,Sendang Geulis Kahuripan,Cagar Alam,Bandung,10000,4.3
1,Pintoe Langit Dahromo,Cagar Alam,Yogyakarta,2500,4.4
1,Setu Babakan,Budaya,Jakarta,0,4.4
1,Pantai Pulang Sawal,Bahari,Yogyakarta,10000,4.5
1,Candi Donotirto,Budaya,Yogyakarta,0,4.4
2,Pemandian Air Panas Cimanggu,Cagar Alam,Bandung,23000,3.9
2,Kebun Binatang Bandung,Cagar Alam,Bandung,20000,4.0
1,Pantai Watu Kodok,Bahari,Yogyakarta,5000,4.6
1,Trans Studio Bandung,Taman Hiburan,Bandung,280000,4.5
1,Bumi Perkemahan Cibubur,Taman Hiburan,Jakarta,10000,4.5
5,Klenteng Sanggar Agung,Budaya,Surabaya,10000,4.5
1,Monumen Yogya Kembali,Budaya,Yogyakarta,15000,4.5
1,Monumen Bandung Lautan Api,Budaya,Bandung,0,4.3
2,Jendela Alam,Taman Hiburan,Bandung,20000,4.4
1,Taman Sungai Mudal,Cagar Alam,Yogyakarta,10000,4.6
1,Tugu Pal Putih Jogja,Taman Hiburan,Yogyakarta,0,4.7
4,Rumah Batik,Budaya,Surabaya,0,4.5
1,Pantai Sadranan,Bahari,Yogyakarta,10000,4.6
5,Taman Jomblo,Taman Hiburan,Bandung,10000,4.1
4,Pasar Tanah Abang,Pusat Perbelanjaan,Jakarta,0,4.0
1,Taman Suropati,Taman Hiburan,Jakarta,0,4.6
4,Masjid Daarut Tauhiid Bandung,Tempat Ibadah,Bandung,0,4.9
1,Pantai Samas,Bahari,Yogyakarta,4000,4.0
4,Pantai Greweng,Bahari,Yogyakarta,5000,4.6
4,Pantai Patihan,Bahari,Yogyakarta,5000,4.1
1,Gua Maria Kerep Ambarawa,Cagar Alam,Semarang,2000,4.8
3,Watu Mabur Mangunan,Cagar Alam,Yogyakarta,2500,4.5
1,Taman Hiburan Rakyat,Taman Hiburan,Surabaya,5000,4.2
2,Semarang Contemporary Art Gallery,Budaya,Semarang,10000,4.6
4,Taman Hutan Tebet,Taman Hiburan,Jakarta,0,4.4
3,Jogja Exotarium,Taman Hiburan,Yogyakarta,20000,4.4
1,Desa Wisata Lembah Kalipancur,Taman Hiburan,Semarang,0,3.9
2,Jakarta Planetarium,Taman Hiburan,Jakarta,12000,4.1
2,Curug Dago,Cagar Alam,Bandung,12000,4.0
4,Taman Impian Jaya Ancol,Taman Hiburan,Jakarta,25000,4.5
4,Kampung Cina,Budaya,Jakarta,15000,4.5
4,Monumen Tugu Pahlawan,Budaya,Surabaya,0,4.7
4,Brown Canyon,Cagar Alam,Semarang,0,4.2
5,Museum Basoeki Abdullah,Budaya,Jakarta,1000,4.6
1,Teras Cikapundung BBWS,Taman Hiburan,Bandung,0,4.3
1,Taman Mundu,Taman Hiburan,Surabaya,0,4.4
2,Pantai Jogan,Bahari,Yogyakarta,5000,4.4
1,Kampoeng Kopi Banaran,Taman Hiburan,Semarang,200000,4.3
5,Museum De Javasche Bank,Budaya,Surabaya,5000,4.6
1,Chingu Cafe Little Seoul,Taman Hiburan,Bandung,50000,4.5
1,Monumen Kapal Selam,Budaya,Surabaya,15000,4.4
3,Goa Rong,Cagar Alam,Semarang,5000,4.3
3,Cibubur Garden Diary (Cibugary),Cagar Alam,Jakarta,50000,4.5
1,Pantai Indrayanti,Bahari,Yogyakarta,10000,4.5
2,Alun-alun Utara Keraton Yogyakarta,Budaya,Yogyakarta,0,4.6
1,Desa Wisata Rumah Domes/Teletubbies,Taman Hiburan,Yogyakarta,5000,4.1
2,Jogja Bay Pirates Adventure Waterpark,Taman Hiburan,Yogyakarta,150000,4.4
5,Pemandian Air Panas Cimanggu,Cagar Alam,Bandung,23000,3.9
2,Tafso Barn,Cagar Alam,Bandung,0,4.2
5,Candi Prambanan,Budaya,Yogyakarta,50000,4.7
3,Taman Pelangi Yogyakarta,Taman Hiburan,Yogyakarta,15000,4.3
5,Gereja Katedral Santo Petrus Bandung,Tempat Ibadah,Bandung,0,4.8
3,"Bukit Paralayang, Watugupit",Cagar Alam,Yogyakarta,5000,4.7
2,Kawasan Malioboro,Taman Hiburan,Yogyakarta,0,4.8
1,Ekowisata Mangrove Wonorejo,Cagar Alam,Surabaya,0,4.3
1,Masjid Kapal Semarang,Tempat Ibadah,Semarang,0,4.1
3,Pulau Pari,Bahari,Jakarta,150000,4.0
