place_ratings,place_name,category,city,price,rating,Image_URL,Latitude,Longitude
3,Candi Ratu Boko,Budaya,Yogyakarta,75000,4.6,https://upload.wikimedia.org/wikipedia/commons/thumb/7/77/Kraton_Ratu_Boko_%28Ratu_Boko_Temple%29_in_Yogyakarta%2C_Indonesia_03.jpg/3840px-Kraton_Ratu_Boko_%28Ratu_Boko_Temple%29_in_Yogyakarta%2C_Indonesia_03.jpg,-7.7779947,110.4940445
2,Pantai Marina,Bahari,Semarang,3000,4.1,https://upload.wikimedia.org/wikipedia/commons/thumb/a/a4/Indonesia_location_map.svg/langid-1280px-Indonesia_location_map.svg.png,-6.9476655,110.3901407
5,Atlantis Water Adventure,Taman Hiburan,Jakarta,94000,4.5,https://upload.wikimedia.org/wikipedia/id/thumb/3/3e/Logo_Taman_Impian_Jaya_Ancol_%282022%29.svg/langid-960px-Logo_Taman_Impian_Jaya_Ancol_%282022%29.svg.png,,
3,Museum Kereta Ambarawa,Budaya,Semarang,10000,4.5,https://upload.wikimedia.org/wikipedia/commons/thumb/8/8a/%22%2Barya%2B%22_stasiun_ambarawa_museum_2023_2.jpg/3840px-%22%2Barya%2B%22_stasiun_ambarawa_museum_2023_2.jpg,-7.2651797,110.4021659
4,Kampung Wisata Sosro Menduran,Budaya,Yogyakarta,0,4.0,https://picsum.photos/seed/KampungWisataSosroMenduran/400/250,,
2,Taman Hutan Raya Ir. H. Juanda,Cagar Alam,Bandung,11000,4.5,https://upload.wikimedia.org/wikipedia/commons/0/07/Taman_Hutan_Raya_IR_Djuanda.jpg,-6.8411686,107.6503782
5,Museum Gedung Sate,Budaya,Bandung,5000,4.6,https://upload.wikimedia.org/wikipedia/commons/thumb/4/41/Museum_Gedung_Sate.jpg/3840px-Museum_Gedung_Sate.jpg,-6.9025816,107.6190825
4,Museum Taman Prasasti,Budaya,Jakarta,2000,4.5,https://upload.wikimedia.org/wikipedia/commons/thumb/8/8d/Tombstones_taman_prasasti.jpg/3840px-Tombstones_taman_prasasti.jpg,-6.1723712,106.8195429
2,Pantai Ngrawe (Mesra),Bahari,Yogyakarta,10000,4.5,https://picsum.photos/seed/PantaiNgrawe(Mesra)/400/250,,
5,Taman Harmoni Keputih,Cagar Alam,Surabaya,0,4.4,https://picsum.photos/seed/TamanHarmoniKeputih/400/250,-7.295047,112.8036032
3,Tugu Pal Putih Jogja,Taman Hiburan,Yogyakarta,0,4.7,https://upload.wikimedia.org/wikipedia/commons/1/1a/Yogyakarta_Indonesia_Tugu-Yogyakarta-01.jpg,-7.7829099,110.3670713
5,Taman Sungai Mudal,Cagar Alam,Yogyakarta,10000,4.6,https://picsum.photos/seed/TamanSungaiMudal/400/250,-7.7627101,110.1162841
3,De Mata Museum Jogja,Budaya,Yogyakarta,50000,4.4,https://upload.wikimedia.org/wikipedia/commons/thumb/4/4d/Armada_4A_Trans_Jogja.jpg/3840px-Armada_4A_Trans_Jogja.jpg,,
5,Surabaya North Quay,Taman Hiburan,Surabaya,50000,4.4,https://upload.wikimedia.org/wikipedia/commons/d/da/Jembatan_suroboyo_dusk.jpg,,
5,Museum Bahari Jakarta,Budaya,Jakarta,2000,4.4,https://upload.wikimedia.org/wikipedia/commons/thumb/d/d6/Museum_Bahari_Pintu_Masuk.jpg/3840px-Museum_Bahari_Pintu_Masuk.jpg,-6.1268288,106.8083185
4,Grand Maerakaca,Taman Hiburan,Semarang,15000,4.4,https://upload.wikimedia.org/wikipedia/commons/2/2e/Anjungan_Kota_Semarang.jpg,,
4,Margasatwa Muara Angke,Cagar Alam,Jakarta,25000,4.2,https://upload.wikimedia.org/wikipedia/commons/7/7b/Pelabuhan_Muara_Angke_%282022%29.jpg,-6.1079999,106.7660141
3,Curug Anom,Cagar Alam,Bandung,0,4.6,https://upload.wikimedia.org/wikipedia/commons/thumb/7/7c/Anom_Waterfall_Bottom_View.jpg/3840px-Anom_Waterfall_Bottom_View.jpg,,
3,Museum Konferensi Asia Afrika,Budaya,Bandung,0,4.6,https://upload.wikimedia.org/wikipedia/commons/8/84/Musium_KAA.jpg,-6.9210729,107.6096452
2,Taman Cattleya,Taman Hiburan,Jakarta,20000,4.5,https://upload.wikimedia.org/wikipedia/commons/5/55/PhalaenopsisOphrysPaphiopedilumMaxillaria.jpg,-6.1821561,106.7942912
3,Monumen Bambu Runcing Surabaya,Budaya,Surabaya,0,4.6,https://upload.wikimedia.org/wikipedia/commons/thumb/0/07/Bambu_runcing%2C_Monumen_Jogja_Kembali.jpg/3840px-Bambu_runcing%2C_Monumen_Jogja_Kembali.jpg,,
3,Pasar Seni,Pusat Perbelanjaan,Jakarta,0,4.4,https://upload.wikimedia.org/wikipedia/id/thumb/3/3e/Logo_Taman_Impian_Jaya_Ancol_%282022%29.svg/langid-960px-Logo_Taman_Impian_Jaya_Ancol_%282022%29.svg.png,-6.1257002,106.8390728
4,Curug Tilu Leuwi Opat,Cagar Alam,Bandung,10000,4.4,https://upload.wikimedia.org/wikipedia/commons/thumb/7/7c/Curug_Bugbrug.jpg/3840px-Curug_Bugbrug.jpg,,
5,Museum Mandala Wangsit Siliwangi,Budaya,Bandung,0,4.4,https://upload.wikimedia.org/wikipedia/commons/d/d0/Museum_Mandala_Wangsit_Siliwangi.JPG,-6.9173055,107.6111041
2,Museum Wayang,Budaya,Jakarta,5000,4.5,https://upload.wikimedia.org/wikipedia/commons/9/99/Wayang_sejarah.jpg,-6.1348145,106.8125091
2,Gua Pawon,Cagar Alam,Bandung,10000,4.5,https://upload.wikimedia.org/wikipedia/commons/thumb/e/e5/Gua_Pawon.jpg/3840px-Gua_Pawon.jpg,-6.8236107,107.4362947
4,Perkebunan Teh Malabar,Cagar Alam,Bandung,5000,4.4,https://upload.wikimedia.org/wikipedia/commons/thumb/d/d0/Gunung_Malabar.jpg/3840px-Gunung_Malabar.jpg,,
2,Masjid Pusdai,Tempat Ibadah,Bandung,0,4.7,https://upload.wikimedia.org/wikipedia/commons/thumb/f/ff/Two_Trans_Metro_Bandung%27s_Nucleus_Bus_at_Cicaheum.jpg/3840px-Two_Trans_Metro_Bandung%27s_Nucleus_Bus_at_Cicaheum.jpg,-6.9001383,107.6262202
2,Taman Ismail Marzuki,Budaya,Jakarta,5000,4.6,https://upload.wikimedia.org/wikipedia/commons/thumb/d/d3/Plaza_Taman_Ismail_Marzuki.jpg/3840px-Plaza_Taman_Ismail_Marzuki.jpg,-6.189155,106.8398854
2,Bentara Budaya Yogyakarta (BBY),Budaya,Yogyakarta,0,4.5,https://upload.wikimedia.org/wikipedia/commons/8/81/Gallery_room_of_Bentara_Budaya_Yogyakarta.jpg,,
5,Kota Tua,Budaya,Jakarta,0,4.6,https://upload.wikimedia.org/wikipedia/commons/thumb/7/72/Batavia_City_Hall_%28Jakarta_History_Museum%29_Fatahillah_Square_%282025%29_-_img_02.jpg/3840px-Batavia_City_Hall_%28Jakarta_History_Museum%29_Fatahillah_Square_%282025%29_-_img_02.jpg,-6.1368624,106.8150708
4,Bukit Jamur,Cagar Alam,Bandung,0,4.2,https://upload.wikimedia.org/wikipedia/commons/thumb/d/d6/Sunrise_dibukit_jamur.jpg/3840px-Sunrise_dibukit_jamur.jpg,,
3,Gereja Katedral,Tempat Ibadah,Jakarta,0,4.8,https://upload.wikimedia.org/wikipedia/commons/e/e0/Jakarta_Indonesia_Jakarta-Cathedral-10.jpg,-6.1692046,106.8332373
4,Taman Pintar Yogyakarta,Taman Hiburan,Yogyakarta,6000,4.5,https://upload.wikimedia.org/wikipedia/commons/f/fb/Taman_Pintar_Yogyakarta.jpg,-7.8010497,110.3676457
3,Wisata Eling Bening,Cagar Alam,Semarang,25000,4.3,https://upload.wikimedia.org/wikipedia/commons/thumb/0/0a/Ambarawa_Bypass_Road_from_Eling_Bening%2C_2017-03-15.jpg/3840px-Ambarawa_Bypass_Road_from_Eling_Bening%2C_2017-03-15.jpg,,
5,Hutan Kota Srengseng,Taman Hiburan,Jakarta,1000,4.3,https://upload.wikimedia.org/wikipedia/commons/e/e2/Taman_kota_di_srengseng_jakarta.jpg,-6.2107961,106.7646791
2,Puncak Pinus Becici,Taman Hiburan,Yogyakarta,3000,4.5,https://upload.wikimedia.org/wikipedia/commons/d/d9/Puncak_Pinus_Becici.jpg,-7.9012592,110.4372592
2,Bangsal Pagelaran,Budaya,Yogyakarta,5000,4.6,https://upload.wikimedia.org/wikipedia/commons/thumb/8/83/Yogyakarta_Sultanate_Hamengkubhuwono_X_Emblem.svg/langid-500px-Yogyakarta_Sultanate_Hamengkubhuwono_X_Emblem.svg.png,-7.8053068,110.3642689
2,Pantai Krakal,Bahari,Yogyakarta,10000,4.5,https://upload.wikimedia.org/wikipedia/commons/3/38/Matahari_terbenam_di_Pantai_Slili.jpg,-8.1317391,110.5449125
3,Museum TNI AL Loka Jala Crana,Budaya,Surabaya,2000,4.5,https://picsum.photos/seed/MuseumTNIALLokaJalaCrana/400/250,,
2,Brown Canyon,Cagar Alam,Semarang,0,4.2,https://upload.wikimedia.org/wikipedia/commons/thumb/7/76/Brown_Canyon_1.jpg/3840px-Brown_Canyon_1.jpg,-7.0578875,110.4880281
5,Gereja Perawan Maria Tak Berdosa Surabaya,Tempat Ibadah,Surabaya,10000,4.8,https://upload.wikimedia.org/wikipedia/commons/e/eb/Church_of_the_Birth_of_Our_Lady%2C_Surabaya%2C_2025_%2801%29.jpg,,
2,Candi Donotirto,Budaya,Yogyakarta,0,4.4,https://picsum.photos/seed/CandiDonotirto/400/250,-7.7955912,110.3612347
3,Museum Gunung Merapi,Budaya,Yogyakarta,10000,4.4,https://upload.wikimedia.org/wikipedia/commons/thumb/f/f0/Museum_Gunungapi_Merapi.jpg/3840px-Museum_Gunungapi_Merapi.jpg,-7.6188698,110.4240986
5,Taman Ekspresi Dan Perpustakaan,Taman Hiburan,Surabaya,0,4.5,https://upload.wikimedia.org/wikipedia/commons/thumb/d/d3/Plaza_Taman_Ismail_Marzuki.jpg/3840px-Plaza_Taman_Ismail_Marzuki.jpg,,
4,Gereja Perawan Maria Tak Berdosa Surabaya,Tempat Ibadah,Surabaya,10000,4.8,https://upload.wikimedia.org/wikipedia/commons/e/eb/Church_of_the_Birth_of_Our_Lady%2C_Surabaya%2C_2025_%2801%29.jpg,,
3,Taman Sungai Mudal,Cagar Alam,Yogyakarta,10000,4.6,https://picsum.photos/seed/TamanSungaiMudal/400/250,-7.7627101,110.1162841
2,Tektona Waterpark,Taman Hiburan,Bandung,60000,3.8,https://picsum.photos/seed/TektonaWaterpark/400/250,,
2,Geoforest Watu Payung Turunan,Cagar Alam,Yogyakarta,0,4.5,https://picsum.photos/seed/GeoforestWatuPayungTurunan/400/250,,
5,Kampung Tematik Jawi,Budaya,Semarang,0,4.5,https://upload.wikimedia.org/wikipedia/commons/c/c7/Siti_Nurhaliza_-_Khairul_Fahmi%27s_Wedding_2013.jpg,,
4,Balai Kota Surabaya,Budaya,Surabaya,0,4.7,https://upload.wikimedia.org/wikipedia/commons/d/da/Jembatan_suroboyo_dusk.jpg,-7.2593052,112.7469919
2,Durian Gardens and Tourism Education Watu Simbar,Cagar Alam,Semarang,5000,4.1,https://picsum.photos/seed/DurianGardensandTourismEducationWatuSimbar/400/250,,
2,Wisata Lereng Kelir,Cagar Alam,Semarang,7000,4.3,https://upload.wikimedia.org/wikipedia/commons/thumb/2/25/Pradaksina.jpg/3840px-Pradaksina.jpg,,
2,Kebun Teh Nglinggo,Cagar Alam,Yogyakarta,6000,4.5,https://upload.wikimedia.org/wikipedia/commons/1/1b/Kebun_Teh_Nglinggo.jpg,-7.6449378,110.1428774
5,Museum Bank Indonesia,Budaya,Jakarta,2000,4.7,https://upload.wikimedia.org/wikipedia/commons/thumb/b/bf/Bank_Indonesia_Lama.jpg/3840px-Bank_Indonesia_Lama.jpg,-6.1371853,106.8129483
3,Glamping Lakeside Rancabali,Taman Hiburan,Bandung,30000,4.4,https://upload.wikimedia.org/wikipedia/commons/4/43/Junghuhn_See_Telaga_Patengan_auf_Java.jpg,,
3,Wot Batu,Cagar Alam,Bandung,50000,4.7,https://upload.wikimedia.org/wikipedia/commons/thumb/f/fa/Wot_Batu.jpg/3840px-Wot_Batu.jpg,-6.8585391,107.6366148
5,Masjid Raya Bandung,Tempat Ibadah,Bandung,0,4.7,https://upload.wikimedia.org/wikipedia/commons/thumb/9/9d/Masjid_Raya_Bandung_dan_Alun-alun_Bandung_%28potrait%29.jpg/3840px-Masjid_Raya_Bandung_dan_Alun-alun_Bandung_%28potrait%29.jpg,-6.9218735,107.6062926
5,Museum Fatahillah,Budaya,Jakarta,5000,4.4,https://upload.wikimedia.org/wikipedia/commons/thumb/7/72/Batavia_City_Hall_%28Jakarta_History_Museum%29_Fatahillah_Square_%282025%29_-_img_02.jpg/3840px-Batavia_City_Hall_%28Jakarta_History_Museum%29_Fatahillah_Square_%282025%29_-_img_02.jpg,-6.1351548,106.813289
5,Kawah Rengganis Cibuni,Cagar Alam,Bandung,5000,4.3,https://upload.wikimedia.org/wikipedia/commons/f/ff/Kawah_Putih_Lake.jpg,-7.1739727,107.3746848
3,Taman Bunga Cihideung,Cagar Alam,Bandung,0,4.1,https://picsum.photos/seed/TamanBungaCihideung/400/250,,
3,Museum Kesehatan Dr. Adhyatma,Budaya,Surabaya,10000,4.4,https://upload.wikimedia.org/wikipedia/commons/thumb/8/89/Logo_Kementerian_Kesehatan_Republik_Indonesia_%282024_rev%29.svg/langid-960px-Logo_Kementerian_Kesehatan_Republik_Indonesia_%282024_rev%29.svg.png,,
5,Pantai Ngandong,Bahari,Yogyakarta,10000,4.5,https://upload.wikimedia.org/wikipedia/commons/b/b3/Dusk_till_dawn_%28cropped%29.jpg,-8.1465322,110.6054994
3,Jembatan Pasupati,Taman Hiburan,Bandung,0,4.6,https://upload.wikimedia.org/wikipedia/commons/6/67/Bandung_Pasupati_Skyline.jpg,-6.8991314,107.6067077
3,Pantai Ngandong,Bahari,Yogyakarta,10000,4.5,https://upload.wikimedia.org/wikipedia/commons/b/b3/Dusk_till_dawn_%28cropped%29.jpg,-8.1465322,110.6054994
2,Pesona Nirwana Waterpark & Cottages,Taman Hiburan,Bandung,50000,4.1,https://picsum.photos/seed/PesonaNirwanaWaterpark&Cottages/400/250,,
2,Museum Sonobudoyo Unit I,Budaya,Yogyakarta,5000,4.6,https://upload.wikimedia.org/wikipedia/commons/thumb/c/c4/Museum_Sonobudoyo_2025.jpg/3840px-Museum_Sonobudoyo_2025.jpg,-7.8021367,110.3637812
2,Taman Agrowisata Cilangkap,Taman Hiburan,Jakarta,0,4.2,https://picsum.photos/seed/TamanAgrowisataCilangkap/400/250,,
3,Perpustakaan Nasional,Budaya,Jakarta,0,4.7,https://upload.wikimedia.org/wikipedia/commons/thumb/e/e2/LOGO-PERPUSNAS.svg/langid-1920px-LOGO-PERPUSNAS.svg.png,-6.1806956,106.8264664
4,Taman Suropati,Taman Hiburan,Jakarta,0,4.6,https://upload.wikimedia.org/wikipedia/commons/d/da/Taman_Suropati_%281%29.jpg,-6.1994133,106.8326256
2,Alun-Alun Kota Bandung,Taman Hiburan,Bandung,0,4.6,https://upload.wikimedia.org/wikipedia/commons/7/70/COLLECTIE_TROPENMUSEUM_De_waringins_op_de_alun-alun_bij_de_ingang_van_de_kraton_van_de_sultan_van_Jogjakarta_TMnr_60022716.jpg,-6.9216776,107.607151
4,Keraton Yogyakarta,Budaya,Yogyakarta,15000,4.6,https://upload.wikimedia.org/wikipedia/commons/thumb/8/83/Yogyakarta_Sultanate_Hamengkubhuwono_X_Emblem.svg/langid-500px-Yogyakarta_Sultanate_Hamengkubhuwono_X_Emblem.svg.png,-7.8075974,110.3638696
5,Candi Donotirto,Budaya,Yogyakarta,0,4.4,https://picsum.photos/seed/CandiDonotirto/400/250,-7.7955912,110.3612347
3,Upside Down World Bandung,Taman Hiburan,Bandung,100000,4.0,https://picsum.photos/seed/UpsideDownWorldBandung/400/250,,
4,Watu Lumbung,Cagar Alam,Yogyakarta,5000,4.3,https://upload.wikimedia.org/wikipedia/commons/thumb/f/f6/DSC04587-3.jpg/3840px-DSC04587-3.jpg,-8.1863175,110.7001363
2,Kampoeng Kopi Banaran,Taman Hiburan,Semarang,200000,4.3,https://upload.wikimedia.org/wikipedia/commons/c/c5/Museum_Kopi_Banaran.jpg,-7.2546718,110.4416226
2,Candi Sewu,Budaya,Yogyakarta,50000,4.6,https://upload.wikimedia.org/wikipedia/commons/thumb/2/26/Candi_Sewu_viewed_from_the_south%2C_23_November_2013.jpg/3840px-Candi_Sewu_viewed_from_the_south%2C_23_November_2013.jpg,,
2,Museum Gunung Merapi,Budaya,Yogyakarta,10000,4.4,https://upload.wikimedia.org/wikipedia/commons/thumb/f/f0/Museum_Gunungapi_Merapi.jpg/3840px-Museum_Gunungapi_Merapi.jpg,-7.6188698,110.4240986
3,Tebing Breksi,Budaya,Yogyakarta,20000,4.4,https://upload.wikimedia.org/wikipedia/commons/thumb/5/5d/Lahan_parkir_dan_amfiteater_di_Tebing_Breksi_Yogyakarta.jpg/3840px-Lahan_parkir_dan_amfiteater_di_Tebing_Breksi_Yogyakarta.jpg,-7.7814295,110.5049834
4,Museum Nasional,Budaya,Jakarta,5000,4.6,https://upload.wikimedia.org/wikipedia/commons/0/03/Logo_Museum_Nasional_PNG.png,-6.1761425,106.8221879
5,Gumuk Pasir Parangkusumo,Taman Hiburan,Yogyakarta,0,4.5,https://upload.wikimedia.org/wikipedia/commons/thumb/0/0b/Gumuk_Pasir_Parangkusumo_2.jpg/3840px-Gumuk_Pasir_Parangkusumo_2.jpg,-8.0170516,110.3171918
3,Desa Wisata Gamplong,Taman Hiburan,Yogyakarta,10000,4.4,https://upload.wikimedia.org/wikipedia/commons/a/a1/Boerderij_Buitenzorg_-_Studio_Alam_Gamplong_-_Bumi_Manusia.jpg,,
3,Museum Sri Baduga,Budaya,Bandung,3000,4.5,https://upload.wikimedia.org/wikipedia/commons/thumb/d/d2/Sri_Baduga_Museum.JPG/3840px-Sri_Baduga_Museum.JPG,-6.9377186,107.6035761
3,Panghegar Waterboom Bandung,Taman Hiburan,Bandung,75000,4.3,https://picsum.photos/seed/PanghegarWaterboomBandung/400/250,-6.9618478,107.6222373
4,Taman Budaya Yogyakarta,Budaya,Yogyakarta,0,4.5,https://upload.wikimedia.org/wikipedia/commons/b/bc/ArtJog_2013%2C_Taman_Budaya_Yogyakarta.JPG,-7.8001356,110.367656
5,Pantai Greweng,Bahari,Yogyakarta,5000,4.6,https://upload.wikimedia.org/wikipedia/commons/thumb/2/22/Flora_Indonesia.jpg/3840px-Flora_Indonesia.jpg,,
2,Museum Joang 45,Budaya,Jakarta,2000,4.0,https://upload.wikimedia.org/wikipedia/commons/d/d0/Gedung_Joang_45.jpg,-6.1862362,106.8366544
2,Semarang Chinatown,Budaya,Semarang,30000,4.5,https://upload.wikimedia.org/wikipedia/id/5/5d/Gedung_Depan_SMP_PL_Domenico_Savio.jpg,-6.9748863,110.4251185
4,Sudut Pandang Bandung,Taman Hiburan,Bandung,50000,4.6,https://upload.wikimedia.org/wikipedia/id/f/f7/Suara_dari_Dilan.jpg,,
4,Curug Dago,Cagar Alam,Bandung,12000,4.0,https://upload.wikimedia.org/wikipedia/commons/0/07/Taman_Hutan_Raya_IR_Djuanda.jpg,-6.8654924,107.6181817
3,Museum Satria Mandala,Budaya,Jakarta,5000,4.5,https://upload.wikimedia.org/wikipedia/commons/thumb/5/53/Satriamandala_Museum_main_building.jpg/3840px-Satriamandala_Museum_main_building.jpg,-6.2310834,106.8189045
5,Pura Giri Natha,Budaya,Semarang,20000,4.7,https://picsum.photos/seed/PuraGiriNatha/400/250,-6.9982487,110.410747
3,Rumah Batik,Budaya,Surabaya,0,4.5,https://upload.wikimedia.org/wikipedia/commons/thumb/8/8c/Papan_Nama_Rumah_Batik_Maranatha_Ong%27s_Art.jpg/3840px-Papan_Nama_Rumah_Batik_Maranatha_Ong%27s_Art.jpg,,
3,Museum Benteng Vredeburg Yogyakarta,Budaya,Yogyakarta,3000,4.6,https://upload.wikimedia.org/wikipedia/commons/b/b5/Museum_benteng_vredeburg.png,-7.8001537,110.3663364
4,Taman Mini Indonesia Indah (TMII),Taman Hiburan,Jakarta,10000,4.5,https://upload.wikimedia.org/wikipedia/commons/thumb/b/b4/Istana_Anak-anak_Indonesia_TMII_%282025%29_-_img_01.jpg/3840px-Istana_Anak-anak_Indonesia_TMII_%282025%29_-_img_01.jpg,-6.3031933,106.89556
3,La Kana Chapel,Taman Hiburan,Semarang,35000,4.5,https://upload.wikimedia.org/wikipedia/commons/6/64/Houghton_Lowell_1238.5_%28A%29_-_Wuthering_Heights%2C_1847.jpg,,
5,The Escape Hunt,Taman Hiburan,Jakarta,70000,4.4,https://upload.wikimedia.org/wikipedia/commons/d/db/Kurt_Russell_by_Gage_Skidmore_2.jpg,,
4,Pasar Seni,Pusat Perbelanjaan,Jakarta,0,4.4,https://upload.wikimedia.org/wikipedia/id/thumb/3/3e/Logo_Taman_Impian_Jaya_Ancol_%282022%29.svg/langid-960px-Logo_Taman_Impian_Jaya_Ancol_%282022%29.svg.png,-6.1257002,106.8390728
3,Situs Warungboto,Taman Hiburan,Yogyakarta,0,4.4,https://upload.wikimedia.org/wikipedia/commons/thumb/9/92/Situs_Warungboto.jpg/3840px-Situs_Warungboto.jpg,-7.8103543,110.3932221
5,Candi Sewu,Budaya,Yogyakarta,50000,4.6,https://upload.wikimedia.org/wikipedia/commons/thumb/2/26/Candi_Sewu_viewed_from_the_south%2C_23_November_2013.jpg/3840px-Candi_Sewu_viewed_from_the_south%2C_23_November_2013.jpg,,
3,Taman Hutan Raya Ir. H. Juanda,Cagar Alam,Bandung,11000,4.5,https://upload.wikimedia.org/wikipedia/commons/0/07/Taman_Hutan_Raya_IR_Djuanda.jpg,-6.8411686,107.6503782
2,Monumen Selamat Datang,Budaya,Jakarta,0,4.7,https://upload.wikimedia.org/wikipedia/id/3/35/Monumen_Selamat_Datang_%28Maret_2025%29.jpg,-6.1949789,106.8230733
5,Pulau Pelangi,Bahari,Jakarta,900000,4.8,https://upload.wikimedia.org/wikipedia/id/1/17/Laskar_Pelangi_film.jpg,-5.5860482,106.5905858
3,Kebun Bibit Wonorejo,Cagar Alam,Surabaya,0,4.4,https://picsum.photos/seed/KebunBibitWonorejo/400/250,-7.3116953,112.7894948
2,Taman Tabanas,Taman Hiburan,Semarang,0,4.4,https://upload.wikimedia.org/wikipedia/commons/7/7b/Mascot_for_2024_Depok_mayoral_election.png,-7.038737,110.4211576
2,Rabbit Town,Taman Hiburan,Bandung,45000,4.0,https://upload.wikimedia.org/wikipedia/commons/4/4e/Top_15_Indonesian_Idol_14.jpg,-6.867213,107.6101698
3,Museum Pendidikan Nasional,Budaya,Bandung,5000,4.6,https://upload.wikimedia.org/wikipedia/commons/0/03/Logo_Museum_Nasional_PNG.png,-6.8597725,107.5941677
5,Taman Film,Budaya,Bandung,0,4.3,https://picsum.photos/seed/TamanFilm/400/250,-6.8985088,107.6077767
5,Observatorium Bosscha,Cagar Alam,Bandung,25000,4.5,https://upload.wikimedia.org/wikipedia/commons/7/7f/Bosscha_001.JPG,-6.8244765,107.61602
2,Museum Tengah Kebun,Budaya,Jakarta,0,4.6,https://upload.wikimedia.org/wikipedia/commons/b/b8/Museum_kebun_01.jpg,-6.2676523,106.8246369
2,Monumen Yogya Kembali,Budaya,Yogyakarta,15000,4.5,https://upload.wikimedia.org/wikipedia/id/4/4a/Monumen_Yogya_Kembali.JPG,,
4,Museum Kesehatan Dr. Adhyatma,Budaya,Surabaya,10000,4.4,https://upload.wikimedia.org/wikipedia/commons/thumb/8/89/Logo_Kementerian_Kesehatan_Republik_Indonesia_%282024_rev%29.svg/langid-960px-Logo_Kementerian_Kesehatan_Republik_Indonesia_%282024_rev%29.svg.png,,
2,Jogja Exotarium,Taman Hiburan,Yogyakarta,20000,4.4,https://picsum.photos/seed/JogjaExotarium/400/250,-7.7286281,110.3584886
5,Taman Flora Bratang Surabaya,Taman Hiburan,Surabaya,0,4.6,https://upload.wikimedia.org/wikipedia/commons/thumb/6/6d/01_Papan_Nama_Terminal_Bratang.jpg/3840px-01_Papan_Nama_Terminal_Bratang.jpg,,
2,Taman Prestasi,Taman Hiburan,Surabaya,0,4.6,https://picsum.photos/seed/TamanPrestasi/400/250,-7.2611372,112.7427739
4,Sanghyang Heuleut,Cagar Alam,Bandung,10000,4.4,https://upload.wikimedia.org/wikipedia/commons/thumb/7/74/Sanghyang_Heuleut_Lake_Is_Hidden_Paradise_at_West_Java.jpg/3840px-Sanghyang_Heuleut_Lake_Is_Hidden_Paradise_at_West_Java.jpg,-6.8764679,107.341682
5,Pasar Petak Sembilan,Pusat Perbelanjaan,Jakarta,0,4.4,https://upload.wikimedia.org/wikipedia/commons/2/23/StasiunSurabayaPasarturi.jpg,,
5,Klenteng Jin De Yuan,Tempat Ibadah,Jakarta,0,4.5,https://upload.wikimedia.org/wikipedia/commons/f/f5/Klenteng_Jin_De_Yuan%2C_Glodok%2C_Jakarta.jpg,,
4,Taman Bungkul,Taman Hiburan,Surabaya,0,4.6,https://upload.wikimedia.org/wikipedia/id/6/6e/Taman_Bungkul_Surabaya_%281%29.png,-7.2912247,112.7398717
5,Pelabuhan Marina,Bahari,Jakarta,175000,4.4,https://upload.wikimedia.org/wikipedia/id/6/60/Monumentpantaiboom.jpeg,,
3,Kebun Teh Nglinggo,Cagar Alam,Yogyakarta,6000,4.5,https://upload.wikimedia.org/wikipedia/commons/1/1b/Kebun_Teh_Nglinggo.jpg,-7.6449378,110.1428774
5,Desa Wisata Kelor,Taman Hiburan,Yogyakarta,0,4.4,https://upload.wikimedia.org/wikipedia/commons/thumb/a/a3/Rumah_Joglo_Muhadi.jpg/3840px-Rumah_Joglo_Muhadi.jpg,,
3,Taman Mini Indonesia Indah (TMII),Taman Hiburan,Jakarta,10000,4.5,https://upload.wikimedia.org/wikipedia/commons/thumb/b/b4/Istana_Anak-anak_Indonesia_TMII_%282025%29_-_img_01.jpg/3840px-Istana_Anak-anak_Indonesia_TMII_%282025%29_-_img_01.jpg,-6.3031933,106.89556
3,Tugu Proklamasi,Budaya,Jakarta,0,4.6,https://upload.wikimedia.org/wikipedia/commons/7/74/Proclamation_Monument_Jakarta.JPG,-6.2032131,106.8468522
2,Hutan Pinus Asri,Cagar Alam,Yogyakarta,2500,4.5,https://upload.wikimedia.org/wikipedia/commons/thumb/a/a0/Big_Stone_at_Hutan_Pinus_Pengger_Jogja.jpg/3840px-Big_Stone_at_Hutan_Pinus_Pengger_Jogja.jpg,-7.9210551,110.43542
5,Taman Kunang-Kunang,Taman Hiburan,Surabaya,0,4.4,https://upload.wikimedia.org/wikipedia/commons/b/b4/Locator_Kecamatan_Rungkut_di_Kota_Surabaya.png,-7.3180982,112.7840627
2,Flower Farm Setiya Aji,Cagar Alam,Semarang,7500,4.1,https://picsum.photos/seed/FlowerFarmSetiyaAji/400/250,,
3,Taman Ekspresi Dan Perpustakaan,Taman Hiburan,Surabaya,0,4.5,https://upload.wikimedia.org/wikipedia/commons/thumb/d/d3/Plaza_Taman_Ismail_Marzuki.jpg/3840px-Plaza_Taman_Ismail_Marzuki.jpg,,
2,Lereng Anteng Panoramic Coffee Place,Cagar Alam,Bandung,50000,4.4,https://picsum.photos/seed/LerengAntengPanoramicCoffeePlace/400/250,,
4,Seribu Batu Songgo Langit,Cagar Alam,Yogyakarta,2000,4.6,https://picsum.photos/seed/SeribuBatuSonggoLangit/400/250,-7.9305908,110.4311357
2,Sea World,Taman Hiburan,Jakarta,115000,4.5,https://picsum.photos/seed/SeaWorld/400/250,-6.1271525,106.8415944
4,Jembatan Pasupati,Taman Hiburan,Bandung,0,4.6,https://upload.wikimedia.org/wikipedia/commons/6/67/Bandung_Pasupati_Skyline.jpg,-6.8991314,107.6067077
2,Pantai Samas,Bahari,Yogyakarta,4000,4.0,https://upload.wikimedia.org/wikipedia/commons/0/01/Pertunjukan_Jathilan.jpg,-8.0053279,110.2657797
4,Indonesia Kaya Park,Taman Hiburan,Semarang,0,4.6,https://upload.wikimedia.org/wikipedia/commons/thumb/1/14/Taman_indonesia_kaya.jpg/3840px-Taman_indonesia_kaya.jpg,-6.992088,110.4200237
3,Tugu Muda Semarang,Budaya,Semarang,0,4.7,https://upload.wikimedia.org/wikipedia/commons/thumb/1/13/Tugu_Muda_Landscape.jpg/3840px-Tugu_Muda_Landscape.jpg,-6.9840799,110.4095668
3,Kampoeng Rawa,Cagar Alam,Semarang,3000,4.5,https://upload.wikimedia.org/wikipedia/commons/e/e2/Rawa_Pening_Central_Java.jpg,,
4,Museum Mpu Tantular,Budaya,Surabaya,2000,4.4,https://upload.wikimedia.org/wikipedia/commons/thumb/5/5d/Mpu_Tantular_Museum.jpg/3840px-Mpu_Tantular_Museum.jpg,,
3,Surabaya Museum (Gedung Siola),Budaya,Surabaya,0,4.5,https://upload.wikimedia.org/wikipedia/commons/thumb/2/21/Tunjungan_Siola_di_2022.jpg/3840px-Tunjungan_Siola_di_2022.jpg,,
3,Candi Gedong Songo,Budaya,Semarang,10000,4.5,https://upload.wikimedia.org/wikipedia/commons/a/af/Gedong_songo.jpg,-7.2063743,110.340176
3,Monumen Sanapati,Budaya,Yogyakarta,15000,4.3,https://upload.wikimedia.org/wikipedia/commons/thumb/7/76/Museum_Sandi_Kotabaru_di_Yogyakarta.jpg/1920px-Museum_Sandi_Kotabaru_di_Yogyakarta.jpg,-7.788184,110.3715672
2,Chingu Cafe Little Seoul,Taman Hiburan,Bandung,50000,4.5,https://picsum.photos/seed/ChinguCafeLittleSeoul/400/250,,
2,Pura Giri Natha,Budaya,Semarang,20000,4.7,https://picsum.photos/seed/PuraGiriNatha/400/250,-6.9982487,110.410747
2,Tebing Karaton,Cagar Alam,Bandung,15000,4.5,https://upload.wikimedia.org/wikipedia/id/9/9d/20140730_tebing_keraton.jpg,,
3,Goa Pindul,Cagar Alam,Yogyakarta,40000,4.5,https://upload.wikimedia.org/wikipedia/commons/3/33/Pindul_Cave%2C_Indonesia.JPG,-7.9310483,110.6479201
3,Caringin Tilu,Cagar Alam,Bandung,0,4.4,https://upload.wikimedia.org/wikipedia/commons/thumb/8/81/Sunda_Kingdom_id.svg/langid-960px-Sunda_Kingdom_id.svg.png,,
2,Nol Kilometer Jl.Malioboro,Taman Hiburan,Yogyakarta,0,4.7,https://upload.wikimedia.org/wikipedia/commons/thumb/7/7d/Armada_1A_Trans_Jogja_di_Jalan_Solo.jpg/3840px-Armada_1A_Trans_Jogja_di_Jalan_Solo.jpg,,
5,Museum Sasmita Loka Ahmad Yani,Budaya,Jakarta,2000,4.7,https://upload.wikimedia.org/wikipedia/commons/e/e6/MuseumSasmitaLoka1.jpg,-6.2045413,106.8365459
4,Monumen Batik Yogyakarta,Budaya,Yogyakarta,40000,4.5,https://upload.wikimedia.org/wikipedia/id/4/4a/Monumen_Yogya_Kembali.JPG,,
5,Kebun Teh Nglinggo,Cagar Alam,Yogyakarta,6000,4.5,https://upload.wikimedia.org/wikipedia/commons/1/1b/Kebun_Teh_Nglinggo.jpg,-7.6449378,110.1428774
2,Monumen Bandung Lautan Api,Budaya,Bandung,0,4.3,https://picsum.photos/seed/MonumenBandungLautanApi/400/250,,
5,Kampung Korea Bandung,Budaya,Bandung,15000,4.1,https://upload.wikimedia.org/wikipedia/commons/thumb/b/bf/Busway_in_Bundaran_HI.jpg/3840px-Busway_in_Bundaran_HI.jpg,-6.9155688,107.6406431
5,Indonesia Kaya Park,Taman Hiburan,Semarang,0,4.6,https://upload.wikimedia.org/wikipedia/commons/thumb/1/14/Taman_indonesia_kaya.jpg/3840px-Taman_indonesia_kaya.jpg,-6.992088,110.4200237
5,Jurang Tembelan Kanigoro,Taman Hiburan,Yogyakarta,2500,4.5,https://picsum.photos/seed/JurangTembelanKanigoro/400/250,,
2,Taman Bunga Celosia,Cagar Alam,Semarang,25000,4.3,https://upload.wikimedia.org/wikipedia/commons/2/29/Celosia_argentea_jengger_ayam.jpg,,
4,Candi Prambanan,Budaya,Yogyakarta,50000,4.7,https://upload.wikimedia.org/wikipedia/commons/thumb/6/61/Indonesia_Sleman_Regency_location_map.svg/langid-1280px-Indonesia_Sleman_Regency_location_map.svg.png,-7.7522269,110.4915331
4,Kampung Batik Gedong Semarang,Budaya,Semarang,0,4.4,https://upload.wikimedia.org/wikipedia/commons/thumb/5/53/Borobudur%2C_Java%2C_Indonesia%2C_20220817_1016_8757.jpg/3840px-Borobudur%2C_Java%2C_Indonesia%2C_20220817_1016_8757.jpg,-6.968264,110.431876
5,Taman Buah Surabaya,Taman Hiburan,Surabaya,0,4.1,https://upload.wikimedia.org/wikipedia/commons/d/da/Jembatan_suroboyo_dusk.jpg,-7.2660644,112.7952929
5,Museum Benteng Vredeburg Yogyakarta,Budaya,Yogyakarta,3000,4.6,https://upload.wikimedia.org/wikipedia/commons/b/b5/Museum_benteng_vredeburg.png,-7.8001537,110.3663364
2,Lava Bantal,Budaya,Yogyakarta,5000,4.4,https://upload.wikimedia.org/wikipedia/commons/thumb/b/b1/P%C4%81hoehoe_Lava_flow.JPG/3840px-P%C4%81hoehoe_Lava_flow.JPG,,
2,Taman Harmoni Keputih,Cagar Alam,Surabaya,0,4.4,https://picsum.photos/seed/TamanHarmoniKeputih/400/250,-7.295047,112.8036032
3,Gunung Lalakon,Cagar Alam,Bandung,0,4.8,https://upload.wikimedia.org/wikipedia/commons/c/c1/Indonesia_Java_relief_location_map.png,-6.958056,107.520556
2,Ciputra Waterpark,Taman Hiburan,Surabaya,95000,4.3,https://picsum.photos/seed/CiputraWaterpark/400/250,-7.2843701,112.6325019
5,Dago Dreampark,Taman Hiburan,Bandung,40000,4.2,https://picsum.photos/seed/DagoDreampark/400/250,-6.8476037,107.6254233
4,Goa Rong,Cagar Alam,Semarang,5000,4.3,https://picsum.photos/seed/GoaRong/400/250,-7.2723204,110.4700414
5,Museum Barli,Budaya,Bandung,15000,4.4,https://upload.wikimedia.org/wikipedia/commons/7/70/Tampak_Samping_Museum_Barli_2023-03-18.jpg,-6.8783934,107.5875219
3,Bumi Perkemahan Batu Kuda,Cagar Alam,Bandung,7500,4.5,https://upload.wikimedia.org/wikipedia/commons/0/00/Mont_Manglayang.jpg,,
3,Gedung Sate,Budaya,Bandung,5000,4.6,https://upload.wikimedia.org/wikipedia/commons/thumb/4/4c/Gedung_Sate_Oktober_2024_-_Rahmatdenas.jpg/3840px-Gedung_Sate_Oktober_2024_-_Rahmatdenas.jpg,-6.9014576,107.6173506
5,Pantai Goa Cemara,Bahari,Yogyakarta,4000,4.3,https://upload.wikimedia.org/wikipedia/commons/4/47/Pelepasan_Penyu.jpg,-8.0000466,110.2508816
5,Air Terjun Sri Gethuk,Cagar Alam,Yogyakarta,15000,4.4,https://upload.wikimedia.org/wikipedia/commons/0/0c/Air_terjun_Sri_Gethuk.jpg,-7.9432134,110.4895782
4,Semarang Chinatown,Budaya,Semarang,30000,4.5,https://upload.wikimedia.org/wikipedia/id/5/5d/Gedung_Depan_SMP_PL_Domenico_Savio.jpg,-6.9748863,110.4251185
5,Jogja Bay Pirates Adventure Waterpark,Taman Hiburan,Yogyakarta,150000,4.4,https://upload.wikimedia.org/wikipedia/commons/3/36/Jogja_bay_Volcano_Coaster.jpg,,
4,Bukit Lintang Sewu,Taman Hiburan,Yogyakarta,2000,4.5,https://upload.wikimedia.org/wikipedia/commons/9/94/Mount_Gede_01.jpg,-7.915055,110.4357959
4,Masjid Al-Imtizaj,Tempat Ibadah,Bandung,0,4.7,https://upload.wikimedia.org/wikipedia/commons/f/f9/Masjid_Al-Imtizaj_2.jpg,-6.919307,107.6078869
3,Batununggal Indah Club,Taman Hiburan,Bandung,70000,4.4,https://picsum.photos/seed/BatununggalIndahClub/400/250,-6.9631771,107.6263673
5,Panghegar Waterboom Bandung,Taman Hiburan,Bandung,75000,4.3,https://picsum.photos/seed/PanghegarWaterboomBandung/400/250,-6.9618478,107.6222373
4,Kampung Wisata Kadipaten,Budaya,Yogyakarta,0,4.4,https://upload.wikimedia.org/wikipedia/commons/thumb/1/10/Yogyakarta_Indonesia_Tugu-Yogyakarta-02.jpg/3840px-Yogyakarta_Indonesia_Tugu-Yogyakarta-02.jpg,,
4,Museum Benteng Vredeburg Yogyakarta,Budaya,Yogyakarta,3000,4.6,https://upload.wikimedia.org/wikipedia/commons/b/b5/Museum_benteng_vredeburg.png,-7.8001537,110.3663364
3,Goa Rancang Kencono,Cagar Alam,Yogyakarta,5000,4.3,https://upload.wikimedia.org/wikipedia/commons/thumb/9/9e/Yogyakarta_Indonesia_Kraton-the-Sultans-Palace-02.jpg/3840px-Yogyakarta_Indonesia_Kraton-the-Sultans-Palace-02.jpg,-7.9490713,110.4926632
2,Pulau Pramuka,Bahari,Jakarta,5000,4.2,https://upload.wikimedia.org/wikipedia/commons/7/74/Dermaga_Pulau_Pramuka.jpg,-5.7457903,106.6137136
5,La Kana Chapel,Taman Hiburan,Semarang,35000,4.5,https://upload.wikimedia.org/wikipedia/commons/6/64/Houghton_Lowell_1238.5_%28A%29_-_Wuthering_Heights%2C_1847.jpg,,
4,Jogja Bay Pirates Adventure Waterpark,Taman Hiburan,Yogyakarta,150000,4.4,https://upload.wikimedia.org/wikipedia/commons/3/36/Jogja_bay_Volcano_Coaster.jpg,,
4,Kiara Artha Park,Taman Hiburan,Bandung,15000,4.4,https://picsum.photos/seed/KiaraArthaPark/400/250,-6.916458,107.6422474
3,Wisata Alam Mangrove Angke,Cagar Alam,Jakarta,25000,4.3,https://upload.wikimedia.org/wikipedia/commons/6/6d/PIK_Centre.jpg,,
4,Gunung Lalakon,Cagar Alam,Bandung,0,4.8,https://upload.wikimedia.org/wikipedia/commons/c/c1/Indonesia_Java_relief_location_map.png,-6.958056,107.520556
4,Museum Pendidikan Nasional,Budaya,Bandung,5000,4.6,https://upload.wikimedia.org/wikipedia/commons/0/03/Logo_Museum_Nasional_PNG.png,-6.8597725,107.5941677
5,Kampung Batik Gedong Semarang,Budaya,Semarang,0,4.4,https://upload.wikimedia.org/wikipedia/commons/thumb/5/53/Borobudur%2C_Java%2C_Indonesia%2C_20220817_1016_8757.jpg/3840px-Borobudur%2C_Java%2C_Indonesia%2C_20220817_1016_8757.jpg,-6.968264,110.431876
5,Taman Hutan Tebet,Taman Hiburan,Jakarta,0,4.4,https://upload.wikimedia.org/wikipedia/commons/thumb/6/67/%283%29_Tebet_Eco_Park%2C_Jakarta.jpg/3840px-%283%29_Tebet_Eco_Park%2C_Jakarta.jpg,,
3,Taman Hutan Tebet,Taman Hiburan,Jakarta,0,4.4,https://upload.wikimedia.org/wikipedia/commons/thumb/6/67/%283%29_Tebet_Eco_Park%2C_Jakarta.jpg/3840px-%283%29_Tebet_Eco_Park%2C_Jakarta.jpg,,
5,Pantai Pok Tunggal,Bahari,Yogyakarta,10000,4.5,https://upload.wikimedia.org/wikipedia/commons/thumb/1/1d/Delightful_Beach.jpg/3840px-Delightful_Beach.jpg,-8.1554823,110.6218792
3,Lereng Anteng Panoramic Coffee Place,Cagar Alam,Bandung,50000,4.4,https://picsum.photos/seed/LerengAntengPanoramicCoffeePlace/400/250,,
2,Museum Pendidikan Nasional,Budaya,Bandung,5000,4.6,https://upload.wikimedia.org/wikipedia/id/5/59/Museum_Pendidikan_Nasional_UPI.jpeg,-6.8597725,107.5941677
5,Bukit Jamur,Cagar Alam,Bandung,0,4.2,https://upload.wikimedia.org/wikipedia/commons/thumb/d/d6/Sunrise_dibukit_jamur.jpg/3840px-Sunrise_dibukit_jamur.jpg,,
4,Sungai Palayangan,Cagar Alam,Bandung,150000,4.6,https://picsum.photos/seed/SungaiPalayangan/400/250,,
5,Taman Pelangi Yogyakarta,Taman Hiburan,Yogyakarta,15000,4.3,https://upload.wikimedia.org/wikipedia/commons/7/7a/Lampion.jpg,-7.7502983,110.3694758
4,Gua Belanda,Cagar Alam,Bandung,15000,4.4,https://upload.wikimedia.org/wikipedia/commons/0/07/Taman_Hutan_Raya_IR_Djuanda.jpg,,
2,Jakarta Aquarium dan Safari,Taman Hiburan,Jakarta,185000,4.6,https://upload.wikimedia.org/wikipedia/commons/thumb/6/67/Tanjung_Duren_Transjakarta_BRT_Station_towards_Pluit%2C_2023.jpg/3840px-Tanjung_Duren_Transjakarta_BRT_Station_towards_Pluit%2C_2023.jpg,,
3,Pantai Nglambor,Bahari,Yogyakarta,10000,4.4,https://upload.wikimedia.org/wikipedia/commons/thumb/f/fa/Afternoon_at_Nglambor_Beach.jpg/3840px-Afternoon_at_Nglambor_Beach.jpg,-8.1823453,110.6792506
2,Sungai Palayangan,Cagar Alam,Bandung,150000,4.6,https://picsum.photos/seed/SungaiPalayangan/400/250,,
5,Taman Prestasi,Taman Hiburan,Surabaya,0,4.6,https://picsum.photos/seed/TamanPrestasi/400/250,-7.2611372,112.7427739
5,Seribu Batu Songgo Langit,Cagar Alam,Yogyakarta,2000,4.6,https://picsum.photos/seed/SeribuBatuSonggoLangit/400/250,-7.9305908,110.4311357
3,Curug Cipanas,Cagar Alam,Bandung,20000,3.9,https://upload.wikimedia.org/wikipedia/commons/a/a1/Curug_Cibeureum.jpg,,
5,Pasar Tanah Abang,Pusat Perbelanjaan,Jakarta,0,4.0,https://upload.wikimedia.org/wikipedia/commons/d/d8/COLLECTIE_TROPENMUSEUM_Batavia_Pasar_Tanah_Abang_TMnr_10014914.jpg,-6.1882913,106.8184949
2,Taman Pelangi Yogyakarta,Taman Hiburan,Yogyakarta,15000,4.3,https://upload.wikimedia.org/wikipedia/commons/7/7a/Lampion.jpg,-7.7502983,110.3694758
3,Studio Alam Gamplong,Taman Hiburan,Yogyakarta,10000,4.4,https://upload.wikimedia.org/wikipedia/commons/a/a1/Boerderij_Buitenzorg_-_Studio_Alam_Gamplong_-_Bumi_Manusia.jpg,,
2,Kampoeng Rawa,Cagar Alam,Semarang,3000,4.5,https://upload.wikimedia.org/wikipedia/commons/e/e2/Rawa_Pening_Central_Java.jpg,,
5,Pintoe Langit Dahromo,Cagar Alam,Yogyakarta,2500,4.4,https://picsum.photos/seed/PintoeLangitDahromo/400/250,,
4,Panama Park 825,Taman Hiburan,Bandung,50000,4.4,https://picsum.photos/seed/PanamaPark825/400/250,,
2,Pantai Ancol,Bahari,Jakarta,25000,4.4,https://upload.wikimedia.org/wikipedia/id/thumb/3/3e/Logo_Taman_Impian_Jaya_Ancol_%282022%29.svg/langid-960px-Logo_Taman_Impian_Jaya_Ancol_%282022%29.svg.png,-6.1224326,106.8414099
3,Taman Menteng,Taman Hiburan,Jakarta,0,4.5,https://upload.wikimedia.org/wikipedia/commons/4/45/Kniel.jpg,-6.1959974,106.8295739
3,Gunung Manglayang,Cagar Alam,Bandung,7500,4.5,https://upload.wikimedia.org/wikipedia/commons/0/00/Mont_Manglayang.jpg,-6.8810787,107.7357178
4,Taman Film,Budaya,Bandung,0,4.3,https://picsum.photos/seed/TamanFilm/400/250,-6.8985088,107.6077767
3,Food Junction Grand Pakuwon,Pusat Perbelanjaan,Surabaya,0,4.5,https://upload.wikimedia.org/wikipedia/commons/a/a4/Pakuwon_Trade_Centre_Ekspansi_%2830632349775%29.jpg,,
4,Pantai Ngrenehan,Bahari,Yogyakarta,3000,4.4,https://upload.wikimedia.org/wikipedia/commons/thumb/f/f1/Pantai_Ngrenehan.jpg/3840px-Pantai_Ngrenehan.jpg,,
4,Kebun Bibit Wonorejo,Cagar Alam,Surabaya,0,4.4,https://picsum.photos/seed/KebunBibitWonorejo/400/250,-7.3116953,112.7894948
4,Klenteng Jin De Yuan,Tempat Ibadah,Jakarta,0,4.5,https://upload.wikimedia.org/wikipedia/commons/f/f5/Klenteng_Jin_De_Yuan%2C_Glodok%2C_Jakarta.jpg,,
5,Curug Tilu Leuwi Opat,Cagar Alam,Bandung,10000,4.4,https://upload.wikimedia.org/wikipedia/commons/thumb/7/7c/Curug_Bugbrug.jpg/3840px-Curug_Bugbrug.jpg,,
2,Taman Menteng,Taman Hiburan,Jakarta,0,4.5,https://upload.wikimedia.org/wikipedia/commons/4/45/Kniel.jpg,-6.1959974,106.8295739
4,Taman Bunga Cihideung,Cagar Alam,Bandung,0,4.1,https://picsum.photos/seed/TamanBungaCihideung/400/250,,
4,Klenteng Sanggar Agung,Budaya,Surabaya,10000,4.5,https://upload.wikimedia.org/wikipedia/commons/1/10/Giant_She_Mien_Fo_Statue_at_Sanggar_Agung_Temple%2C_Surabaya%2C_Indonesia.jpg,-7.2472279,112.8023036
4,Situ Cileunca,Cagar Alam,Bandung,2500,4.4,https://upload.wikimedia.org/wikipedia/commons/5/5e/Cileunca_Lake.jpg,-7.2020441,107.5498098
3,Wisata Kaliurang,Cagar Alam,Yogyakarta,8000,4.4,https://upload.wikimedia.org/wikipedia/commons/thumb/b/b0/Perundingan_Kaliurang.jpg/3840px-Perundingan_Kaliurang.jpg,-7.6021032,110.4280429
3,GunungTangkuban perahu,Cagar Alam,Bandung,30000,4.5,https://upload.wikimedia.org/wikipedia/commons/thumb/9/9a/Panoramic_View_of_Kawah_Ratu_Crater_in_Mt.Tangkuban_Perahu.jpg/3840px-Panoramic_View_of_Kawah_Ratu_Crater_in_Mt.Tangkuban_Perahu.jpg,,
5,Wisata Agro Edukatif Istana Susu Cibugary,Taman Hiburan,Jakarta,35000,4.5,https://picsum.photos/seed/WisataAgroEdukatifIstanaSusuCibugary/400/250,,
3,Gereja Katedral Santo Petrus Bandung,Tempat Ibadah,Bandung,0,4.8,https://upload.wikimedia.org/wikipedia/commons/e/e5/Tampak_Depan_Gereja_Katedral_Bandung.png,-6.9148386,107.6106794
3,Curug Dago,Cagar Alam,Bandung,12000,4.0,https://upload.wikimedia.org/wikipedia/commons/0/07/Taman_Hutan_Raya_IR_Djuanda.jpg,-6.8654924,107.6181817
3,Taman Barunawati,Taman Hiburan,Surabaya,0,4.2,https://upload.wikimedia.org/wikipedia/id/9/93/Taman_Dayu_Pasuruan.jpg,-7.2218764,112.7317878
4,Selasar Sunaryo Art Space,Taman Hiburan,Bandung,25000,4.6,https://upload.wikimedia.org/wikipedia/commons/thumb/b/b2/Dongker_Photo_2025.png/3840px-Dongker_Photo_2025.png,-6.8586315,107.6365204
4,Museum Mandala Wangsit Siliwangi,Budaya,Bandung,0,4.4,https://upload.wikimedia.org/wikipedia/commons/d/d0/Museum_Mandala_Wangsit_Siliwangi.JPG,-6.9173055,107.6111041
4,Kyotoku Floating Market,Budaya,Bandung,175000,4.5,https://upload.wikimedia.org/wikipedia/id/e/e1/BEASTARS%2C_volume_1.jpg,,
4,Pantai Sadranan,Bahari,Yogyakarta,10000,4.6,https://upload.wikimedia.org/wikipedia/commons/b/b3/Dusk_till_dawn_%28cropped%29.jpg,-8.1457925,110.6044298
3,Taman Agrowisata Cilangkap,Taman Hiburan,Jakarta,0,4.2,https://picsum.photos/seed/TamanAgrowisataCilangkap/400/250,,
5,Surabaya Museum (Gedung Siola),Budaya,Surabaya,0,4.5,https://upload.wikimedia.org/wikipedia/commons/thumb/2/21/Tunjungan_Siola_di_2022.jpg/3840px-Tunjungan_Siola_di_2022.jpg,,
4,Keraton Surabaya,Budaya,Surabaya,0,4.4,https://upload.wikimedia.org/wikipedia/commons/d/da/Jembatan_suroboyo_dusk.jpg,-7.2550377,112.7443229
5,Jembatan Biru Ambarawa,Taman Hiburan,Semarang,0,4.2,https://upload.wikimedia.org/wikipedia/commons/f/f0/IWM-SE-5865-tank-Surabaya-19451127.jpg,,
4,Gunung Papandayan,Cagar Alam,Bandung,30000,4.6,https://upload.wikimedia.org/wikipedia/commons/5/50/Indonesia_-_papandayan_4.jpg,-7.2928617,107.6766487
5,Desa Wisata Sungai Code Jogja Kota,Taman Hiburan,Yogyakarta,0,5.0,https://upload.wikimedia.org/wikipedia/commons/thumb/1/10/Yogyakarta_Indonesia_Tugu-Yogyakarta-02.jpg/3840px-Yogyakarta_Indonesia_Tugu-Yogyakarta-02.jpg,,
5,Gunung Papandayan,Cagar Alam,Bandung,30000,4.6,https://upload.wikimedia.org/wikipedia/commons/5/50/Indonesia_-_papandayan_4.jpg,-7.2928617,107.6766487
2,Desa Wisata Pulesari,Taman Hiburan,Yogyakarta,0,4.4,https://picsum.photos/seed/DesaWisataPulesari/400/250,-7.6241051,110.3727962
5,Orchid Forest Cikole,Taman Hiburan,Bandung,50000,4.6,https://picsum.photos/seed/OrchidForestCikole/400/250,-6.7801991,107.6379318
5,Hutan Wisata Tinjomoyo Semarang,Cagar Alam,Semarang,3000,4.3,https://upload.wikimedia.org/wikipedia/commons/thumb/a/a4/Indonesia_location_map.svg/langid-1280px-Indonesia_location_map.svg.png,-7.0280535,110.4008314
3,Desa Wisata Rumah Domes/Teletubbies,Taman Hiburan,Yogyakarta,5000,4.1,https://picsum.photos/seed/DesaWisataRumahDomes/Teletubbies/400/250,,
4,Skyrink - Mall Taman Anggrek,Taman Hiburan,Jakarta,110000,4.5,https://picsum.photos/seed/Skyrink-MallTamanAnggrek/400/250,,
5,Pantai Timang,Bahari,Yogyakarta,10000,4.7,https://upload.wikimedia.org/wikipedia/commons/thumb/f/f2/Gondala_pantai_Timang_-_Gunung_Kidul%2C_DIY.jpg/3840px-Gondala_pantai_Timang_-_Gunung_Kidul%2C_DIY.jpg,-8.1756475,110.6632846
2,Pulau Pari,Bahari,Jakarta,150000,4.0,https://upload.wikimedia.org/wikipedia/commons/thumb/0/0c/Pari_Island_Pier.jpg/3840px-Pari_Island_Pier.jpg,-5.8591134,106.6163519
5,Desa Wisata Gamplong,Taman Hiburan,Yogyakarta,10000,4.4,https://upload.wikimedia.org/wikipedia/commons/a/a1/Boerderij_Buitenzorg_-_Studio_Alam_Gamplong_-_Bumi_Manusia.jpg,,
4,Gereja Tiberias Indonesia Bandung,Tempat Ibadah,Bandung,0,4.9,https://upload.wikimedia.org/wikipedia/commons/6/6c/Gereja_Tiberias_Indonesia_Boulevard_Utara_Jakarta.jpg,,
4,Taman Balai Kota Bandung,Taman Hiburan,Bandung,0,4.6,https://upload.wikimedia.org/wikipedia/commons/thumb/f/ff/Taman_Balai_Kota_Bandung.jpg/3840px-Taman_Balai_Kota_Bandung.jpg,-6.9131328,107.6097317
3,Pantai Marina,Bahari,Semarang,3000,4.1,https://upload.wikimedia.org/wikipedia/commons/thumb/a/a4/Indonesia_location_map.svg/langid-1280px-Indonesia_location_map.svg.png,-6.9476655,110.3901407
3,Museum Seni Rupa dan Kramik,Budaya,Jakarta,5000,4.4,https://picsum.photos/seed/MuseumSeniRupadanKramik/400/250,,
5,Kampung Wisata Taman Sari,Taman Hiburan,Yogyakarta,5000,4.6,https://upload.wikimedia.org/wikipedia/commons/thumb/0/07/Indonesia_-_Java_-_Yogyakarta_-_Taman_Sari.jpg/3840px-Indonesia_-_Java_-_Yogyakarta_-_Taman_Sari.jpg,,
5,Gereja Tiberias Indonesia Bandung,Tempat Ibadah,Bandung,0,4.9,https://upload.wikimedia.org/wikipedia/commons/6/6c/Gereja_Tiberias_Indonesia_Boulevard_Utara_Jakarta.jpg,,
4,SnowBay Waterpark,Taman Hiburan,Jakarta,180000,4.3,https://picsum.photos/seed/SnowBayWaterpark/400/250,,
5,Museum Kebangkitan Nasional,Budaya,Jakarta,2000,4.7,https://upload.wikimedia.org/wikipedia/commons/c/cf/Old_Dutch_building_-_panoramio.jpg,-6.1786737,106.8380305
5,Desa Wisata Tembi,Taman Hiburan,Yogyakarta,50000,4.5,https://picsum.photos/seed/DesaWisataTembi/400/250,,
3,Sudut Pandang Bandung,Taman Hiburan,Bandung,50000,4.6,https://upload.wikimedia.org/wikipedia/commons/0/0b/Menteri_Pekerjaan_Umum_Dody_Hanggodo.jpg,,
3,Amazing Art World,Budaya,Bandung,75000,4.5,https://upload.wikimedia.org/wikipedia/commons/thumb/5/5b/Steven_Spielberg_at_Berlinale_2023_Ausschnitt.jpg/3840px-Steven_Spielberg_at_Berlinale_2023_Ausschnitt.jpg,-6.8516724,107.5963601
3,Pasar Baru,Pusat Perbelanjaan,Bandung,0,4.3,https://upload.wikimedia.org/wikipedia/commons/1/19/Pasar_Baru_Jakarta_Pusat.JPG,-6.9174245,107.6037561
3,Surabaya North Quay,Taman Hiburan,Surabaya,50000,4.4,https://upload.wikimedia.org/wikipedia/commons/d/da/Jembatan_suroboyo_dusk.jpg,,
4,Stone Garden Citatah,Taman Hiburan,Bandung,30000,4.4,https://upload.wikimedia.org/wikipedia/commons/3/3b/View_from_bridge_-_panoramio_%282%29.jpg,,
3,Pantai Jungwok,Bahari,Yogyakarta,5000,4.6,https://upload.wikimedia.org/wikipedia/commons/1/15/Pantai_Jungwook.jpg,-8.1980959,110.7120018
3,Sam Poo Kong Temple,Budaya,Semarang,35000,4.5,https://upload.wikimedia.org/wikipedia/commons/8/81/Sam_Po_Kong_Temple_Semarang_Indonesia.jpg,,
2,Taman Hutan Tebet,Taman Hiburan,Jakarta,0,4.4,https://upload.wikimedia.org/wikipedia/commons/thumb/6/67/%283%29_Tebet_Eco_Park%2C_Jakarta.jpg/3840px-%283%29_Tebet_Eco_Park%2C_Jakarta.jpg,,
2,Gereja Katedral,Tempat Ibadah,Jakarta,0,4.8,https://upload.wikimedia.org/wikipedia/commons/e/e0/Jakarta_Indonesia_Jakarta-Cathedral-10.jpg,-6.1692046,106.8332373
5,Margasatwa Muara Angke,Cagar Alam,Jakarta,25000,4.2,https://upload.wikimedia.org/wikipedia/commons/7/7b/Pelabuhan_Muara_Angke_%282022%29.jpg,-6.1079999,106.7660141
4,Grand Indonesia Mall,Pusat Perbelanjaan,Jakarta,0,4.7,https://upload.wikimedia.org/wikipedia/commons/b/b4/Inside_of_Grand_Indonesia.jpg,-6.1957601,106.8214547
2,Kawasan Punclut,Taman Hiburan,Bandung,20000,4.4,https://picsum.photos/seed/KawasanPunclut/400/250,-6.8505903,107.6144997
3,Atlantis Land Surabaya,Taman Hiburan,Surabaya,125000,4.4,https://picsum.photos/seed/AtlantisLandSurabaya/400/250,,
3,Bangsal Pagelaran,Budaya,Yogyakarta,5000,4.6,https://upload.wikimedia.org/wikipedia/commons/thumb/8/83/Yogyakarta_Sultanate_Hamengkubhuwono_X_Emblem.svg/langid-500px-Yogyakarta_Sultanate_Hamengkubhuwono_X_Emblem.svg.png,-7.8053068,110.3642689
5,Bumi Perkemahan Cibubur,Taman Hiburan,Jakarta,10000,4.5,https://picsum.photos/seed/BumiPerkemahanCibubur/400/250,-6.3645138,106.8990846
2,Hutan Pinus Pengger,Taman Hiburan,Yogyakarta,3000,4.5,https://upload.wikimedia.org/wikipedia/commons/thumb/a/a0/Big_Stone_at_Hutan_Pinus_Pengger_Jogja.jpg/3840px-Big_Stone_at_Hutan_Pinus_Pengger_Jogja.jpg,,
4,Hutan Wisata Tinjomoyo Semarang,Cagar Alam,Semarang,3000,4.3,https://upload.wikimedia.org/wikipedia/commons/thumb/a/a4/Indonesia_location_map.svg/langid-1280px-Indonesia_location_map.svg.png,-7.0280535,110.4008314
2,Wisata Kaliurang,Cagar Alam,Yogyakarta,8000,4.4,https://upload.wikimedia.org/wikipedia/commons/thumb/b/b0/Perundingan_Kaliurang.jpg/3840px-Perundingan_Kaliurang.jpg,-7.6021032,110.4280429
4,Monumen Yogya Kembali,Budaya,Yogyakarta,15000,4.5,https://upload.wikimedia.org/wikipedia/id/4/4a/Monumen_Yogya_Kembali.JPG,,
3,Museum Bahari Jakarta,Budaya,Jakarta,2000,4.4,https://upload.wikimedia.org/wikipedia/commons/thumb/d/d6/Museum_Bahari_Pintu_Masuk.jpg/3840px-Museum_Bahari_Pintu_Masuk.jpg,-6.1268288,106.8083185
4,Umbul Sidomukti,Cagar Alam,Semarang,75000,4.6,https://upload.wikimedia.org/wikipedia/commons/6/63/Gunungungaran.jpg,-7.1941928,110.3738353
2,Museum Satria Mandala,Budaya,Jakarta,5000,4.5,https://upload.wikimedia.org/wikipedia/commons/thumb/5/53/Satriamandala_Museum_main_building.jpg/3840px-Satriamandala_Museum_main_building.jpg,-6.2310834,106.8189045
4,Pantai Glagah,Bahari,Yogyakarta,5000,4.4,https://upload.wikimedia.org/wikipedia/commons/d/db/Glagah_Beach_Kulon_Progo.jpg,-7.9046994,110.0774413
2,Jembatan Biru Ambarawa,Taman Hiburan,Semarang,0,4.2,https://upload.wikimedia.org/wikipedia/commons/f/f0/IWM-SE-5865-tank-Surabaya-19451127.jpg,,
2,Goa Cerme,Cagar Alam,Yogyakarta,3000,4.4,https://picsum.photos/seed/GoaCerme/400/250,-7.9846382,110.3773506
5,Taman Impian Jaya Ancol,Taman Hiburan,Jakarta,25000,4.5,https://upload.wikimedia.org/wikipedia/id/thumb/3/3e/Logo_Taman_Impian_Jaya_Ancol_%282022%29.svg/langid-960px-Logo_Taman_Impian_Jaya_Ancol_%282022%29.svg.png,-6.1215807,106.8371407
2,Wisata Kraton Jogja,Budaya,Yogyakarta,7000,4.7,https://upload.wikimedia.org/wikipedia/commons/thumb/8/83/Yogyakarta_Sultanate_Hamengkubhuwono_X_Emblem.svg/langid-500px-Yogyakarta_Sultanate_Hamengkubhuwono_X_Emblem.svg.png,-7.8055992,110.3635944
3,Pulau Bidadari,Bahari,Jakarta,5000,4.6,https://upload.wikimedia.org/wikipedia/commons/thumb/0/04/Angel_island_-_Sixth_stop_%2816932267198%29.jpg/3840px-Angel_island_-_Sixth_stop_%2816932267198%29.jpg,-6.0358085,106.7468461
3,Blue Lagoon Jogja,Taman Hiburan,Yogyakarta,10000,4.3,https://picsum.photos/seed/BlueLagoonJogja/400/250,,
2,Taman Impian Jaya Ancol,Taman Hiburan,Jakarta,25000,4.5,https://upload.wikimedia.org/wikipedia/id/thumb/3/3e/Logo_Taman_Impian_Jaya_Ancol_%282022%29.svg/langid-960px-Logo_Taman_Impian_Jaya_Ancol_%282022%29.svg.png,-6.1215807,106.8371407
2,Taman Balai Kota Bandung,Taman Hiburan,Bandung,0,4.6,https://upload.wikimedia.org/wikipedia/commons/thumb/f/ff/Taman_Balai_Kota_Bandung.jpg/3840px-Taman_Balai_Kota_Bandung.jpg,-6.9131328,107.6097317
3,House of Sampoerna,Budaya,Surabaya,0,4.6,https://upload.wikimedia.org/wikipedia/commons/thumb/f/f6/House_of_Sampoerna_Mei_2015.jpg/3840px-House_of_Sampoerna_Mei_2015.jpg,-7.2309923,112.7341461
3,Pantai Wediombo,Bahari,Yogyakarta,5000,4.5,https://upload.wikimedia.org/wikipedia/commons/thumb/a/a4/Wediombo_Beach_4.jpg/3840px-Wediombo_Beach_4.jpg,-8.1873165,110.7103524
3,Taman Balai Kota Bandung,Taman Hiburan,Bandung,0,4.6,https://upload.wikimedia.org/wikipedia/commons/thumb/f/ff/Taman_Balai_Kota_Bandung.jpg/3840px-Taman_Balai_Kota_Bandung.jpg,-6.9131328,107.6097317
5,Galeri Indonesia Kaya,Budaya,Jakarta,0,4.8,https://picsum.photos/seed/GaleriIndonesiaKaya/400/250,,
5,Monumen Palagan Ambarawa,Budaya,Semarang,7500,4.4,https://upload.wikimedia.org/wikipedia/commons/5/58/The_British_Occupation_of_Java_SE5896.jpg,-7.2598545,110.4024282
5,Sumur Gumuling,Taman Hiburan,Yogyakarta,7000,4.5,https://upload.wikimedia.org/wikipedia/commons/4/42/COLLECTIE_TROPENMUSEUM_Gebedsruimte_in_Taman_Sari_het_waterkasteel_van_de_Sultan_van_Yogyakarta_TMnr_10016553.jpg,-7.808775,110.3591432
4,Kawasan Punclut,Taman Hiburan,Bandung,20000,4.4,https://picsum.photos/seed/KawasanPunclut/400/250,-6.8505903,107.6144997
4,Babakan Siliwangi City Forest Path Bandung,Cagar Alam,Bandung,0,4.6,https://picsum.photos/seed/BabakanSiliwangiCityForestPathBandung/400/250,,
5,Waterboom PIK (Pantai Indah Kapuk),Taman Hiburan,Jakarta,300000,4.4,https://upload.wikimedia.org/wikipedia/commons/e/e8/Transjakarta_skywell_low_entry_bus.jpg,-6.1129447,106.7492511
5,Lereng Anteng Panoramic Coffee Place,Cagar Alam,Bandung,50000,4.4,https://picsum.photos/seed/LerengAntengPanoramicCoffeePlace/400/250,,
4,Pulau Semak Daun,Bahari,Jakarta,40000,4.0,https://upload.wikimedia.org/wikipedia/commons/5/5f/Snorkeling.jpg,,
2,Museum Basoeki Abdullah,Budaya,Jakarta,1000,4.6,https://upload.wikimedia.org/wikipedia/id/0/04/Basuki_abdullah.jpeg,,
5,Galaxy Waterpark Jogja,Taman Hiburan,Yogyakarta,40000,4.3,https://picsum.photos/seed/GalaxyWaterparkJogja/400/250,,
4,Puncak Gunung Api Purba - Nglanggeran,Cagar Alam,Yogyakarta,10000,4.7,https://upload.wikimedia.org/wikipedia/commons/b/bb/Bukit_Nglanggeran.jpg,,
2,Bunker Kaliadem Merapi,Cagar Alam,Yogyakarta,3000,4.5,https://picsum.photos/seed/BunkerKaliademMerapi/400/250,,
5,Taman Hutan Raya Ir. H. Juanda,Cagar Alam,Bandung,11000,4.5,https://upload.wikimedia.org/wikipedia/commons/0/07/Taman_Hutan_Raya_IR_Djuanda.jpg,-6.8411686,107.6503782
5,Pantai Ngrawe (Mesra),Bahari,Yogyakarta,10000,4.5,https://picsum.photos/seed/PantaiNgrawe(Mesra)/400/250,,
5,Cibubur Garden Diary (Cibugary),Cagar Alam,Jakarta,50000,4.5,https://picsum.photos/seed/CibuburGardenDiary(Cibugary)/400/250,,
3,Masjid Pusdai,Tempat Ibadah,Bandung,0,4.7,https://upload.wikimedia.org/wikipedia/commons/thumb/f/ff/Two_Trans_Metro_Bandung%27s_Nucleus_Bus_at_Cicaheum.jpg/3840px-Two_Trans_Metro_Bandung%27s_Nucleus_Bus_at_Cicaheum.jpg,-6.9001383,107.6262202
5,SnowBay Waterpark,Taman Hiburan,Jakarta,180000,4.3,https://picsum.photos/seed/SnowBayWaterpark/400/250,,
5,Taman Menteng,Taman Hiburan,Jakarta,0,4.5,https://upload.wikimedia.org/wikipedia/commons/4/45/Kniel.jpg,-6.1959974,106.8295739
3,Kampung Cina,Budaya,Jakarta,15000,4.5,https://picsum.photos/seed/KampungCina/400/250,-6.2409538,106.8648299
3,Sea World,Taman Hiburan,Jakarta,115000,4.5,https://picsum.photos/seed/SeaWorld/400/250,-6.1271525,106.8415944
5,Monumen Batik Yogyakarta,Budaya,Yogyakarta,40000,4.5,https://upload.wikimedia.org/wikipedia/id/4/4a/Monumen_Yogya_Kembali.JPG,,
2,Gumuk Pasir Parangkusumo,Taman Hiburan,Yogyakarta,0,4.5,https://upload.wikimedia.org/wikipedia/commons/thumb/0/0b/Gumuk_Pasir_Parangkusumo_2.jpg/3840px-Gumuk_Pasir_Parangkusumo_2.jpg,-8.0170516,110.3171918
5,Taman Badak,Taman Hiburan,Bandung,0,4.5,https://upload.wikimedia.org/wikipedia/commons/b/b7/Rhino_collage.png,,
4,Museum Satria Mandala,Budaya,Jakarta,5000,4.5,https://upload.wikimedia.org/wikipedia/commons/thumb/5/53/Satriamandala_Museum_main_building.jpg/3840px-Satriamandala_Museum_main_building.jpg,-6.2310834,106.8189045
2,Taman Buah Surabaya,Taman Hiburan,Surabaya,0,4.1,https://upload.wikimedia.org/wikipedia/commons/d/da/Jembatan_suroboyo_dusk.jpg,-7.2660644,112.7952929
5,Wisata Eling Bening,Cagar Alam,Semarang,25000,4.3,https://upload.wikimedia.org/wikipedia/commons/thumb/0/0a/Ambarawa_Bypass_Road_from_Eling_Bening%2C_2017-03-15.jpg/3840px-Ambarawa_Bypass_Road_from_Eling_Bening%2C_2017-03-15.jpg,,
4,Monumen Jalesveva Jayamahe,Budaya,Surabaya,0,4.6,https://upload.wikimedia.org/wikipedia/commons/2/2e/Jalesveva_Jayamahe_Monument%2C_Surabaya.jpg,-7.1954933,112.7396134
5,Trans Studio Bandung,Taman Hiburan,Bandung,280000,4.5,https://upload.wikimedia.org/wikipedia/id/thumb/d/d4/Trans_Studio_logo_2011.svg/langid-60px-Trans_Studio_logo_2011.svg.png,-6.9247021,107.6360969
2,Museum Taman Prasasti,Budaya,Jakarta,2000,4.5,https://upload.wikimedia.org/wikipedia/commons/thumb/8/8d/Tombstones_taman_prasasti.jpg/3840px-Tombstones_taman_prasasti.jpg,-6.1723712,106.8195429
5,The Lost World Castle,Taman Hiburan,Yogyakarta,30000,4.3,https://upload.wikimedia.org/wikipedia/commons/thumb/e/e6/The_Lost_World_Castle.jpg/3840px-The_Lost_World_Castle.jpg,-7.6037962,110.4512542
5,Pantai Ancol,Bahari,Jakarta,25000,4.4,https://upload.wikimedia.org/wikipedia/id/thumb/3/3e/Logo_Taman_Impian_Jaya_Ancol_%282022%29.svg/langid-960px-Logo_Taman_Impian_Jaya_Ancol_%282022%29.svg.png,-6.1224326,106.8414099
2,Batununggal Indah Club,Taman Hiburan,Bandung,70000,4.4,https://picsum.photos/seed/BatununggalIndahClub/400/250,-6.9631771,107.6263673
2,Pantai Drini,Bahari,Yogyakarta,10000,4.5,https://upload.wikimedia.org/wikipedia/commons/thumb/5/52/Pantai_Drini_Top_View.jpg/3840px-Pantai_Drini_Top_View.jpg,-8.1380974,110.5783985
3,Pantai Pulang Sawal,Bahari,Yogyakarta,10000,4.5,https://upload.wikimedia.org/wikipedia/commons/thumb/9/9e/Yogyakarta_Indonesia_Kraton-the-Sultans-Palace-02.jpg/3840px-Yogyakarta_Indonesia_Kraton-the-Sultans-Palace-02.jpg,,
2,Pantai Parangtritis,Bahari,Yogyakarta,10000,4.5,https://upload.wikimedia.org/wikipedia/commons/b/b3/Dusk_till_dawn_%28cropped%29.jpg,-8.0272827,110.3370078
2,Kebun Bibit Wonorejo,Cagar Alam,Surabaya,0,4.4,https://picsum.photos/seed/KebunBibitWonorejo/400/250,-7.3116953,112.7894948
4,Watu Mabur Mangunan,Cagar Alam,Yogyakarta,2500,4.5,https://upload.wikimedia.org/wikipedia/commons/thumb/d/d8/Pandansimo_Bridge_view_toward_Bantul.jpg/3840px-Pandansimo_Bridge_view_toward_Bantul.jpg,,
2,Goa Pindul,Cagar Alam,Yogyakarta,40000,4.5,https://upload.wikimedia.org/wikipedia/commons/3/33/Pindul_Cave%2C_Indonesia.JPG,-7.9310483,110.6479201
5,Ledok Sambi,Cagar Alam,Yogyakarta,0,4.6,https://upload.wikimedia.org/wikipedia/commons/8/82/Ledoksambi.jpg,-7.6468475,110.4262578
4,Jendela Alam,Taman Hiburan,Bandung,20000,4.4,https://upload.wikimedia.org/wikipedia/id/2/2e/Poster_Pabrik_Gula.jpg,,
3,Saung Angklung Mang Udjo,Budaya,Bandung,75000,4.7,https://upload.wikimedia.org/wikipedia/commons/e/e0/Saung_Angklung_Udjo.JPG,,
2,Museum Benteng Vredeburg Yogyakarta,Budaya,Yogyakarta,3000,4.6,https://upload.wikimedia.org/wikipedia/commons/b/b5/Museum_benteng_vredeburg.png,-7.8001537,110.3663364
4,Museum Sonobudoyo Unit I,Budaya,Yogyakarta,5000,4.6,https://upload.wikimedia.org/wikipedia/commons/thumb/c/c4/Museum_Sonobudoyo_2025.jpg/3840px-Museum_Sonobudoyo_2025.jpg,-7.8021367,110.3637812
4,Alun-Alun Kota Bandung,Taman Hiburan,Bandung,0,4.6,https://upload.wikimedia.org/wikipedia/commons/7/70/COLLECTIE_TROPENMUSEUM_De_waringins_op_de_alun-alun_bij_de_ingang_van_de_kraton_van_de_sultan_van_Jogjakarta_TMnr_60022716.jpg,-6.9216776,107.607151
5,Monumen Perjuangan Rakyat Jawa Barat,Budaya,Bandung,0,4.5,https://upload.wikimedia.org/wikipedia/commons/thumb/4/43/Monumen_Perjuangan_Rakyat_Jawa_Barat_01.jpg/3840px-Monumen_Perjuangan_Rakyat_Jawa_Barat_01.jpg,-6.8934346,107.6185412
5,Semarang Chinatown,Budaya,Semarang,30000,4.5,https://upload.wikimedia.org/wikipedia/id/5/5d/Gedung_Depan_SMP_PL_Domenico_Savio.jpg,-6.9748863,110.4251185
2,Monumen Kapal Selam,Budaya,Surabaya,15000,4.4,https://upload.wikimedia.org/wikipedia/commons/6/60/Submarine_Monument_Surabaya_2.JPG,-7.265434,112.7503063
3,Geoforest Watu Payung Turunan,Cagar Alam,Yogyakarta,0,4.5,https://picsum.photos/seed/GeoforestWatuPayungTurunan/400/250,,
2,Pulau Bidadari,Bahari,Jakarta,5000,4.6,https://upload.wikimedia.org/wikipedia/commons/thumb/0/04/Angel_island_-_Sixth_stop_%2816932267198%29.jpg/3840px-Angel_island_-_Sixth_stop_%2816932267198%29.jpg,-6.0358085,106.7468461
5,Stone Garden Citatah,Taman Hiburan,Bandung,30000,4.4,https://upload.wikimedia.org/wikipedia/commons/3/3b/View_from_bridge_-_panoramio_%282%29.jpg,,
3,Situ Cileunca,Cagar Alam,Bandung,2500,4.4,https://upload.wikimedia.org/wikipedia/commons/5/5e/Cileunca_Lake.jpg,-7.2020441,107.5498098
5,Upside Down World Bandung,Taman Hiburan,Bandung,100000,4.0,https://picsum.photos/seed/UpsideDownWorldBandung/400/250,,
2,Alun Alun Selatan Yogyakarta,Taman Hiburan,Yogyakarta,0,4.6,https://picsum.photos/seed/AlunAlunSelatanYogyakarta/400/250,,
4,Ocean Ecopark,Taman Hiburan,Jakarta,180000,4.0,https://upload.wikimedia.org/wikipedia/id/thumb/3/3e/Logo_Taman_Impian_Jaya_Ancol_%282022%29.svg/langid-960px-Logo_Taman_Impian_Jaya_Ancol_%282022%29.svg.png,,
3,Gunung Papandayan,Cagar Alam,Bandung,30000,4.6,https://upload.wikimedia.org/wikipedia/commons/5/50/Indonesia_-_papandayan_4.jpg,-7.2928617,107.6766487
2,Danau Rawa Pening,Cagar Alam,Semarang,15000,4.4,https://upload.wikimedia.org/wikipedia/commons/e/e2/Rawa_Pening_Central_Java.jpg,,
5,Pantai Nglambor,Bahari,Yogyakarta,10000,4.4,https://upload.wikimedia.org/wikipedia/commons/thumb/f/fa/Afternoon_at_Nglambor_Beach.jpg/3840px-Afternoon_at_Nglambor_Beach.jpg,-8.1823453,110.6792506
5,Taman Air Mancur Menari Kenjeran,Taman Hiburan,Surabaya,0,4.4,https://picsum.photos/seed/TamanAirMancurMenariKenjeran/400/250,,
4,Geoforest Watu Payung Turunan,Cagar Alam,Yogyakarta,0,4.5,https://picsum.photos/seed/GeoforestWatuPayungTurunan/400/250,,
2,Taman Film,Budaya,Bandung,0,4.3,https://picsum.photos/seed/TamanFilm/400/250,-6.8985088,107.6077767
3,Museum Sumpah Pemuda,Budaya,Jakarta,2000,4.7,https://upload.wikimedia.org/wikipedia/commons/3/30/Historical_Indonesian_Youth_Pledge%2C_Sumpah_Pemuda_in_1928.jpg,-6.1838167,106.8430499
5,Situs Warungboto,Taman Hiburan,Yogyakarta,0,4.4,https://upload.wikimedia.org/wikipedia/commons/thumb/9/92/Situs_Warungboto.jpg/3840px-Situs_Warungboto.jpg,-7.8103543,110.3932221
5,Gua Pawon,Cagar Alam,Bandung,10000,4.5,https://upload.wikimedia.org/wikipedia/commons/thumb/e/e5/Gua_Pawon.jpg/3840px-Gua_Pawon.jpg,-6.8236107,107.4362947
4,Wisata Eling Bening,Cagar Alam,Semarang,25000,4.3,https://upload.wikimedia.org/wikipedia/commons/thumb/0/0a/Ambarawa_Bypass_Road_from_Eling_Bening%2C_2017-03-15.jpg/3840px-Ambarawa_Bypass_Road_from_Eling_Bening%2C_2017-03-15.jpg,,
3,Candi Ijo,Budaya,Yogyakarta,5000,4.6,https://upload.wikimedia.org/wikipedia/commons/9/9d/Candi_Ijo.JPG,-7.7837641,110.5114895
3,Peta Park,Taman Hiburan,Bandung,15000,4.3,https://upload.wikimedia.org/wikipedia/commons/thumb/d/d8/Linkin_Park_-_From_Zero_Lead_Press_Photo_-_James_Minchin_III.jpg/3840px-Linkin_Park_-_From_Zero_Lead_Press_Photo_-_James_Minchin_III.jpg,-6.9317342,107.5883194
5,Taman Kasmaran,Taman Hiburan,Semarang,3000,4.5,https://upload.wikimedia.org/wikipedia/commons/4/4e/Top_15_Indonesian_Idol_14.jpg,-6.9907948,110.4065795
3,Taman Air Mancur Menari Kenjeran,Taman Hiburan,Surabaya,0,4.4,https://picsum.photos/seed/TamanAirMancurMenariKenjeran/400/250,,
5,Gereja Katedral,Tempat Ibadah,Jakarta,0,4.8,https://upload.wikimedia.org/wikipedia/commons/e/e0/Jakarta_Indonesia_Jakarta-Cathedral-10.jpg,-6.1692046,106.8332373
5,Waduk Jatibarang,Cagar Alam,Semarang,2500,4.3,https://upload.wikimedia.org/wikipedia/commons/thumb/a/a4/Indonesia_location_map.svg/langid-1280px-Indonesia_location_map.svg.png,-7.0420774,110.3458919
3,Desa Wisata Lembah Kalipancur,Taman Hiburan,Semarang,0,3.9,https://picsum.photos/seed/DesaWisataLembahKalipancur/400/250,,
5,Museum Pos Indonesia,Budaya,Bandung,0,4.5,https://upload.wikimedia.org/wikipedia/commons/1/11/Kantor_Pusat_Pos_Indonesia.JPG,-6.9020925,107.6198013
4,Monumen Palagan Ambarawa,Budaya,Semarang,7500,4.4,https://upload.wikimedia.org/wikipedia/commons/5/58/The_British_Occupation_of_Java_SE5896.jpg,-7.2598545,110.4024282
4,Pantai Siung,Bahari,Yogyakarta,10000,4.6,https://upload.wikimedia.org/wikipedia/commons/a/a7/WATU_TOGOG_PANTAI_SIUNG.jpg,-8.1821587,110.6839762
3,Museum Tengah Kebun,Budaya,Jakarta,0,4.6,https://upload.wikimedia.org/wikipedia/commons/b/b8/Museum_kebun_01.jpg,-6.2676523,106.8246369
4,Mountain View Golf Club,Cagar Alam,Bandung,375000,4.4,https://upload.wikimedia.org/wikipedia/id/6/65/InterContinental_Bandung_logo.png,,
3,Desa Wisata Sungai Code Jogja Kota,Taman Hiburan,Yogyakarta,0,5.0,https://upload.wikimedia.org/wikipedia/commons/thumb/1/10/Yogyakarta_Indonesia_Tugu-Yogyakarta-02.jpg/3840px-Yogyakarta_Indonesia_Tugu-Yogyakarta-02.jpg,,
5,Wisata Lereng Kelir,Cagar Alam,Semarang,7000,4.3,https://upload.wikimedia.org/wikipedia/commons/thumb/6/61/Indonesia_Sleman_Regency_location_map.svg/langid-1280px-Indonesia_Sleman_Regency_location_map.svg.png,,
4,Heha Sky View,Taman Hiburan,Yogyakarta,15000,4.4,https://picsum.photos/seed/HehaSkyView/400/250,-7.8491296,110.4782259
2,Pasar Baru,Pusat Perbelanjaan,Bandung,0,4.3,https://upload.wikimedia.org/wikipedia/commons/1/19/Pasar_Baru_Jakarta_Pusat.JPG,-6.9174245,107.6037561
2,Glamping Lakeside Rancabali,Taman Hiburan,Bandung,30000,4.4,https://upload.wikimedia.org/wikipedia/commons/4/43/Junghuhn_See_Telaga_Patengan_auf_Java.jpg,,
2,NuArt Sculpture Park,Taman Hiburan,Bandung,50000,4.7,https://upload.wikimedia.org/wikipedia/commons/3/30/Nugallery.jpg,-6.8772419,107.5724908
5,Pantai Kukup,Bahari,Yogyakarta,10000,4.0,https://upload.wikimedia.org/wikipedia/commons/c/cd/Pantai_Kukup-2.jpg,-8.1334792,110.5538855
4,NuArt Sculpture Park,Taman Hiburan,Bandung,50000,4.7,https://upload.wikimedia.org/wikipedia/commons/3/30/Nugallery.jpg,-6.8772419,107.5724908
5,Umbul Sidomukti,Cagar Alam,Semarang,75000,4.6,https://upload.wikimedia.org/wikipedia/commons/6/63/Gunungungaran.jpg,-7.1941928,110.3738353
3,Lembang Park & Zoo,Cagar Alam,Bandung,50000,4.5,https://picsum.photos/seed/LembangPark&Zoo/400/250,-6.8054528,107.5913571
2,Taman Bungkul,Taman Hiburan,Surabaya,0,4.6,https://upload.wikimedia.org/wikipedia/id/6/6e/Taman_Bungkul_Surabaya_%281%29.png,-7.2912247,112.7398717
4,Pelabuhan Marina,Bahari,Jakarta,175000,4.4,https://upload.wikimedia.org/wikipedia/id/6/60/Monumentpantaiboom.jpeg,,
3,Air Terjun Kali Pancur,Cagar Alam,Semarang,5000,4.1,https://upload.wikimedia.org/wikipedia/commons/thumb/5/5a/Indonesia_provinces_blank_map.svg/langid-960px-Indonesia_provinces_blank_map.svg.png,,
2,Curug Cipanas,Cagar Alam,Bandung,20000,3.9,https://upload.wikimedia.org/wikipedia/commons/a/a1/Curug_Cibeureum.jpg,,
2,Ledok Sambi,Cagar Alam,Yogyakarta,0,4.6,https://upload.wikimedia.org/wikipedia/commons/8/82/Ledoksambi.jpg,-7.6468475,110.4262578
4,Lava Bantal,Budaya,Yogyakarta,5000,4.4,https://upload.wikimedia.org/wikipedia/commons/thumb/b/b1/P%C4%81hoehoe_Lava_flow.JPG/3840px-P%C4%81hoehoe_Lava_flow.JPG,,
3,Klenteng Sanggar Agung,Budaya,Surabaya,10000,4.5,https://upload.wikimedia.org/wikipedia/commons/1/10/Giant_She_Mien_Fo_Statue_at_Sanggar_Agung_Temple%2C_Surabaya%2C_Indonesia.jpg,-7.2472279,112.8023036
3,Candi Borobudur,Budaya,Yogyakarta,50000,4.7,https://upload.wikimedia.org/wikipedia/commons/thumb/2/25/Pradaksina.jpg/3840px-Pradaksina.jpg,,
3,Wisata Alam Wana Wisata Penggaron,Cagar Alam,Semarang,10000,4.1,https://picsum.photos/seed/WisataAlamWanaWisataPenggaron/400/250,,
2,Gereja Katedral Santo Petrus Bandung,Tempat Ibadah,Bandung,0,4.8,https://upload.wikimedia.org/wikipedia/commons/e/e5/Tampak_Depan_Gereja_Katedral_Bandung.png,-6.9148386,107.6106794
2,Pasar Petak Sembilan,Pusat Perbelanjaan,Jakarta,0,4.4,https://upload.wikimedia.org/wikipedia/commons/2/23/StasiunSurabayaPasarturi.jpg,,
2,Curug Anom,Cagar Alam,Bandung,0,4.6,https://upload.wikimedia.org/wikipedia/commons/thumb/7/7c/Anom_Waterfall_Bottom_View.jpg/3840px-Anom_Waterfall_Bottom_View.jpg,,
4,Galaxy Waterpark Jogja,Taman Hiburan,Yogyakarta,40000,4.3,https://upload.wikimedia.org/wikipedia/id/d/d0/Plaza_Asia_Tasikmalaya_logo.png,,
2,Museum Perangko,Budaya,Jakarta,5000,4.4,https://upload.wikimedia.org/wikipedia/commons/thumb/9/90/National_emblem_of_Indonesia_Garuda_Pancasila.svg/langid-960px-National_emblem_of_Indonesia_Garuda_Pancasila.svg.png,-6.3041701,106.9017984
3,Pantai Kesirat,Bahari,Yogyakarta,5000,4.6,https://upload.wikimedia.org/wikipedia/commons/thumb/9/99/Kesirat_Beach.jpg/3840px-Kesirat_Beach.jpg,-8.0964033,110.4351139
2,Kampoeng Tulip,Taman Hiburan,Bandung,15000,3.8,https://picsum.photos/seed/KampoengTulip/400/250,,
3,Taman Bungkul,Taman Hiburan,Surabaya,0,4.6,https://upload.wikimedia.org/wikipedia/id/6/6e/Taman_Bungkul_Surabaya_%281%29.png,-7.2912247,112.7398717
4,Curug Cipanas,Cagar Alam,Bandung,20000,3.9,https://upload.wikimedia.org/wikipedia/commons/a/a1/Curug_Cibeureum.jpg,,
4,Wisata Kraton Jogja,Budaya,Yogyakarta,7000,4.7,https://upload.wikimedia.org/wikipedia/commons/thumb/8/83/Yogyakarta_Sultanate_Hamengkubhuwono_X_Emblem.svg/langid-500px-Yogyakarta_Sultanate_Hamengkubhuwono_X_Emblem.svg.png,-7.8055992,110.3635944
5,Jembatan Merah,Budaya,Surabaya,0,4.5,https://upload.wikimedia.org/wikipedia/commons/0/00/Wajah_Baru_Jembatan_Merah_Putih_kota_Ambon.jpg,-7.2367401,112.7383129
2,Kampung Batik Gedong Semarang,Budaya,Semarang,0,4.4,https://upload.wikimedia.org/wikipedia/commons/thumb/5/53/Borobudur%2C_Java%2C_Indonesia%2C_20220817_1016_8757.jpg/3840px-Borobudur%2C_Java%2C_Indonesia%2C_20220817_1016_8757.jpg,-6.968264,110.431876
5,Taman Bunga Celosia,Cagar Alam,Semarang,25000,4.3,https://upload.wikimedia.org/wikipedia/commons/2/29/Celosia_argentea_jengger_ayam.jpg,,
4,Caringin Tilu,Cagar Alam,Bandung,0,4.4,https://upload.wikimedia.org/wikipedia/commons/thumb/8/81/Sunda_Kingdom_id.svg/langid-960px-Sunda_Kingdom_id.svg.png,,
4,Taman Menteng,Taman Hiburan,Jakarta,0,4.5,https://upload.wikimedia.org/wikipedia/commons/4/45/Kniel.jpg,-6.1959974,106.8295739
4,Museum TNI AL Loka Jala Crana,Budaya,Surabaya,2000,4.5,https://picsum.photos/seed/MuseumTNIALLokaJalaCrana/400/250,,
3,Candi Prambanan,Budaya,Yogyakarta,50000,4.7,https://upload.wikimedia.org/wikipedia/commons/thumb/6/61/Indonesia_Sleman_Regency_location_map.svg/langid-1280px-Indonesia_Sleman_Regency_location_map.svg.png,-7.7522269,110.4915331
4,Panghegar Waterboom Bandung,Taman Hiburan,Bandung,75000,4.3,https://picsum.photos/seed/PanghegarWaterboomBandung/400/250,-6.9618478,107.6222373
4,Kampung Tematik Jawi,Budaya,Semarang,0,4.5,https://upload.wikimedia.org/wikipedia/commons/c/c7/Siti_Nurhaliza_-_Khairul_Fahmi%27s_Wedding_2013.jpg,,
5,Air Terjun Kedung Pedut,Cagar Alam,Yogyakarta,20000,4.5,https://upload.wikimedia.org/wikipedia/commons/e/e1/Kedungpedut.jpg,,
2,Pecinan Glodok,Pusat Perbelanjaan,Jakarta,0,4.3,https://upload.wikimedia.org/wikipedia/commons/thumb/c/c0/Kantor_Kelurahan_Glodok%2C_Jakarta_Barat.jpg/3840px-Kantor_Kelurahan_Glodok%2C_Jakarta_Barat.jpg,-6.1448405,106.8131866
3,Taman Pandanaran,Taman Hiburan,Semarang,0,4.4,https://upload.wikimedia.org/wikipedia/commons/0/0d/Three_Berliner_Maschinenbau_steam_locomotives_on_the_Cepu_Forest_Railway_in_Central_Java%2C_Indonesia.JPG,-6.9878331,110.4171959
5,Bukit Bintang,Cagar Alam,Bandung,25000,4.6,https://upload.wikimedia.org/wikipedia/commons/e/e7/Bukit_bintang_from_kl_monorail_2009.jpg,,
4,Jembatan Kota Intan,Budaya,Jakarta,0,4.3,https://upload.wikimedia.org/wikipedia/commons/5/5b/COLLECTIE_TROPENMUSEUM_Dubbele_ophaalbrug_%28Hoenderpasarbrug%29_Batavia_TMnr_10014923.jpg,-6.1312459,106.8105591
2,Sam Poo Kong Temple,Budaya,Semarang,35000,4.5,https://upload.wikimedia.org/wikipedia/commons/8/81/Sam_Po_Kong_Temple_Semarang_Indonesia.jpg,,
5,Kebun Bibit Wonorejo,Cagar Alam,Surabaya,0,4.4,https://picsum.photos/seed/KebunBibitWonorejo/400/250,-7.3116953,112.7894948
5,Panama Park 825,Taman Hiburan,Bandung,50000,4.4,https://picsum.photos/seed/PanamaPark825/400/250,,
2,Kidzania,Taman Hiburan,Jakarta,185000,4.6,https://picsum.photos/seed/Kidzania/400/250,-6.2243598,106.8095186
5,Situ Patenggang,Cagar Alam,Bandung,20000,4.5,https://upload.wikimedia.org/wikipedia/commons/4/43/Junghuhn_See_Telaga_Patengan_auf_Java.jpg,-7.1652597,107.3697821
4,Tebing Breksi,Budaya,Yogyakarta,20000,4.4,https://upload.wikimedia.org/wikipedia/commons/thumb/5/5d/Lahan_parkir_dan_amfiteater_di_Tebing_Breksi_Yogyakarta.jpg/3840px-Lahan_parkir_dan_amfiteater_di_Tebing_Breksi_Yogyakarta.jpg,-7.7814295,110.5049834
2,Bumi Perkemahan Cibubur,Taman Hiburan,Jakarta,10000,4.5,https://picsum.photos/seed/BumiPerkemahanCibubur/400/250,-6.3645138,106.8990846
4,Wisata Batu Kuda,Cagar Alam,Bandung,10000,4.4,https://picsum.photos/seed/WisataBatuKuda/400/250,,
4,Desa Wisata Gamplong,Taman Hiburan,Yogyakarta,10000,4.4,https://upload.wikimedia.org/wikipedia/commons/a/a1/Boerderij_Buitenzorg_-_Studio_Alam_Gamplong_-_Bumi_Manusia.jpg,,
2,Pantai Sundak,Bahari,Yogyakarta,5000,4.5,https://upload.wikimedia.org/wikipedia/commons/thumb/9/9e/Yogyakarta_Indonesia_Kraton-the-Sultans-Palace-02.jpg/3840px-Yogyakarta_Indonesia_Kraton-the-Sultans-Palace-02.jpg,-8.1471841,110.6080799
3,Pantai Sedahan,Bahari,Yogyakarta,5000,4.5,https://upload.wikimedia.org/wikipedia/commons/thumb/2/22/Flora_Indonesia.jpg/3840px-Flora_Indonesia.jpg,-8.1976663,110.7208645
4,Ciputra Waterpark,Taman Hiburan,Surabaya,95000,4.3,https://upload.wikimedia.org/wikipedia/commons/thumb/2/2d/Gambar_CitraGarden_Sidoarjo.jpg/3840px-Gambar_CitraGarden_Sidoarjo.jpg,-7.2843701,112.6325019
5,Taman Suropati,Taman Hiburan,Jakarta,0,4.6,https://upload.wikimedia.org/wikipedia/commons/d/da/Taman_Suropati_%281%29.jpg,-6.1994133,106.8326256
4,Hutan Kota Srengseng,Taman Hiburan,Jakarta,1000,4.3,https://upload.wikimedia.org/wikipedia/commons/e/e2/Taman_kota_di_srengseng_jakarta.jpg,-6.2107961,106.7646791
4,Jembatan Merah,Budaya,Surabaya,0,4.5,https://upload.wikimedia.org/wikipedia/commons/0/00/Wajah_Baru_Jembatan_Merah_Putih_kota_Ambon.jpg,-7.2367401,112.7383129
4,Masjid Salman ITB,Tempat Ibadah,Bandung,0,4.8,https://upload.wikimedia.org/wikipedia/id/4/4f/Masjid_Salman_ITB.jpg,-6.8936881,107.6111969
3,Bandros City Tour,Budaya,Bandung,40000,4.4,https://upload.wikimedia.org/wikipedia/commons/2/2b/Perjalanan_Bus_Bandros.jpg,,
2,Dunia Fantasi,Taman Hiburan,Jakarta,270000,4.6,https://picsum.photos/seed/DuniaFantasi/400/250,-6.1242122,106.832156
4,Taman Situ Lembang,Taman Hiburan,Jakarta,0,4.5,https://upload.wikimedia.org/wikipedia/commons/3/34/Taman_Situ_Lembang.jpg,-6.1978547,106.8342762
3,Kota Tua,Budaya,Jakarta,0,4.6,https://upload.wikimedia.org/wikipedia/commons/thumb/7/72/Batavia_City_Hall_%28Jakarta_History_Museum%29_Fatahillah_Square_%282025%29_-_img_02.jpg/3840px-Batavia_City_Hall_%28Jakarta_History_Museum%29_Fatahillah_Square_%282025%29_-_img_02.jpg,-6.1368624,106.8150708
4,Sea World,Taman Hiburan,Jakarta,115000,4.5,https://picsum.photos/seed/SeaWorld/400/250,-6.1271525,106.8415944
2,Setu Babakan,Budaya,Jakarta,0,4.4,https://upload.wikimedia.org/wikipedia/commons/thumb/2/25/Setu_Babakan.jpg/3840px-Setu_Babakan.jpg,-6.3419991,106.8203244
2,Perpustakaan Nasional,Budaya,Jakarta,0,4.7,https://upload.wikimedia.org/wikipedia/commons/thumb/e/e2/LOGO-PERPUSNAS.svg/langid-1920px-LOGO-PERPUSNAS.svg.png,-6.1806956,106.8264664
2,Pemandian Air Panas Ciater,Cagar Alam,Bandung,15000,4.3,https://picsum.photos/seed/PemandianAirPanasCiater/400/250,,
4,Pantai Congot,Bahari,Yogyakarta,3000,4.3,https://upload.wikimedia.org/wikipedia/commons/a/a4/Kedung-pedut_3.jpg,,
3,Nol Kilometer Jl.Malioboro,Taman Hiburan,Yogyakarta,0,4.7,https://upload.wikimedia.org/wikipedia/commons/thumb/7/7d/Armada_1A_Trans_Jogja_di_Jalan_Solo.jpg/3840px-Armada_1A_Trans_Jogja_di_Jalan_Solo.jpg,,
3,Taman Buah Surabaya,Taman Hiburan,Surabaya,0,4.1,https://upload.wikimedia.org/wikipedia/commons/d/da/Jembatan_suroboyo_dusk.jpg,-7.2660644,112.7952929
4,Masjid Agung Trans Studio Bandung,Tempat Ibadah,Bandung,0,4.8,https://picsum.photos/seed/MasjidAgungTransStudioBandung/400/250,-6.9259196,107.635428
4,Taman Buah Surabaya,Taman Hiburan,Surabaya,0,4.1,https://upload.wikimedia.org/wikipedia/commons/d/da/Jembatan_suroboyo_dusk.jpg,-7.2660644,112.7952929
2,Wot Batu,Cagar Alam,Bandung,50000,4.7,https://upload.wikimedia.org/wikipedia/commons/thumb/f/fa/Wot_Batu.jpg/3840px-Wot_Batu.jpg,-6.8585391,107.6366148
3,Perkebunan Teh Malabar,Cagar Alam,Bandung,5000,4.4,https://upload.wikimedia.org/wikipedia/commons/thumb/d/d0/Gunung_Malabar.jpg/3840px-Gunung_Malabar.jpg,,
4,Curug Aseupan,Cagar Alam,Bandung,10000,4.7,https://upload.wikimedia.org/wikipedia/commons/8/84/Gunung_Aseupan_dilihat_dari_sisi_utara_tahun_2025_%28cropped%29.jpg,,
2,Indonesia Kaya Park,Taman Hiburan,Semarang,0,4.6,https://upload.wikimedia.org/wikipedia/commons/thumb/1/14/Taman_indonesia_kaya.jpg/3840px-Taman_indonesia_kaya.jpg,-6.992088,110.4200237
3,Monumen Batik Yogyakarta,Budaya,Yogyakarta,40000,4.5,https://upload.wikimedia.org/wikipedia/id/4/4a/Monumen_Yogya_Kembali.JPG,,
2,Rainbow Garden,Cagar Alam,Bandung,20000,4.6,https://upload.wikimedia.org/wikipedia/commons/f/f1/Meikarta_Tower_Distrik_1.jpg,,
5,Plaza Indonesia,Pusat Perbelanjaan,Jakarta,0,4.7,https://upload.wikimedia.org/wikipedia/commons/b/b7/Plaza_Indonesia_%282025%29.jpg,-6.19408,106.8218748
4,Galeri Indonesia Kaya,Budaya,Jakarta,0,4.8,https://picsum.photos/seed/GaleriIndonesiaKaya/400/250,,
3,Kota Lama Semarang,Budaya,Semarang,0,4.7,https://upload.wikimedia.org/wikipedia/commons/thumb/7/7e/Lawang_Sewu_in_Semarang_City.jpg/3840px-Lawang_Sewu_in_Semarang_City.jpg,-6.96723,110.4268983
4,Cibubur Garden Diary (Cibugary),Cagar Alam,Jakarta,50000,4.5,https://picsum.photos/seed/CibuburGardenDiary(Cibugary)/400/250,,
5,Hutan Mangrove Kulon Progo,Bahari,Yogyakarta,5000,4.1,https://picsum.photos/seed/HutanMangroveKulonProgo/400/250,,
4,Taman Agrowisata Cilangkap,Taman Hiburan,Jakarta,0,4.2,https://picsum.photos/seed/TamanAgrowisataCilangkap/400/250,,
5,Museum Gunung Merapi,Budaya,Yogyakarta,10000,4.4,https://upload.wikimedia.org/wikipedia/commons/thumb/f/f0/Museum_Gunungapi_Merapi.jpg/3840px-Museum_Gunungapi_Merapi.jpg,-7.6188698,110.4240986
2,Pantai Jungwok,Bahari,Yogyakarta,5000,4.6,https://upload.wikimedia.org/wikipedia/commons/1/15/Pantai_Jungwook.jpg,-8.1980959,110.7120018
4,Museum Pos Indonesia,Budaya,Bandung,0,4.5,https://upload.wikimedia.org/wikipedia/commons/1/11/Kantor_Pusat_Pos_Indonesia.JPG,-6.9020925,107.6198013
3,Ocean Ecopark,Taman Hiburan,Jakarta,180000,4.0,https://upload.wikimedia.org/wikipedia/id/thumb/3/3e/Logo_Taman_Impian_Jaya_Ancol_%282022%29.svg/langid-960px-Logo_Taman_Impian_Jaya_Ancol_%282022%29.svg.png,,
4,Museum Joang 45,Budaya,Jakarta,2000,4.0,https://upload.wikimedia.org/wikipedia/commons/d/d0/Gedung_Joang_45.jpg,-6.1862362,106.8366544
2,Masjid Nasional Al-Akbar,Tempat Ibadah,Surabaya,0,4.9,https://upload.wikimedia.org/wikipedia/id/thumb/9/95/Masjid_Nasional_Al-Akbar_Surabaya_2016.jpg/3840px-Masjid_Nasional_Al-Akbar_Surabaya_2016.jpg,-7.3362941,112.7153303
4,Bentara Budaya Yogyakarta (BBY),Budaya,Yogyakarta,0,4.5,https://upload.wikimedia.org/wikipedia/commons/8/81/Gallery_room_of_Bentara_Budaya_Yogyakarta.jpg,,
5,Kampung Wisata Sosro Menduran,Budaya,Yogyakarta,0,4.0,https://picsum.photos/seed/KampungWisataSosroMenduran/400/250,,
4,Wisata Alam Wana Wisata Penggaron,Cagar Alam,Semarang,10000,4.1,https://picsum.photos/seed/WisataAlamWanaWisataPenggaron/400/250,,
3,Taman Budaya Jawa Barat,Budaya,Bandung,0,4.3,https://upload.wikimedia.org/wikipedia/id/0/0a/Patung_Wisnu_di_GWK.jpeg,-6.869945,107.6196998
2,Museum TNI AL Loka Jala Crana,Budaya,Surabaya,2000,4.5,https://picsum.photos/seed/MuseumTNIALLokaJalaCrana/400/250,,
3,Pantai Krakal,Bahari,Yogyakarta,10000,4.5,https://upload.wikimedia.org/wikipedia/commons/3/38/Matahari_terbenam_di_Pantai_Slili.jpg,-8.1317391,110.5449125
2,Balai Kota Surabaya,Budaya,Surabaya,0,4.7,https://upload.wikimedia.org/wikipedia/commons/d/da/Jembatan_suroboyo_dusk.jpg,-7.2593052,112.7469919
3,Pantai Sepanjang,Bahari,Yogyakarta,10000,4.4,https://picsum.photos/seed/PantaiSepanjang/400/250,-8.1368979,110.5658723
5,Pantai Kesirat,Bahari,Yogyakarta,5000,4.6,https://upload.wikimedia.org/wikipedia/commons/thumb/9/99/Kesirat_Beach.jpg/3840px-Kesirat_Beach.jpg,-8.0964033,110.4351139
2,Gedung Agung Yogyakarta,Budaya,Yogyakarta,0,4.6,https://upload.wikimedia.org/wikipedia/commons/3/3c/Gedung_Agung_May_12_2025.jpg,-7.800169,110.3638046
4,Puncak Pinus Becici,Taman Hiburan,Yogyakarta,3000,4.5,https://upload.wikimedia.org/wikipedia/commons/d/d9/Puncak_Pinus_Becici.jpg,-7.9012592,110.4372592
3,Taman Pelangi,Taman Hiburan,Surabaya,0,4.5,https://upload.wikimedia.org/wikipedia/commons/2/29/Taman_Pelangi_Bus_stop_-_April_2026.jpg,-7.327841,112.7311681
5,Gua Belanda,Cagar Alam,Bandung,15000,4.4,https://upload.wikimedia.org/wikipedia/commons/0/07/Taman_Hutan_Raya_IR_Djuanda.jpg,,
2,Ciwangun Indah Camp Official,Cagar Alam,Bandung,10000,4.3,https://picsum.photos/seed/CiwangunIndahCampOfficial/400/250,,
5,Pantai Wediombo,Bahari,Yogyakarta,5000,4.5,https://upload.wikimedia.org/wikipedia/commons/thumb/a/a4/Wediombo_Beach_4.jpg/3840px-Wediombo_Beach_4.jpg,-8.1873165,110.7103524
2,Museum Sri Baduga,Budaya,Bandung,3000,4.5,https://upload.wikimedia.org/wikipedia/commons/thumb/d/d2/Sri_Baduga_Museum.JPG/3840px-Sri_Baduga_Museum.JPG,-6.9377186,107.6035761
3,Desa Wisata Tembi,Taman Hiburan,Yogyakarta,50000,4.5,https://picsum.photos/seed/DesaWisataTembi/400/250,,
3,Bukit Bintang Yogyakarta,Taman Hiburan,Yogyakarta,25000,4.5,https://upload.wikimedia.org/wikipedia/commons/thumb/9/9e/Yogyakarta_Indonesia_Kraton-the-Sultans-Palace-02.jpg/3840px-Yogyakarta_Indonesia_Kraton-the-Sultans-Palace-02.jpg,-7.8460828,110.4796997
2,Museum Seni Rupa dan Kramik,Budaya,Jakarta,5000,4.4,https://picsum.photos/seed/MuseumSeniRupadanKramik/400/250,,
3,Pantai Timang,Bahari,Yogyakarta,10000,4.7,https://upload.wikimedia.org/wikipedia/commons/thumb/f/f2/Gondala_pantai_Timang_-_Gunung_Kidul%2C_DIY.jpg/3840px-Gondala_pantai_Timang_-_Gunung_Kidul%2C_DIY.jpg,-8.1756475,110.6632846
4,Taman Miniatur Kereta Api,Taman Hiburan,Bandung,15000,4.4,https://upload.wikimedia.org/wikipedia/commons/thumb/b/b4/Istana_Anak-anak_Indonesia_TMII_%282025%29_-_img_01.jpg/3840px-Istana_Anak-anak_Indonesia_TMII_%282025%29_-_img_01.jpg,,
4,Museum Sepuluh Nopember Kota Surabaya,Budaya,Surabaya,5000,4.7,https://picsum.photos/seed/MuseumSepuluhNopemberKotaSurabaya/400/250,-7.2454453,112.7378996
2,Kawasan Kuliner BSM,Pusat Perbelanjaan,Jakarta,0,4.6,https://picsum.photos/seed/KawasanKulinerBSM/400/250,-6.1844382,106.8237901
2,Hutan Bambu Keputih,Cagar Alam,Surabaya,0,4.3,https://upload.wikimedia.org/wikipedia/commons/d/da/Jembatan_suroboyo_dusk.jpg,,
4,Pantai Jogan,Bahari,Yogyakarta,5000,4.4,https://upload.wikimedia.org/wikipedia/commons/thumb/a/a4/Indonesia_location_map.svg/langid-1280px-Indonesia_location_map.svg.png,-8.1802349,110.67649
5,Pasar Taman Puring,Pusat Perbelanjaan,Jakarta,0,4.4,https://upload.wikimedia.org/wikipedia/commons/3/30/Halte_Transjakarta_Mayestik.jpg,-6.241405,106.789092
3,Museum Nike Ardilla,Budaya,Bandung,0,4.6,https://upload.wikimedia.org/wikipedia/id/e/e9/Nike_Ardilla.jpg,-6.9405148,107.6725146
3,Kiara Artha Park,Taman Hiburan,Bandung,15000,4.4,https://picsum.photos/seed/KiaraArthaPark/400/250,-6.916458,107.6422474
2,Galaxy Waterpark Jogja,Taman Hiburan,Yogyakarta,40000,4.3,https://upload.wikimedia.org/wikipedia/id/d/d0/Plaza_Asia_Tasikmalaya_logo.png,,
3,Pantai Ancol,Bahari,Jakarta,25000,4.4,https://upload.wikimedia.org/wikipedia/id/thumb/3/3e/Logo_Taman_Impian_Jaya_Ancol_%282022%29.svg/langid-960px-Logo_Taman_Impian_Jaya_Ancol_%282022%29.svg.png,-6.1224326,106.8414099
3,Pelabuhan Marina,Bahari,Jakarta,175000,4.4,https://upload.wikimedia.org/wikipedia/id/6/60/Monumentpantaiboom.jpeg,,
5,Istana Negara Republik Indonesia,Budaya,Jakarta,0,4.6,https://upload.wikimedia.org/wikipedia/commons/thumb/d/dd/Insignia_of_the_Indonesian_National_Police.svg/langid-960px-Insignia_of_the_Indonesian_National_Police.svg.png,,
4,Green Village Gedangsari,Taman Hiburan,Yogyakarta,2000,4.2,https://upload.wikimedia.org/wikipedia/commons/a/a2/Locator_Kecamatan_Gedangsari_ing_Gunung_Kidul.png,-7.8130962,110.6153654
3,Jalan Braga,Budaya,Bandung,0,4.7,https://upload.wikimedia.org/wikipedia/commons/b/b7/Jl_Braga_Street_Sign_in_Bandung.jpg,-6.919146,107.6098034
5,Candi Borobudur,Budaya,Yogyakarta,50000,4.7,https://upload.wikimedia.org/wikipedia/commons/thumb/2/25/Pradaksina.jpg/3840px-Pradaksina.jpg,,
3,Kyotoku Floating Market,Budaya,Bandung,175000,4.5,https://upload.wikimedia.org/wikipedia/id/e/e1/BEASTARS%2C_volume_1.jpg,,
4,Kauman Pakualaman Yogyakarta,Budaya,Yogyakarta,0,5.0,https://upload.wikimedia.org/wikipedia/commons/thumb/e/ef/Flag_of_Pakualaman.svg/langid-960px-Flag_of_Pakualaman.svg.png,-7.8012036,110.3742635
4,Taman Mundu,Taman Hiburan,Surabaya,0,4.4,https://upload.wikimedia.org/wikipedia/commons/0/0e/COLLECTIE_TROPENMUSEUM_Blad_en_vrucht_van_de_Xanthochymus_dulcis_roxb_moendoe_TMnr_3401-1683.jpg,,
5,Kampoeng Tulip,Taman Hiburan,Bandung,15000,3.8,https://picsum.photos/seed/KampoengTulip/400/250,,
3,Curug Cimahi,Cagar Alam,Bandung,15000,4.6,https://upload.wikimedia.org/wikipedia/commons/e/e5/COLLECTIE_TROPENMUSEUM_Waterval_in_de_omgeving_van_Tjisaroea_en_Tjimahi_TMnr_60050403.jpg,-6.7991735,107.5781113
5,Blue Lagoon Jogja,Taman Hiburan,Yogyakarta,10000,4.3,https://picsum.photos/seed/BlueLagoonJogja/400/250,,
5,Pantai Congot,Bahari,Yogyakarta,3000,4.3,https://upload.wikimedia.org/wikipedia/commons/a/a4/Kedung-pedut_3.jpg,,
4,Kota Mini,Taman Hiburan,Bandung,20000,4.4,https://picsum.photos/seed/KotaMini/400/250,,
5,Balai Kota Surabaya,Budaya,Surabaya,0,4.7,https://upload.wikimedia.org/wikipedia/commons/d/da/Jembatan_suroboyo_dusk.jpg,-7.2593052,112.7469919
3,Desa Wisata Kelor,Taman Hiburan,Yogyakarta,0,4.4,https://upload.wikimedia.org/wikipedia/commons/thumb/a/a3/Rumah_Joglo_Muhadi.jpg/3840px-Rumah_Joglo_Muhadi.jpg,,
4,Atlantis Land Surabaya,Taman Hiburan,Surabaya,125000,4.4,https://picsum.photos/seed/AtlantisLandSurabaya/400/250,,
3,Taman Harmoni Keputih,Cagar Alam,Surabaya,0,4.4,https://picsum.photos/seed/TamanHarmoniKeputih/400/250,-7.295047,112.8036032
4,Kampoeng Kopi Banaran,Taman Hiburan,Semarang,200000,4.3,https://upload.wikimedia.org/wikipedia/commons/c/c5/Museum_Kopi_Banaran.jpg,-7.2546718,110.4416226
5,Pantai Jungwok,Bahari,Yogyakarta,5000,4.6,https://upload.wikimedia.org/wikipedia/commons/1/15/Pantai_Jungwook.jpg,-8.1980959,110.7120018
3,Air Terjun Sri Gethuk,Cagar Alam,Yogyakarta,15000,4.4,https://upload.wikimedia.org/wikipedia/commons/0/0c/Air_terjun_Sri_Gethuk.jpg,-7.9432134,110.4895782
2,Gedung Sate,Budaya,Bandung,5000,4.6,https://upload.wikimedia.org/wikipedia/commons/thumb/4/4c/Gedung_Sate_Oktober_2024_-_Rahmatdenas.jpg/3840px-Gedung_Sate_Oktober_2024_-_Rahmatdenas.jpg,-6.9014576,107.6173506
3,Mall Thamrin City,Pusat Perbelanjaan,Jakarta,0,4.4,https://upload.wikimedia.org/wikipedia/commons/thumb/2/25/Interior_Thamrin_City%2C_2025.jpg/1920px-Interior_Thamrin_City%2C_2025.jpg,-6.1944082,106.8145468
2,Pelabuhan Marina,Bahari,Jakarta,175000,4.4,https://upload.wikimedia.org/wikipedia/id/6/60/Monumentpantaiboom.jpeg,,
3,Hutan Pinus Kayon,Cagar Alam,Semarang,6000,4.4,https://upload.wikimedia.org/wikipedia/commons/thumb/d/d8/Pandansimo_Bridge_view_toward_Bantul.jpg/3840px-Pandansimo_Bridge_view_toward_Bantul.jpg,,
5,Alun-Alun Kota Bandung,Taman Hiburan,Bandung,0,4.6,https://upload.wikimedia.org/wikipedia/commons/7/70/COLLECTIE_TROPENMUSEUM_De_waringins_op_de_alun-alun_bij_de_ingang_van_de_kraton_van_de_sultan_van_Jogjakarta_TMnr_60022716.jpg,-6.9216776,107.607151
3,Grojogan Watu Purbo Bangunrejo,Taman Hiburan,Yogyakarta,10000,4.5,https://picsum.photos/seed/GrojoganWatuPurboBangunrejo/400/250,,
3,Masjid Daarut Tauhiid Bandung,Tempat Ibadah,Bandung,0,4.9,https://picsum.photos/seed/MasjidDaarutTauhiidBandung/400/250,-6.8635726,107.5900533
2,Kampung Wisata Taman Sari,Taman Hiburan,Yogyakarta,5000,4.6,https://upload.wikimedia.org/wikipedia/commons/thumb/0/07/Indonesia_-_Java_-_Yogyakarta_-_Taman_Sari.jpg/3840px-Indonesia_-_Java_-_Yogyakarta_-_Taman_Sari.jpg,,
3,Museum Wayang,Budaya,Jakarta,5000,4.5,https://upload.wikimedia.org/wikipedia/commons/9/99/Wayang_sejarah.jpg,-6.1348145,106.8125091
2,Air Terjun Sri Gethuk,Cagar Alam,Yogyakarta,15000,4.4,https://upload.wikimedia.org/wikipedia/commons/0/0c/Air_terjun_Sri_Gethuk.jpg,-7.9432134,110.4895782
4,Candi Gedong Songo,Budaya,Semarang,10000,4.5,https://upload.wikimedia.org/wikipedia/commons/a/af/Gedong_songo.jpg,-7.2063743,110.340176
4,Embung Tambakboyo,Taman Hiburan,Yogyakarta,0,4.4,https://upload.wikimedia.org/wikipedia/commons/4/43/Waduk_Tambakboyo_01.jpg,-7.7554434,110.4143353
2,Kenjeran Park,Taman Hiburan,Surabaya,35000,4.2,https://upload.wikimedia.org/wikipedia/commons/thumb/a/ac/Unit_Trans_Semanggi_Suroboyo_K3L_di_Kenpark_%28Desember_2022%29.jpg/3840px-Unit_Trans_Semanggi_Suroboyo_K3L_di_Kenpark_%28Desember_2022%29.jpg,-7.2498534,112.8001912
3,Alive Museum Ancol,Taman Hiburan,Jakarta,200000,4.3,https://picsum.photos/seed/AliveMuseumAncol/400/250,,
5,Masjid Pusdai,Tempat Ibadah,Bandung,0,4.7,https://upload.wikimedia.org/wikipedia/commons/thumb/f/ff/Two_Trans_Metro_Bandung%27s_Nucleus_Bus_at_Cicaheum.jpg/3840px-Two_Trans_Metro_Bandung%27s_Nucleus_Bus_at_Cicaheum.jpg,-6.9001383,107.6262202
4,Waterpark Kenjeran Surabaya,Taman Hiburan,Surabaya,35000,4.1,https://upload.wikimedia.org/wikipedia/commons/thumb/7/7a/Visual_K2_Trans_Jatim_Tribhuwana.jpg/3840px-Visual_K2_Trans_Jatim_Tribhuwana.jpg,,
3,Masjid Istiqlal,Tempat Ibadah,Jakarta,0,4.7,https://upload.wikimedia.org/wikipedia/id/2/25/Masjid_Istiqlal_-_Panoramio.jpg,-6.1702395,106.8310056
2,Air Terjun Kali Pancur,Cagar Alam,Semarang,5000,4.1,https://upload.wikimedia.org/wikipedia/commons/thumb/5/5a/Indonesia_provinces_blank_map.svg/langid-960px-Indonesia_provinces_blank_map.svg.png,,
5,Taman Miniatur Kereta Api,Taman Hiburan,Bandung,15000,4.4,https://upload.wikimedia.org/wikipedia/commons/thumb/b/b4/Istana_Anak-anak_Indonesia_TMII_%282025%29_-_img_01.jpg/3840px-Istana_Anak-anak_Indonesia_TMII_%282025%29_-_img_01.jpg,,
3,Waterpark Kenjeran Surabaya,Taman Hiburan,Surabaya,35000,4.1,https://upload.wikimedia.org/wikipedia/commons/thumb/7/7a/Visual_K2_Trans_Jatim_Tribhuwana.jpg/3840px-Visual_K2_Trans_Jatim_Tribhuwana.jpg,,
2,Watu Mabur Mangunan,Cagar Alam,Yogyakarta,2500,4.5,https://upload.wikimedia.org/wikipedia/commons/thumb/d/d8/Pandansimo_Bridge_view_toward_Bantul.jpg/3840px-Pandansimo_Bridge_view_toward_Bantul.jpg,,
4,Lembang Park & Zoo,Cagar Alam,Bandung,50000,4.5,https://picsum.photos/seed/LembangPark&Zoo/400/250,-6.8054528,107.5913571
5,Kota Lama Semarang,Budaya,Semarang,0,4.7,https://upload.wikimedia.org/wikipedia/commons/thumb/7/7e/Lawang_Sewu_in_Semarang_City.jpg/3840px-Lawang_Sewu_in_Semarang_City.jpg,-6.96723,110.4268983
4,Hutan Pinus Asri,Cagar Alam,Yogyakarta,2500,4.5,https://upload.wikimedia.org/wikipedia/commons/thumb/a/a0/Big_Stone_at_Hutan_Pinus_Pengger_Jogja.jpg/3840px-Big_Stone_at_Hutan_Pinus_Pengger_Jogja.jpg,-7.9210551,110.43542
2,Desa Wisata Rumah Domes/Teletubbies,Taman Hiburan,Yogyakarta,5000,4.1,https://picsum.photos/seed/DesaWisataRumahDomes/Teletubbies/400/250,,
2,Wisata Mangrove Tapak,Cagar Alam,Semarang,5000,4.3,https://upload.wikimedia.org/wikipedia/commons/thumb/5/55/Bali_Barat_mangroves.jpg/3840px-Bali_Barat_mangroves.jpg,,
3,Indonesia Kaya Park,Taman Hiburan,Semarang,0,4.6,https://upload.wikimedia.org/wikipedia/commons/thumb/1/14/Taman_indonesia_kaya.jpg/3840px-Taman_indonesia_kaya.jpg,-6.992088,110.4200237
3,Pulau Semak Daun,Bahari,Jakarta,40000,4.0,https://upload.wikimedia.org/wikipedia/commons/5/5f/Snorkeling.jpg,,
3,Kawasan Kuliner BSM,Pusat Perbelanjaan,Jakarta,0,4.6,https://picsum.photos/seed/KawasanKulinerBSM/400/250,-6.1844382,106.8237901
2,Kampung Wisata Kadipaten,Budaya,Yogyakarta,0,4.4,https://upload.wikimedia.org/wikipedia/commons/thumb/1/10/Yogyakarta_Indonesia_Tugu-Yogyakarta-02.jpg/3840px-Yogyakarta_Indonesia_Tugu-Yogyakarta-02.jpg,,
5,Museum TNI AL Loka Jala Crana,Budaya,Surabaya,2000,4.5,https://picsum.photos/seed/MuseumTNIALLokaJalaCrana/400/250,,
4,Masjid Muhammad Cheng Hoo,Tempat Ibadah,Surabaya,0,4.7,https://upload.wikimedia.org/wikipedia/commons/thumb/f/f3/Masjid_Muhammad_Cheng_Ho_Balikpapan_%2801%29.jpg/3840px-Masjid_Muhammad_Cheng_Ho_Balikpapan_%2801%29.jpg,-7.2519525,112.7467958
3,Bentara Budaya Yogyakarta (BBY),Budaya,Yogyakarta,0,4.5,https://upload.wikimedia.org/wikipedia/commons/8/81/Gallery_room_of_Bentara_Budaya_Yogyakarta.jpg,,
2,Candi Prambanan,Budaya,Yogyakarta,50000,4.7,https://upload.wikimedia.org/wikipedia/commons/thumb/6/61/Indonesia_Sleman_Regency_location_map.svg/langid-1280px-Indonesia_Sleman_Regency_location_map.svg.png,-7.7522269,110.4915331
5,Museum Kereta Ambarawa,Budaya,Semarang,10000,4.5,https://upload.wikimedia.org/wikipedia/commons/thumb/8/8a/%22%2Barya%2B%22_stasiun_ambarawa_museum_2023_2.jpg/3840px-%22%2Barya%2B%22_stasiun_ambarawa_museum_2023_2.jpg,-7.2651797,110.4021659
3,Museum Sasmita Loka Ahmad Yani,Budaya,Jakarta,2000,4.7,https://upload.wikimedia.org/wikipedia/commons/e/e6/MuseumSasmitaLoka1.jpg,-6.2045413,106.8365459
2,Monumen Batik Yogyakarta,Budaya,Yogyakarta,40000,4.5,https://upload.wikimedia.org/wikipedia/id/4/4a/Monumen_Yogya_Kembali.JPG,,
4,Lawangwangi Creative Space,Taman Hiburan,Bandung,0,4.4,https://picsum.photos/seed/LawangwangiCreativeSpace/400/250,-6.8476429,107.6275129
4,Patung Buddha Empat Rupa,Budaya,Surabaya,0,4.3,https://upload.wikimedia.org/wikipedia/commons/2/24/Prajnaparamita_Java_Side_Detail.JPG,,
3,Pantai Sanglen,Bahari,Yogyakarta,10000,4.5,https://upload.wikimedia.org/wikipedia/commons/thumb/2/22/Flora_Indonesia.jpg/3840px-Flora_Indonesia.jpg,,
4,Pantai Parangtritis,Bahari,Yogyakarta,10000,4.5,https://upload.wikimedia.org/wikipedia/commons/b/b3/Dusk_till_dawn_%28cropped%29.jpg,-8.0272827,110.3370078
3,Gedung Agung Yogyakarta,Budaya,Yogyakarta,0,4.6,https://upload.wikimedia.org/wikipedia/commons/3/3c/Gedung_Agung_May_12_2025.jpg,-7.800169,110.3638046
2,Kebun Tanaman Obat Sari Alam,Cagar Alam,Bandung,0,4.9,https://upload.wikimedia.org/wikipedia/commons/0/0b/Cats_Whiskers_%282074039768%29.jpg,,
5,Masjid Nasional Al-Akbar,Tempat Ibadah,Surabaya,0,4.9,https://upload.wikimedia.org/wikipedia/id/thumb/9/95/Masjid_Nasional_Al-Akbar_Surabaya_2016.jpg/3840px-Masjid_Nasional_Al-Akbar_Surabaya_2016.jpg,-7.3362941,112.7153303
4,Candi Ratu Boko,Budaya,Yogyakarta,75000,4.6,https://upload.wikimedia.org/wikipedia/commons/thumb/7/77/Kraton_Ratu_Boko_%28Ratu_Boko_Temple%29_in_Yogyakarta%2C_Indonesia_03.jpg/3840px-Kraton_Ratu_Boko_%28Ratu_Boko_Temple%29_in_Yogyakarta%2C_Indonesia_03.jpg,-7.7779947,110.4940445
2,Wisata Alam Kalibiru,Cagar Alam,Yogyakarta,20000,4.4,https://upload.wikimedia.org/wikipedia/commons/3/31/Kalibiru%2C_Bluriver.jpg,-7.8068122,110.1286301
5,Puncak Gunung Api Purba - Nglanggeran,Cagar Alam,Yogyakarta,10000,4.7,https://upload.wikimedia.org/wikipedia/commons/b/bb/Bukit_Nglanggeran.jpg,,
3,Curug Luhur Waterfall,Cagar Alam,Bandung,5000,4.2,https://upload.wikimedia.org/wikipedia/commons/5/52/Curug-ngumpet.jpg,,
2,Hutan Kota Srengseng,Taman Hiburan,Jakarta,1000,4.3,https://upload.wikimedia.org/wikipedia/commons/e/e2/Taman_kota_di_srengseng_jakarta.jpg,-6.2107961,106.7646791
4,Taman Legenda Keong Emas,Taman Hiburan,Jakarta,30000,4.5,https://picsum.photos/seed/TamanLegendaKeongEmas/400/250,-6.3038077,106.892573
2,Kampung Batu Malakasari,Taman Hiburan,Bandung,10000,4.1,https://upload.wikimedia.org/wikipedia/commons/b/b4/RSUD_Al_Ihsan_2.jpg,,
5,Tugu Pal Putih Jogja,Taman Hiburan,Yogyakarta,0,4.7,https://upload.wikimedia.org/wikipedia/commons/1/1a/Yogyakarta_Indonesia_Tugu-Yogyakarta-01.jpg,-7.7829099,110.3670713
3,Museum Fatahillah,Budaya,Jakarta,5000,4.4,https://upload.wikimedia.org/wikipedia/commons/thumb/7/72/Batavia_City_Hall_%28Jakarta_History_Museum%29_Fatahillah_Square_%282025%29_-_img_02.jpg/3840px-Batavia_City_Hall_%28Jakarta_History_Museum%29_Fatahillah_Square_%282025%29_-_img_02.jpg,-6.1351548,106.813289
5,Museum Nasional,Budaya,Jakarta,5000,4.6,https://upload.wikimedia.org/wikipedia/commons/0/03/Logo_Museum_Nasional_PNG.png,-6.1761425,106.8221879
3,Kawasan Wisata Sosrowijayan,Pusat Perbelanjaan,Yogyakarta,0,4.0,https://picsum.photos/seed/KawasanWisataSosrowijayan/400/250,,
3,Puncak Segoro,Cagar Alam,Yogyakarta,5000,4.2,https://upload.wikimedia.org/wikipedia/commons/0/0f/Bledug_Kuwu_2.jpg,,
2,Taman Air Mancur Menari Kenjeran,Taman Hiburan,Surabaya,0,4.4,https://picsum.photos/seed/TamanAirMancurMenariKenjeran/400/250,,
4,Pura Giri Natha,Budaya,Semarang,20000,4.7,https://picsum.photos/seed/PuraGiriNatha/400/250,-6.9982487,110.410747
3,Kauman Pakualaman Yogyakarta,Budaya,Yogyakarta,0,5.0,https://upload.wikimedia.org/wikipedia/commons/thumb/e/ef/Flag_of_Pakualaman.svg/langid-960px-Flag_of_Pakualaman.svg.png,-7.8012036,110.3742635
3,Babakan Siliwangi City Forest Path Bandung,Cagar Alam,Bandung,0,4.6,https://picsum.photos/seed/BabakanSiliwangiCityForestPathBandung/400/250,,
2,Tirto Argo Siwarak,Taman Hiburan,Semarang,20000,4.4,https://picsum.photos/seed/TirtoArgoSiwarak/400/250,,
4,Pantai Sanglen,Bahari,Yogyakarta,10000,4.5,https://upload.wikimedia.org/wikipedia/commons/thumb/2/22/Flora_Indonesia.jpg/3840px-Flora_Indonesia.jpg,,
4,Pantai Pulang Sawal,Bahari,Yogyakarta,10000,4.5,https://upload.wikimedia.org/wikipedia/commons/thumb/9/9e/Yogyakarta_Indonesia_Kraton-the-Sultans-Palace-02.jpg/3840px-Yogyakarta_Indonesia_Kraton-the-Sultans-Palace-02.jpg,,
5,Monumen Yogya Kembali,Budaya,Yogyakarta,15000,4.5,https://upload.wikimedia.org/wikipedia/id/4/4a/Monumen_Yogya_Kembali.JPG,,
3,Pantai Patihan,Bahari,Yogyakarta,5000,4.1,https://upload.wikimedia.org/wikipedia/id/4/4a/KcmtBwi.jpg,,
5,Bentara Budaya Yogyakarta (BBY),Budaya,Yogyakarta,0,4.5,https://upload.wikimedia.org/wikipedia/commons/8/81/Gallery_room_of_Bentara_Budaya_Yogyakarta.jpg,,
2,Grand Maerakaca,Taman Hiburan,Semarang,15000,4.4,https://upload.wikimedia.org/wikipedia/commons/2/2e/Anjungan_Kota_Semarang.jpg,,
4,Museum Bank Indonesia,Budaya,Jakarta,2000,4.7,https://upload.wikimedia.org/wikipedia/commons/thumb/b/bf/Bank_Indonesia_Lama.jpg/3840px-Bank_Indonesia_Lama.jpg,-6.1371853,106.8129483
3,Masjid Raya Bandung,Tempat Ibadah,Bandung,0,4.7,https://upload.wikimedia.org/wikipedia/commons/thumb/9/9d/Masjid_Raya_Bandung_dan_Alun-alun_Bandung_%28potrait%29.jpg/3840px-Masjid_Raya_Bandung_dan_Alun-alun_Bandung_%28potrait%29.jpg,-6.9218735,107.6062926
4,Ledok Sambi,Cagar Alam,Yogyakarta,0,4.6,https://upload.wikimedia.org/wikipedia/commons/8/82/Ledoksambi.jpg,-7.6468475,110.4262578
2,Desa Wisata Kelor,Taman Hiburan,Yogyakarta,0,4.4,https://upload.wikimedia.org/wikipedia/commons/thumb/a/a3/Rumah_Joglo_Muhadi.jpg/3840px-Rumah_Joglo_Muhadi.jpg,,
2,Taman Mundu,Taman Hiburan,Surabaya,0,4.4,https://upload.wikimedia.org/wikipedia/commons/0/0e/COLLECTIE_TROPENMUSEUM_Blad_en_vrucht_van_de_Xanthochymus_dulcis_roxb_moendoe_TMnr_3401-1683.jpg,,
2,Wisata Kuliner Pecenongan,Pusat Perbelanjaan,Jakarta,0,5.0,https://picsum.photos/seed/WisataKulinerPecenongan/400/250,,
4,Museum Tekstil,Budaya,Jakarta,5000,4.5,https://upload.wikimedia.org/wikipedia/commons/4/46/Musetextil.jpg,-6.1879368,106.8096058
5,Bukit Bintang Yogyakarta,Taman Hiburan,Yogyakarta,25000,4.5,https://upload.wikimedia.org/wikipedia/commons/thumb/9/9e/Yogyakarta_Indonesia_Kraton-the-Sultans-Palace-02.jpg/3840px-Yogyakarta_Indonesia_Kraton-the-Sultans-Palace-02.jpg,-7.8460828,110.4796997
3,Museum Tekstil,Budaya,Jakarta,5000,4.5,https://upload.wikimedia.org/wikipedia/commons/4/46/Musetextil.jpg,-6.1879368,106.8096058
3,Galeri Indonesia Kaya,Budaya,Jakarta,0,4.8,https://picsum.photos/seed/GaleriIndonesiaKaya/400/250,,
3,Pantai Samas,Bahari,Yogyakarta,4000,4.0,https://upload.wikimedia.org/wikipedia/commons/0/01/Pertunjukan_Jathilan.jpg,-8.0053279,110.2657797
5,Tektona Waterpark,Taman Hiburan,Bandung,60000,3.8,https://picsum.photos/seed/TektonaWaterpark/400/250,,
4,Jalan Braga,Budaya,Bandung,0,4.7,https://upload.wikimedia.org/wikipedia/commons/b/b7/Jl_Braga_Street_Sign_in_Bandung.jpg,-6.919146,107.6098034
4,Taman Lalu Lintas Ade Irma Suryani Nasution,Taman Hiburan,Bandung,7000,4.4,https://upload.wikimedia.org/wikipedia/commons/e/e1/Lokomotif_Bima_Kunting_1_di_Taman_Lalu_Lintas_Bandung_2018.png,,
4,Air Terjun Sri Gethuk,Cagar Alam,Yogyakarta,15000,4.4,https://upload.wikimedia.org/wikipedia/commons/0/0c/Air_terjun_Sri_Gethuk.jpg,-7.9432134,110.4895782
2,Pantai Watu Kodok,Bahari,Yogyakarta,5000,4.6,https://upload.wikimedia.org/wikipedia/commons/0/0c/Locator_Kecamatan_Tanjungsari_ing_Gunung_Kidul.png,-8.1373207,110.5741197
4,"Bukit Paralayang, Watugupit",Cagar Alam,Yogyakarta,5000,4.7,https://upload.wikimedia.org/wikipedia/commons/2/29/Bukit_Paralayang_-_Pantai_Parangtritits.jpg,,
2,Museum Nasional,Budaya,Jakarta,5000,4.6,https://upload.wikimedia.org/wikipedia/commons/0/03/Logo_Museum_Nasional_PNG.png,-6.1761425,106.8221879
3,Wisata Kuliner Pecenongan,Pusat Perbelanjaan,Jakarta,0,5.0,https://picsum.photos/seed/WisataKulinerPecenongan/400/250,,
2,Taman Suropati,Taman Hiburan,Jakarta,0,4.6,https://upload.wikimedia.org/wikipedia/commons/d/da/Taman_Suropati_%281%29.jpg,-6.1994133,106.8326256
3,Museum Layang-layang,Budaya,Jakarta,10000,4.5,https://upload.wikimedia.org/wikipedia/commons/2/21/US646375.png,-6.3078393,106.7906265
2,Taman Miniatur Kereta Api,Taman Hiburan,Bandung,15000,4.4,https://upload.wikimedia.org/wikipedia/commons/thumb/b/b4/Istana_Anak-anak_Indonesia_TMII_%282025%29_-_img_01.jpg/3840px-Istana_Anak-anak_Indonesia_TMII_%282025%29_-_img_01.jpg,,
4,Gua Maria Kerep Ambarawa,Cagar Alam,Semarang,2000,4.8,https://upload.wikimedia.org/wikipedia/commons/7/7f/St_Mary_statue_at_Maria_Kerep_Cave%2C_Ambarawa.jpg,-7.255488,110.3984538
3,Jembatan Biru Ambarawa,Taman Hiburan,Semarang,0,4.2,https://upload.wikimedia.org/wikipedia/commons/f/f0/IWM-SE-5865-tank-Surabaya-19451127.jpg,,
4,Tebing Karaton,Cagar Alam,Bandung,15000,4.5,https://upload.wikimedia.org/wikipedia/id/9/9d/20140730_tebing_keraton.jpg,,
4,Taman Pelangi Yogyakarta,Taman Hiburan,Yogyakarta,15000,4.3,https://upload.wikimedia.org/wikipedia/commons/7/7a/Lampion.jpg,-7.7502983,110.3694758
5,Patung Buddha Empat Rupa,Budaya,Surabaya,0,4.3,https://upload.wikimedia.org/wikipedia/commons/2/24/Prajnaparamita_Java_Side_Detail.JPG,,
2,Lawang Sewu,Budaya,Semarang,10000,4.6,https://upload.wikimedia.org/wikipedia/commons/thumb/e/e8/Lawang_sewu_semarang.jpg/3840px-Lawang_sewu_semarang.jpg,-6.9839786,110.4107909
5,The Lodge Maribaya,Cagar Alam,Bandung,25000,4.3,https://picsum.photos/seed/TheLodgeMaribaya/400/250,-6.8288811,107.688434
5,Pantai Drini,Bahari,Yogyakarta,10000,4.5,https://upload.wikimedia.org/wikipedia/commons/thumb/5/52/Pantai_Drini_Top_View.jpg/3840px-Pantai_Drini_Top_View.jpg,-8.1380974,110.5783985
2,Rumah Sipitung,Budaya,Jakarta,5000,4.5,https://picsum.photos/seed/RumahSipitung/400/250,,
4,Ekowisata Mangrove Wonorejo,Cagar Alam,Surabaya,0,4.3,https://upload.wikimedia.org/wikipedia/commons/thumb/5/55/Bali_Barat_mangroves.jpg/3840px-Bali_Barat_mangroves.jpg,-7.3075505,112.823368
3,Sendang Geulis Kahuripan,Cagar Alam,Bandung,10000,4.3,https://upload.wikimedia.org/wikipedia/commons/thumb/7/76/Kahuripan_in_Kadungora.jpg/3840px-Kahuripan_in_Kadungora.jpg,,
3,Air Terjun Semirang,Cagar Alam,Semarang,9000,4.4,https://upload.wikimedia.org/wikipedia/commons/thumb/5/5a/Indonesia_provinces_blank_map.svg/langid-960px-Indonesia_provinces_blank_map.svg.png,,
4,La Kana Chapel,Taman Hiburan,Semarang,35000,4.5,https://upload.wikimedia.org/wikipedia/commons/6/64/Houghton_Lowell_1238.5_%28A%29_-_Wuthering_Heights%2C_1847.jpg,,
3,Jurang Tembelan Kanigoro,Taman Hiburan,Yogyakarta,2500,4.5,https://picsum.photos/seed/JurangTembelanKanigoro/400/250,,
5,Kampung Pelangi,Taman Hiburan,Semarang,3000,4.3,https://upload.wikimedia.org/wikipedia/commons/thumb/8/80/Kampung_Tridi%2C_Malang_32.jpg/3840px-Kampung_Tridi%2C_Malang_32.jpg,-6.9877873,110.4084912
3,Taman Kupu-Kupu Cihanjuang,Cagar Alam,Bandung,10000,4.0,https://picsum.photos/seed/TamanKupu-KupuCihanjuang/400/250,,
4,Gua Pawon,Cagar Alam,Bandung,10000,4.5,https://upload.wikimedia.org/wikipedia/commons/thumb/e/e5/Gua_Pawon.jpg/3840px-Gua_Pawon.jpg,-6.8236107,107.4362947
5,Keraton Surabaya,Budaya,Surabaya,0,4.4,https://upload.wikimedia.org/wikipedia/commons/d/da/Jembatan_suroboyo_dusk.jpg,-7.2550377,112.7443229
3,Patung Sura dan Buaya,Budaya,Surabaya,0,4.6,https://upload.wikimedia.org/wikipedia/commons/7/7e/Taman_suroboyo.jpg,,
4,Sumur Gumuling,Taman Hiburan,Yogyakarta,7000,4.5,https://upload.wikimedia.org/wikipedia/commons/4/42/COLLECTIE_TROPENMUSEUM_Gebedsruimte_in_Taman_Sari_het_waterkasteel_van_de_Sultan_van_Yogyakarta_TMnr_10016553.jpg,-7.808775,110.3591432
5,Pesona Nirwana Waterpark & Cottages,Taman Hiburan,Bandung,50000,4.1,https://picsum.photos/seed/PesonaNirwanaWaterpark&Cottages/400/250,,
2,GPIB Immanuel Semarang (Gereja Blenduk),Tempat Ibadah,Semarang,0,4.6,https://upload.wikimedia.org/wikipedia/commons/thumb/6/6e/Exterior_of_Blenduk_Church%2C_Semarang%2C_2014-06-18.jpg/3840px-Exterior_of_Blenduk_Church%2C_Semarang%2C_2014-06-18.jpg,,
3,Jogja Bay Pirates Adventure Waterpark,Taman Hiburan,Yogyakarta,150000,4.4,https://upload.wikimedia.org/wikipedia/commons/3/36/Jogja_bay_Volcano_Coaster.jpg,,
3,Grand Maerakaca,Taman Hiburan,Semarang,15000,4.4,https://upload.wikimedia.org/wikipedia/commons/2/2e/Anjungan_Kota_Semarang.jpg,,
2,Taman Pintar Yogyakarta,Taman Hiburan,Yogyakarta,6000,4.5,https://upload.wikimedia.org/wikipedia/commons/f/fb/Taman_Pintar_Yogyakarta.jpg,-7.8010497,110.3676457
4,Pantai Indrayanti,Bahari,Yogyakarta,10000,4.5,https://upload.wikimedia.org/wikipedia/commons/b/b3/Dusk_till_dawn_%28cropped%29.jpg,-8.1498929,110.6113168
2,Museum Tekstil,Budaya,Jakarta,5000,4.5,https://upload.wikimedia.org/wikipedia/commons/4/46/Musetextil.jpg,-6.1879368,106.8096058
4,Taman Budaya Jawa Barat,Budaya,Bandung,0,4.3,https://upload.wikimedia.org/wikipedia/id/0/0a/Patung_Wisnu_di_GWK.jpeg,-6.869945,107.6196998
4,Roemah Seni Sarasvati,Budaya,Bandung,0,4.4,https://picsum.photos/seed/RoemahSeniSarasvati/400/250,,
2,Pasar Seni,Pusat Perbelanjaan,Jakarta,0,4.4,https://upload.wikimedia.org/wikipedia/id/thumb/3/3e/Logo_Taman_Impian_Jaya_Ancol_%282022%29.svg/langid-960px-Logo_Taman_Impian_Jaya_Ancol_%282022%29.svg.png,-6.1257002,106.8390728
5,Skyrink - Mall Taman Anggrek,Taman Hiburan,Jakarta,110000,4.5,https://picsum.photos/seed/Skyrink-MallTamanAnggrek/400/250,,
4,Pesona Nirwana Waterpark & Cottages,Taman Hiburan,Bandung,50000,4.1,https://picsum.photos/seed/PesonaNirwanaWaterpark&Cottages/400/250,,
3,Monumen Palagan Ambarawa,Budaya,Semarang,7500,4.4,https://upload.wikimedia.org/wikipedia/commons/5/58/The_British_Occupation_of_Java_SE5896.jpg,-7.2598545,110.4024282
3,Wisata Alam Kalibiru,Cagar Alam,Yogyakarta,20000,4.4,https://upload.wikimedia.org/wikipedia/commons/3/31/Kalibiru%2C_Bluriver.jpg,-7.8068122,110.1286301
3,Mountain View Golf Club,Cagar Alam,Bandung,375000,4.4,https://upload.wikimedia.org/wikipedia/id/6/65/InterContinental_Bandung_logo.png,,
5,Taman Lansia,Taman Hiburan,Bandung,0,4.4,https://picsum.photos/seed/TamanLansia/400/250,-6.8975989,107.6312048
2,Kampung Wisata Dipowinatan,Budaya,Yogyakarta,220000,4.5,https://picsum.photos/seed/KampungWisataDipowinatan/400/250,,
3,Curug Tilu Leuwi Opat,Cagar Alam,Bandung,10000,4.4,https://upload.wikimedia.org/wikipedia/commons/thumb/7/7c/Curug_Bugbrug.jpg/3840px-Curug_Bugbrug.jpg,,
3,Gereja Tiberias Indonesia Bandung,Tempat Ibadah,Bandung,0,4.9,https://upload.wikimedia.org/wikipedia/commons/6/6c/Gereja_Tiberias_Indonesia_Boulevard_Utara_Jakarta.jpg,,
3,Saloka Theme Park,Taman Hiburan,Semarang,150000,4.4,https://upload.wikimedia.org/wikipedia/commons/d/de/Saloka_Park_Logo.png,-7.2801381,110.457617
5,Geoforest Watu Payung Turunan,Cagar Alam,Yogyakarta,0,4.5,https://picsum.photos/seed/GeoforestWatuPayungTurunan/400/250,,
3,Monumen Jalesveva Jayamahe,Budaya,Surabaya,0,4.6,https://upload.wikimedia.org/wikipedia/commons/2/2e/Jalesveva_Jayamahe_Monument%2C_Surabaya.jpg,-7.1954933,112.7396134
3,Gembira Loka Zoo,Cagar Alam,Yogyakarta,60000,4.5,https://upload.wikimedia.org/wikipedia/commons/thumb/3/3c/Gembira_Loka_Zoo_in_Yogyakarta.jpg/3840px-Gembira_Loka_Zoo_in_Yogyakarta.jpg,-7.8055165,110.3970178
2,GunungTangkuban perahu,Cagar Alam,Bandung,30000,4.5,https://upload.wikimedia.org/wikipedia/commons/thumb/9/9a/Panoramic_View_of_Kawah_Ratu_Crater_in_Mt.Tangkuban_Perahu.jpg/3840px-Panoramic_View_of_Kawah_Ratu_Crater_in_Mt.Tangkuban_Perahu.jpg,,
5,Alive Museum Ancol,Taman Hiburan,Jakarta,200000,4.3,https://picsum.photos/seed/AliveMuseumAncol/400/250,,
5,Goa Rancang Kencono,Cagar Alam,Yogyakarta,5000,4.3,https://upload.wikimedia.org/wikipedia/commons/thumb/9/9e/Yogyakarta_Indonesia_Kraton-the-Sultans-Palace-02.jpg/3840px-Yogyakarta_Indonesia_Kraton-the-Sultans-Palace-02.jpg,-7.9490713,110.4926632
5,Museum Kesehatan Dr. Adhyatma,Budaya,Surabaya,10000,4.4,https://upload.wikimedia.org/wikipedia/commons/thumb/8/89/Logo_Kementerian_Kesehatan_Republik_Indonesia_%282024_rev%29.svg/langid-960px-Logo_Kementerian_Kesehatan_Republik_Indonesia_%282024_rev%29.svg.png,,
5,Kebun Tanaman Obat Sari Alam,Cagar Alam,Bandung,0,4.9,https://upload.wikimedia.org/wikipedia/commons/0/0b/Cats_Whiskers_%282074039768%29.jpg,,
3,Galaxy Waterpark Jogja,Taman Hiburan,Yogyakarta,40000,4.3,https://upload.wikimedia.org/wikipedia/id/d/d0/Plaza_Asia_Tasikmalaya_logo.png,,
5,Curug Cipanas,Cagar Alam,Bandung,20000,3.9,https://upload.wikimedia.org/wikipedia/commons/a/a1/Curug_Cibeureum.jpg,,
4,Taman Sungai Mudal,Cagar Alam,Yogyakarta,10000,4.6,https://picsum.photos/seed/TamanSungaiMudal/400/250,-7.7627101,110.1162841
5,Rumah Sipitung,Budaya,Jakarta,5000,4.5,https://picsum.photos/seed/RumahSipitung/400/250,,
4,Pasar Kebon Empring Bintaran,Pusat Perbelanjaan,Yogyakarta,0,4.4,https://picsum.photos/seed/PasarKebonEmpringBintaran/400/250,,
5,Alun-alun Utara Keraton Yogyakarta,Budaya,Yogyakarta,0,4.6,https://upload.wikimedia.org/wikipedia/commons/7/70/COLLECTIE_TROPENMUSEUM_De_waringins_op_de_alun-alun_bij_de_ingang_van_de_kraton_van_de_sultan_van_Jogjakarta_TMnr_60022716.jpg,,
4,Pantai Nglambor,Bahari,Yogyakarta,10000,4.4,https://upload.wikimedia.org/wikipedia/commons/thumb/f/fa/Afternoon_at_Nglambor_Beach.jpg/3840px-Afternoon_at_Nglambor_Beach.jpg,-8.1823453,110.6792506
4,Pemandian Air Panas Ciater,Cagar Alam,Bandung,15000,4.3,https://picsum.photos/seed/PemandianAirPanasCiater/400/250,,
5,Pantai Sundak,Bahari,Yogyakarta,5000,4.5,https://upload.wikimedia.org/wikipedia/commons/thumb/9/9e/Yogyakarta_Indonesia_Kraton-the-Sultans-Palace-02.jpg/3840px-Yogyakarta_Indonesia_Kraton-the-Sultans-Palace-02.jpg,-8.1471841,110.6080799
3,Hutan Kota Srengseng,Taman Hiburan,Jakarta,1000,4.3,https://upload.wikimedia.org/wikipedia/commons/e/e2/Taman_kota_di_srengseng_jakarta.jpg,-6.2107961,106.7646791
4,Curug Malela,Cagar Alam,Bandung,10000,4.4,https://upload.wikimedia.org/wikipedia/commons/7/7f/Bosscha_001.JPG,-7.0115741,107.2056616
2,Jembatan Pasupati,Taman Hiburan,Bandung,0,4.6,https://upload.wikimedia.org/wikipedia/commons/6/67/Bandung_Pasupati_Skyline.jpg,-6.8991314,107.6067077
4,Hutan Pinus Kayon,Cagar Alam,Semarang,6000,4.4,https://upload.wikimedia.org/wikipedia/commons/thumb/d/d8/Pandansimo_Bridge_view_toward_Bantul.jpg/3840px-Pandansimo_Bridge_view_toward_Bantul.jpg,,
3,The Lodge Maribaya,Cagar Alam,Bandung,25000,4.3,https://picsum.photos/seed/TheLodgeMaribaya/400/250,-6.8288811,107.688434
3,Taman Ismail Marzuki,Budaya,Jakarta,5000,4.6,https://upload.wikimedia.org/wikipedia/commons/thumb/d/d3/Plaza_Taman_Ismail_Marzuki.jpg/3840px-Plaza_Taman_Ismail_Marzuki.jpg,-6.189155,106.8398854
5,Kampung Wisata Rejowinangun,Budaya,Yogyakarta,0,4.3,https://upload.wikimedia.org/wikipedia/id/3/30/Kampung_Coklat_Blitar.jpg,,
2,Mall Thamrin City,Pusat Perbelanjaan,Jakarta,0,4.4,https://upload.wikimedia.org/wikipedia/commons/thumb/2/25/Interior_Thamrin_City%2C_2025.jpg/1920px-Interior_Thamrin_City%2C_2025.jpg,-6.1944082,106.8145468
2,Pasar Beringharjo,Pusat Perbelanjaan,Yogyakarta,0,4.5,https://upload.wikimedia.org/wikipedia/commons/thumb/d/d0/Bringharjo_Market_Yogyakarta_-_Pasar_Bringharjo_Jogja_%282025%29_-_img_06.jpg/3840px-Bringharjo_Market_Yogyakarta_-_Pasar_Bringharjo_Jogja_%282025%29_-_img_06.jpg,,
3,Lawang Sewu,Budaya,Semarang,10000,4.6,https://upload.wikimedia.org/wikipedia/commons/thumb/e/e8/Lawang_sewu_semarang.jpg/3840px-Lawang_sewu_semarang.jpg,-6.9839786,110.4107909
2,Museum Geologi Bandung,Budaya,Bandung,2000,4.6,https://upload.wikimedia.org/wikipedia/commons/thumb/b/b3/Bandung%2C_Museum_Geologi.jpg/3840px-Bandung%2C_Museum_Geologi.jpg,-6.9003424,107.620961
2,Kebun Binatang Surabaya,Cagar Alam,Surabaya,15000,4.3,https://upload.wikimedia.org/wikipedia/commons/thumb/4/45/Papan_Edukasi_Jalak_Bali.jpg/3840px-Papan_Edukasi_Jalak_Bali.jpg,-7.2957723,112.7358105
5,Brown Canyon,Cagar Alam,Semarang,0,4.2,https://upload.wikimedia.org/wikipedia/commons/thumb/7/76/Brown_Canyon_1.jpg/3840px-Brown_Canyon_1.jpg,-7.0578875,110.4880281
4,Durian Gardens and Tourism Education Watu Simbar,Cagar Alam,Semarang,5000,4.1,https://picsum.photos/seed/DurianGardensandTourismEducationWatuSimbar/400/250,,
5,Jalan Braga,Budaya,Bandung,0,4.7,https://upload.wikimedia.org/wikipedia/commons/b/b7/Jl_Braga_Street_Sign_in_Bandung.jpg,-6.919146,107.6098034
2,Curug Batu Templek,Cagar Alam,Bandung,5000,4.1,https://picsum.photos/seed/CurugBatuTemplek/400/250,,
2,Desa Wisata Sungai Code Jogja Kota,Taman Hiburan,Yogyakarta,0,5.0,https://upload.wikimedia.org/wikipedia/commons/thumb/1/10/Yogyakarta_Indonesia_Tugu-Yogyakarta-02.jpg/3840px-Yogyakarta_Indonesia_Tugu-Yogyakarta-02.jpg,,
4,Museum Geologi Bandung,Budaya,Bandung,2000,4.6,https://upload.wikimedia.org/wikipedia/commons/thumb/b/b3/Bandung%2C_Museum_Geologi.jpg/3840px-Bandung%2C_Museum_Geologi.jpg,-6.9003424,107.620961
2,Kota Mini,Taman Hiburan,Bandung,20000,4.4,https://picsum.photos/seed/KotaMini/400/250,,
4,Desa Wisata Sungai Code Jogja Kota,Taman Hiburan,Yogyakarta,0,5.0,https://upload.wikimedia.org/wikipedia/commons/thumb/1/10/Yogyakarta_Indonesia_Tugu-Yogyakarta-02.jpg/3840px-Yogyakarta_Indonesia_Tugu-Yogyakarta-02.jpg,,
3,Pantai Pok Tunggal,Bahari,Yogyakarta,10000,4.5,https://upload.wikimedia.org/wikipedia/commons/thumb/1/1d/Delightful_Beach.jpg/3840px-Delightful_Beach.jpg,-8.1554823,110.6218792
3,Hutan Mangrove Kulon Progo,Bahari,Yogyakarta,5000,4.1,https://picsum.photos/seed/HutanMangroveKulonProgo/400/250,,
4,Perpustakaan Nasional,Budaya,Jakarta,0,4.7,https://upload.wikimedia.org/wikipedia/commons/thumb/e/e2/LOGO-PERPUSNAS.svg/langid-1920px-LOGO-PERPUSNAS.svg.png,-6.1806956,106.8264664
5,Mountain View Golf Club,Cagar Alam,Bandung,375000,4.4,https://upload.wikimedia.org/wikipedia/id/6/65/InterContinental_Bandung_logo.png,,
2,Pantai Pok Tunggal,Bahari,Yogyakarta,10000,4.5,https://upload.wikimedia.org/wikipedia/commons/thumb/1/1d/Delightful_Beach.jpg/3840px-Delightful_Beach.jpg,-8.1554823,110.6218792
4,Pantai Marina,Bahari,Semarang,3000,4.1,https://upload.wikimedia.org/wikipedia/commons/thumb/a/a4/Indonesia_location_map.svg/langid-1280px-Indonesia_location_map.svg.png,-6.9476655,110.3901407
5,Watu Mabur Mangunan,Cagar Alam,Yogyakarta,2500,4.5,https://upload.wikimedia.org/wikipedia/commons/thumb/d/d8/Pandansimo_Bridge_view_toward_Bantul.jpg/3840px-Pandansimo_Bridge_view_toward_Bantul.jpg,,
5,Taman Pelangi,Taman Hiburan,Surabaya,0,4.5,https://upload.wikimedia.org/wikipedia/commons/2/29/Taman_Pelangi_Bus_stop_-_April_2026.jpg,-7.327841,112.7311681
4,Museum Tengah Kebun,Budaya,Jakarta,0,4.6,https://upload.wikimedia.org/wikipedia/commons/b/b8/Museum_kebun_01.jpg,-6.2676523,106.8246369
4,Alun Alun Selatan Yogyakarta,Taman Hiburan,Yogyakarta,0,4.6,https://picsum.photos/seed/AlunAlunSelatanYogyakarta/400/250,,
4,Masjid Kapal Semarang,Tempat Ibadah,Semarang,0,4.1,https://upload.wikimedia.org/wikipedia/commons/8/80/Halte_Cakrawala_Selatan_Trans_Semarang.jpg,-7.0187845,110.2936526
2,Wisata Agro Edukatif Istana Susu Cibugary,Taman Hiburan,Jakarta,35000,4.5,https://picsum.photos/seed/WisataAgroEdukatifIstanaSusuCibugary/400/250,,
5,Taman Srigunting,Taman Hiburan,Semarang,0,4.7,https://upload.wikimedia.org/wikipedia/commons/e/e9/Lesser_racket-tailed_drongo_%28Dicrurus_remifer_tectirostris%29.jpg,-6.9679428,110.4276983
2,Masjid Salman ITB,Tempat Ibadah,Bandung,0,4.8,https://upload.wikimedia.org/wikipedia/id/4/4f/Masjid_Salman_ITB.jpg,-6.8936881,107.6111969
4,Taman Keputran,Taman Hiburan,Surabaya,0,4.3,https://upload.wikimedia.org/wikipedia/commons/thumb/8/83/Yogyakarta_Sultanate_Hamengkubhuwono_X_Emblem.svg/langid-500px-Yogyakarta_Sultanate_Hamengkubhuwono_X_Emblem.svg.png,-7.2732055,112.744145
2,Green Village Gedangsari,Taman Hiburan,Yogyakarta,2000,4.2,https://upload.wikimedia.org/wikipedia/commons/a/a2/Locator_Kecamatan_Gedangsari_ing_Gunung_Kidul.png,-7.8130962,110.6153654
3,Taman Bunga Celosia,Cagar Alam,Semarang,25000,4.3,https://upload.wikimedia.org/wikipedia/commons/2/29/Celosia_argentea_jengger_ayam.jpg,,
5,Watu Lumbung,Cagar Alam,Yogyakarta,5000,4.3,https://upload.wikimedia.org/wikipedia/commons/thumb/f/f6/DSC04587-3.jpg/3840px-DSC04587-3.jpg,-8.1863175,110.7001363
5,Jembatan Pasupati,Taman Hiburan,Bandung,0,4.6,https://upload.wikimedia.org/wikipedia/commons/6/67/Bandung_Pasupati_Skyline.jpg,-6.8991314,107.6067077
5,Nol Kilometer Jl.Malioboro,Taman Hiburan,Yogyakarta,0,4.7,https://upload.wikimedia.org/wikipedia/commons/thumb/7/7d/Armada_1A_Trans_Jogja_di_Jalan_Solo.jpg/3840px-Armada_1A_Trans_Jogja_di_Jalan_Solo.jpg,,
4,Pantai Samas,Bahari,Yogyakarta,4000,4.0,https://upload.wikimedia.org/wikipedia/commons/0/01/Pertunjukan_Jathilan.jpg,-8.0053279,110.2657797
5,Roemah Seni Sarasvati,Budaya,Bandung,0,4.4,https://picsum.photos/seed/RoemahSeniSarasvati/400/250,,
3,Water Blaster Bukit Candi Golf,Taman Hiburan,Semarang,80000,4.2,https://picsum.photos/seed/WaterBlasterBukitCandiGolf/400/250,-7.0229906,110.4388326
5,Taman Hutan Raya Ir. H. Djuanda,Cagar Alam,Bandung,15000,4.5,https://upload.wikimedia.org/wikipedia/commons/0/07/Taman_Hutan_Raya_IR_Djuanda.jpg,,
3,Kampung Wisata Taman Sari,Taman Hiburan,Yogyakarta,5000,4.6,https://upload.wikimedia.org/wikipedia/commons/thumb/0/07/Indonesia_-_Java_-_Yogyakarta_-_Taman_Sari.jpg/3840px-Indonesia_-_Java_-_Yogyakarta_-_Taman_Sari.jpg,,
5,Monumen Serangan Umum 1 Maret,Taman Hiburan,Yogyakarta,3000,4.6,https://upload.wikimedia.org/wikipedia/commons/c/cf/Munumen_Serangan_Umum_1_Maret_1949.jpg,,
4,Bumi Perkemahan Batu Kuda,Cagar Alam,Bandung,7500,4.5,https://upload.wikimedia.org/wikipedia/commons/0/00/Mont_Manglayang.jpg,,
4,Pantai Timang,Bahari,Yogyakarta,10000,4.7,https://upload.wikimedia.org/wikipedia/commons/thumb/f/f2/Gondala_pantai_Timang_-_Gunung_Kidul%2C_DIY.jpg/3840px-Gondala_pantai_Timang_-_Gunung_Kidul%2C_DIY.jpg,-8.1756475,110.6632846
2,Pantai Kesirat,Bahari,Yogyakarta,5000,4.6,https://upload.wikimedia.org/wikipedia/commons/thumb/9/99/Kesirat_Beach.jpg/3840px-Kesirat_Beach.jpg,-8.0964033,110.4351139
4,Museum Sri Baduga,Budaya,Bandung,3000,4.5,https://upload.wikimedia.org/wikipedia/commons/thumb/d/d2/Sri_Baduga_Museum.JPG/3840px-Sri_Baduga_Museum.JPG,-6.9377186,107.6035761
5,Goa Jomblang,Cagar Alam,Yogyakarta,500000,4.6,https://upload.wikimedia.org/wikipedia/commons/thumb/4/47/Jomblang_Cave_-_Indonesia_04.jpg/3840px-Jomblang_Cave_-_Indonesia_04.jpg,-8.0286285,110.6382419
2,The Lost World Castle,Taman Hiburan,Yogyakarta,30000,4.3,https://upload.wikimedia.org/wikipedia/commons/thumb/e/e6/The_Lost_World_Castle.jpg/3840px-The_Lost_World_Castle.jpg,-7.6037962,110.4512542
4,Istana Negara Republik Indonesia,Budaya,Jakarta,0,4.6,https://upload.wikimedia.org/wikipedia/commons/thumb/d/dd/Insignia_of_the_Indonesian_National_Police.svg/langid-960px-Insignia_of_the_Indonesian_National_Police.svg.png,,
5,Galeri Nasional Indonesia,Budaya,Jakarta,0,4.6,https://upload.wikimedia.org/wikipedia/commons/7/7d/National_Gallery_of_Indonesia.JPG,,
3,Pasar Beringharjo,Pusat Perbelanjaan,Yogyakarta,0,4.5,https://upload.wikimedia.org/wikipedia/commons/thumb/d/d0/Bringharjo_Market_Yogyakarta_-_Pasar_Bringharjo_Jogja_%282025%29_-_img_06.jpg/3840px-Bringharjo_Market_Yogyakarta_-_Pasar_Bringharjo_Jogja_%282025%29_-_img_06.jpg,,
4,Museum Bahari Jakarta,Budaya,Jakarta,2000,4.4,https://upload.wikimedia.org/wikipedia/commons/thumb/d/d6/Museum_Bahari_Pintu_Masuk.jpg/3840px-Museum_Bahari_Pintu_Masuk.jpg,-6.1268288,106.8083185
3,Setu Babakan,Budaya,Jakarta,0,4.4,https://upload.wikimedia.org/wikipedia/commons/thumb/2/25/Setu_Babakan.jpg/3840px-Setu_Babakan.jpg,-6.3419991,106.8203244
2,Water Park Bandung Indah,Taman Hiburan,Bandung,50000,4.0,https://upload.wikimedia.org/wikipedia/id/a/a0/OPI_Mall_logo.png,,
5,Food Junction Grand Pakuwon,Pusat Perbelanjaan,Surabaya,0,4.5,https://upload.wikimedia.org/wikipedia/commons/a/a4/Pakuwon_Trade_Centre_Ekspansi_%2830632349775%29.jpg,,
4,Taman Kunang-Kunang,Taman Hiburan,Surabaya,0,4.4,https://upload.wikimedia.org/wikipedia/commons/b/b4/Locator_Kecamatan_Rungkut_di_Kota_Surabaya.png,-7.3180982,112.7840627
2,Gunung Lalakon,Cagar Alam,Bandung,0,4.8,https://upload.wikimedia.org/wikipedia/commons/c/c1/Indonesia_Java_relief_location_map.png,-6.958056,107.520556
4,Air Terjun Semirang,Cagar Alam,Semarang,9000,4.4,https://upload.wikimedia.org/wikipedia/commons/thumb/5/5a/Indonesia_provinces_blank_map.svg/langid-960px-Indonesia_provinces_blank_map.svg.png,,
3,Kidzania,Taman Hiburan,Jakarta,185000,4.6,https://picsum.photos/seed/Kidzania/400/250,-6.2243598,106.8095186
2,Kauman Pakualaman Yogyakarta,Budaya,Yogyakarta,0,5.0,https://upload.wikimedia.org/wikipedia/commons/thumb/e/ef/Flag_of_Pakualaman.svg/langid-960px-Flag_of_Pakualaman.svg.png,-7.8012036,110.3742635
3,Taman Legenda Keong Emas,Taman Hiburan,Jakarta,30000,4.5,https://picsum.photos/seed/TamanLegendaKeongEmas/400/250,-6.3038077,106.892573
3,Kampung Wisata Rejowinangun,Budaya,Yogyakarta,0,4.3,https://upload.wikimedia.org/wikipedia/id/3/30/Kampung_Coklat_Blitar.jpg,,
2,Caringin Tilu,Cagar Alam,Bandung,0,4.4,https://upload.wikimedia.org/wikipedia/commons/thumb/8/81/Sunda_Kingdom_id.svg/langid-960px-Sunda_Kingdom_id.svg.png,,
2,Taman Budaya Jawa Barat,Budaya,Bandung,0,4.3,https://upload.wikimedia.org/wikipedia/id/0/0a/Patung_Wisnu_di_GWK.jpeg,-6.869945,107.6196998
3,Kebun Tanaman Obat Sari Alam,Cagar Alam,Bandung,0,4.9,https://upload.wikimedia.org/wikipedia/commons/0/0b/Cats_Whiskers_%282074039768%29.jpg,,
4,Pintoe Langit Dahromo,Cagar Alam,Yogyakarta,2500,4.4,https://picsum.photos/seed/PintoeLangitDahromo/400/250,,
2,Museum Kereta Ambarawa,Budaya,Semarang,10000,4.5,https://upload.wikimedia.org/wikipedia/commons/thumb/8/8a/%22%2Barya%2B%22_stasiun_ambarawa_museum_2023_2.jpg/3840px-%22%2Barya%2B%22_stasiun_ambarawa_museum_2023_2.jpg,-7.2651797,110.4021659
5,Pantai Watu Kodok,Bahari,Yogyakarta,5000,4.6,https://upload.wikimedia.org/wikipedia/commons/0/0c/Locator_Kecamatan_Tanjungsari_ing_Gunung_Kidul.png,-8.1373207,110.5741197
2,Kota Tua,Budaya,Jakarta,0,4.6,https://upload.wikimedia.org/wikipedia/commons/thumb/7/72/Batavia_City_Hall_%28Jakarta_History_Museum%29_Fatahillah_Square_%282025%29_-_img_02.jpg/3840px-Batavia_City_Hall_%28Jakarta_History_Museum%29_Fatahillah_Square_%282025%29_-_img_02.jpg,-6.1368624,106.8150708
4,Taman Hiburan Rakyat,Taman Hiburan,Surabaya,5000,4.2,https://picsum.photos/seed/TamanHiburanRakyat/400/250,,
2,Heha Sky View,Taman Hiburan,Yogyakarta,15000,4.4,https://picsum.photos/seed/HehaSkyView/400/250,-7.8491296,110.4782259
5,Pantai Ngrenehan,Bahari,Yogyakarta,3000,4.4,https://upload.wikimedia.org/wikipedia/commons/thumb/f/f1/Pantai_Ngrenehan.jpg/3840px-Pantai_Ngrenehan.jpg,,
3,Jakarta Aquarium dan Safari,Taman Hiburan,Jakarta,185000,4.6,https://upload.wikimedia.org/wikipedia/commons/thumb/6/67/Tanjung_Duren_Transjakarta_BRT_Station_towards_Pluit%2C_2023.jpg/3840px-Tanjung_Duren_Transjakarta_BRT_Station_towards_Pluit%2C_2023.jpg,,
2,Bukit Panguk Kediwung,Budaya,Yogyakarta,250000,4.5,https://picsum.photos/seed/BukitPangukKediwung/400/250,-7.9597565,110.4405654
2,Alive Museum Ancol,Taman Hiburan,Jakarta,200000,4.3,https://picsum.photos/seed/AliveMuseumAncol/400/250,,
4,Farm House Susu Lembang,Taman Hiburan,Bandung,30000,4.4,https://upload.wikimedia.org/wikipedia/commons/thumb/a/a9/Gunung_Batu.jpg/3840px-Gunung_Batu.jpg,,
4,Hutan Bambu Keputih,Cagar Alam,Surabaya,0,4.3,https://upload.wikimedia.org/wikipedia/commons/d/da/Jembatan_suroboyo_dusk.jpg,,
2,Pantai Indrayanti,Bahari,Yogyakarta,10000,4.5,https://upload.wikimedia.org/wikipedia/commons/b/b3/Dusk_till_dawn_%28cropped%29.jpg,-8.1498929,110.6113168
4,Kebun Tanaman Obat Sari Alam,Cagar Alam,Bandung,0,4.9,https://upload.wikimedia.org/wikipedia/commons/0/0b/Cats_Whiskers_%282074039768%29.jpg,,
5,Taman Begonia,Cagar Alam,Bandung,10000,4.4,https://upload.wikimedia.org/wikipedia/commons/thumb/4/41/DJI_0128_Bali_Botanic_Garden.jpg/3840px-DJI_0128_Bali_Botanic_Garden.jpg,,
5,Pantai Baron,Bahari,Yogyakarta,10000,4.4,https://upload.wikimedia.org/wikipedia/commons/1/1d/Baron_Beach_Gunung_Kidul.jpg,-8.1289468,110.5491797
5,Curug Cilengkrang,Cagar Alam,Bandung,7500,4.0,https://picsum.photos/seed/CurugCilengkrang/400/250,,
2,Panghegar Waterboom Bandung,Taman Hiburan,Bandung,75000,4.3,https://picsum.photos/seed/PanghegarWaterboomBandung/400/250,-6.9618478,107.6222373
5,Taman Balai Kota Bandung,Taman Hiburan,Bandung,0,4.6,https://upload.wikimedia.org/wikipedia/commons/thumb/f/ff/Taman_Balai_Kota_Bandung.jpg/3840px-Taman_Balai_Kota_Bandung.jpg,-6.9131328,107.6097317
2,Peta Park,Taman Hiburan,Bandung,15000,4.3,https://upload.wikimedia.org/wikipedia/commons/thumb/d/d8/Linkin_Park_-_From_Zero_Lead_Press_Photo_-_James_Minchin_III.jpg/3840px-Linkin_Park_-_From_Zero_Lead_Press_Photo_-_James_Minchin_III.jpg,-6.9317342,107.5883194
5,Museum Sonobudoyo Unit I,Budaya,Yogyakarta,5000,4.6,https://upload.wikimedia.org/wikipedia/commons/thumb/c/c4/Museum_Sonobudoyo_2025.jpg/3840px-Museum_Sonobudoyo_2025.jpg,-7.8021367,110.3637812
4,Jembatan Biru Ambarawa,Taman Hiburan,Semarang,0,4.2,https://upload.wikimedia.org/wikipedia/commons/f/f0/IWM-SE-5865-tank-Surabaya-19451127.jpg,,
5,Kawasan Kuliner BSM,Pusat Perbelanjaan,Jakarta,0,4.6,https://picsum.photos/seed/KawasanKulinerBSM/400/250,-6.1844382,106.8237901
5,The Great Asia Africa,Taman Hiburan,Bandung,50000,4.4,https://upload.wikimedia.org/wikipedia/commons/thumb/a/a9/Gunung_Batu.jpg/3840px-Gunung_Batu.jpg,,
3,The Escape Hunt,Taman Hiburan,Jakarta,70000,4.4,https://upload.wikimedia.org/wikipedia/commons/d/db/Kurt_Russell_by_Gage_Skidmore_2.jpg,,
5,Pantai Parangtritis,Bahari,Yogyakarta,10000,4.5,https://upload.wikimedia.org/wikipedia/commons/b/b3/Dusk_till_dawn_%28cropped%29.jpg,-8.0272827,110.3370078
2,Kampung Wisata Sosro Menduran,Budaya,Yogyakarta,0,4.0,https://picsum.photos/seed/KampungWisataSosroMenduran/400/250,,
2,Happyfarm Ciwidey,Cagar Alam,Bandung,15000,4.2,https://picsum.photos/seed/HappyfarmCiwidey/400/250,,
3,Gua Pawon,Cagar Alam,Bandung,10000,4.5,https://upload.wikimedia.org/wikipedia/commons/thumb/e/e5/Gua_Pawon.jpg/3840px-Gua_Pawon.jpg,-6.8236107,107.4362947
3,Candi Donotirto,Budaya,Yogyakarta,0,4.4,https://picsum.photos/seed/CandiDonotirto/400/250,-7.7955912,110.3612347
3,Bukit Gantole Cililin,Cagar Alam,Bandung,0,4.4,https://picsum.photos/seed/BukitGantoleCililin/400/250,,
5,Bangsal Pagelaran,Budaya,Yogyakarta,5000,4.6,https://upload.wikimedia.org/wikipedia/commons/thumb/8/83/Yogyakarta_Sultanate_Hamengkubhuwono_X_Emblem.svg/langid-500px-Yogyakarta_Sultanate_Hamengkubhuwono_X_Emblem.svg.png,-7.8053068,110.3642689
3,Keraton Yogyakarta,Budaya,Yogyakarta,15000,4.6,https://upload.wikimedia.org/wikipedia/commons/thumb/8/83/Yogyakarta_Sultanate_Hamengkubhuwono_X_Emblem.svg/langid-500px-Yogyakarta_Sultanate_Hamengkubhuwono_X_Emblem.svg.png,-7.8075974,110.3638696
2,Taman Lansia,Taman Hiburan,Bandung,0,4.4,https://picsum.photos/seed/TamanLansia/400/250,-6.8975989,107.6312048
2,Kampoeng Djadhoel Semarang,Budaya,Semarang,10000,4.7,https://picsum.photos/seed/KampoengDjadhoelSemarang/400/250,,
2,Monumen Serangan Umum 1 Maret,Taman Hiburan,Yogyakarta,3000,4.6,https://upload.wikimedia.org/wikipedia/commons/c/cf/Munumen_Serangan_Umum_1_Maret_1949.jpg,,
5,Sanghyang Heuleut,Cagar Alam,Bandung,10000,4.4,https://upload.wikimedia.org/wikipedia/commons/thumb/7/74/Sanghyang_Heuleut_Lake_Is_Hidden_Paradise_at_West_Java.jpg/3840px-Sanghyang_Heuleut_Lake_Is_Hidden_Paradise_at_West_Java.jpg,-6.8764679,107.341682
5,Hutan Pinus Kayon,Cagar Alam,Semarang,6000,4.4,https://upload.wikimedia.org/wikipedia/commons/thumb/d/d8/Pandansimo_Bridge_view_toward_Bantul.jpg/3840px-Pandansimo_Bridge_view_toward_Bantul.jpg,,
2,Studio Alam Gamplong,Taman Hiburan,Yogyakarta,10000,4.4,https://upload.wikimedia.org/wikipedia/commons/a/a1/Boerderij_Buitenzorg_-_Studio_Alam_Gamplong_-_Bumi_Manusia.jpg,,
3,Museum Macan (Modern and Contemporary Art in Nusantara),Budaya,Jakarta,100000,4.5,https://upload.wikimedia.org/wikipedia/commons/thumb/6/61/Suduh_terbaik_di_Museum_Macan_Indonesia.jpg/3840px-Suduh_terbaik_di_Museum_Macan_Indonesia.jpg,,
4,Gunung Manglayang,Cagar Alam,Bandung,7500,4.5,https://upload.wikimedia.org/wikipedia/commons/0/00/Mont_Manglayang.jpg,-6.8810787,107.7357178
2,Bukit Jamur,Cagar Alam,Bandung,0,4.2,https://upload.wikimedia.org/wikipedia/commons/thumb/d/d6/Sunrise_dibukit_jamur.jpg/3840px-Sunrise_dibukit_jamur.jpg,,
2,Rumah Batik,Budaya,Surabaya,0,4.5,https://upload.wikimedia.org/wikipedia/commons/thumb/8/8c/Papan_Nama_Rumah_Batik_Maranatha_Ong%27s_Art.jpg/3840px-Papan_Nama_Rumah_Batik_Maranatha_Ong%27s_Art.jpg,,
3,Pantai Siung,Bahari,Yogyakarta,10000,4.6,https://upload.wikimedia.org/wikipedia/commons/a/a7/WATU_TOGOG_PANTAI_SIUNG.jpg,-8.1821587,110.6839762
4,Kampung Batu Malakasari,Taman Hiburan,Bandung,10000,4.1,https://upload.wikimedia.org/wikipedia/commons/b/b4/RSUD_Al_Ihsan_2.jpg,,
3,Taman Hutan Raya Ir. H. Djuanda,Cagar Alam,Bandung,15000,4.5,https://upload.wikimedia.org/wikipedia/commons/0/07/Taman_Hutan_Raya_IR_Djuanda.jpg,,
5,Curug Bugbrug,Cagar Alam,Bandung,7500,4.3,https://upload.wikimedia.org/wikipedia/commons/thumb/7/7c/Curug_Bugbrug.jpg/3840px-Curug_Bugbrug.jpg,-6.7975673,107.5783554
3,Ledok Sambi,Cagar Alam,Yogyakarta,0,4.6,https://upload.wikimedia.org/wikipedia/commons/8/82/Ledoksambi.jpg,-7.6468475,110.4262578
2,Food Junction Grand Pakuwon,Pusat Perbelanjaan,Surabaya,0,4.5,https://upload.wikimedia.org/wikipedia/commons/a/a4/Pakuwon_Trade_Centre_Ekspansi_%2830632349775%29.jpg,,
3,Wisata Lereng Kelir,Cagar Alam,Semarang,7000,4.3,https://upload.wikimedia.org/wikipedia/commons/thumb/6/61/Indonesia_Sleman_Regency_location_map.svg/langid-1280px-Indonesia_Sleman_Regency_location_map.svg.png,,
2,Museum Sepuluh Nopember Kota Surabaya,Budaya,Surabaya,5000,4.7,https://picsum.photos/seed/MuseumSepuluhNopemberKotaSurabaya/400/250,-7.2454453,112.7378996
3,Bukit Jamur,Cagar Alam,Bandung,0,4.2,https://upload.wikimedia.org/wikipedia/commons/thumb/d/d6/Sunrise_dibukit_jamur.jpg/3840px-Sunrise_dibukit_jamur.jpg,,
5,Gunung Lalakon,Cagar Alam,Bandung,0,4.8,https://upload.wikimedia.org/wikipedia/commons/c/c1/Indonesia_Java_relief_location_map.png,-6.958056,107.520556
3,Museum Mpu Tantular,Budaya,Surabaya,2000,4.4,https://upload.wikimedia.org/wikipedia/commons/thumb/5/5d/Mpu_Tantular_Museum.jpg/3840px-Mpu_Tantular_Museum.jpg,,
5,Danau Rawa Pening,Cagar Alam,Semarang,15000,4.4,https://upload.wikimedia.org/wikipedia/commons/e/e2/Rawa_Pening_Central_Java.jpg,,
4,Pantai Watu Kodok,Bahari,Yogyakarta,5000,4.6,https://upload.wikimedia.org/wikipedia/commons/0/0c/Locator_Kecamatan_Tanjungsari_ing_Gunung_Kidul.png,-8.1373207,110.5741197
3,Taman Cattleya,Taman Hiburan,Jakarta,20000,4.5,https://upload.wikimedia.org/wikipedia/commons/5/55/PhalaenopsisOphrysPaphiopedilumMaxillaria.jpg,-6.1821561,106.7942912
3,Wisata Batu Kuda,Cagar Alam,Bandung,10000,4.4,https://picsum.photos/seed/WisataBatuKuda/400/250,,
4,Watu Goyang,Budaya,Yogyakarta,2500,4.4,https://upload.wikimedia.org/wikipedia/commons/thumb/3/3f/Bukit_Bego_%282%29.jpg/3840px-Bukit_Bego_%282%29.jpg,-7.92706,110.4120656
5,Grand Maerakaca,Taman Hiburan,Semarang,15000,4.4,https://upload.wikimedia.org/wikipedia/commons/2/2e/Anjungan_Kota_Semarang.jpg,,
2,Wisata Alam Wana Wisata Penggaron,Cagar Alam,Semarang,10000,4.1,https://picsum.photos/seed/WisataAlamWanaWisataPenggaron/400/250,,
3,Taman Spathodea,Taman Hiburan,Jakarta,0,4.6,https://upload.wikimedia.org/wikipedia/commons/2/21/Starr_031210-0047_Spathodea_campanulata.jpg,,
2,Bukit Lintang Sewu,Taman Hiburan,Yogyakarta,2000,4.5,https://upload.wikimedia.org/wikipedia/commons/9/94/Mount_Gede_01.jpg,-7.915055,110.4357959
5,Wisata Kraton Jogja,Budaya,Yogyakarta,7000,4.7,https://upload.wikimedia.org/wikipedia/commons/thumb/8/83/Yogyakarta_Sultanate_Hamengkubhuwono_X_Emblem.svg/langid-500px-Yogyakarta_Sultanate_Hamengkubhuwono_X_Emblem.svg.png,-7.8055992,110.3635944
2,Watu Gunung Ungaran,Cagar Alam,Semarang,25000,4.4,https://upload.wikimedia.org/wikipedia/commons/7/7d/Mount_Bromo_at_sunrise%2C_showing_its_volcanoes_and_Mount_Semeru_%28background%29.jpg,,
4,Kampung Pelangi,Taman Hiburan,Semarang,3000,4.3,https://upload.wikimedia.org/wikipedia/commons/thumb/8/80/Kampung_Tridi%2C_Malang_32.jpg/3840px-Kampung_Tridi%2C_Malang_32.jpg,-6.9877873,110.4084912
3,Keraton Surabaya,Budaya,Surabaya,0,4.4,https://upload.wikimedia.org/wikipedia/commons/d/da/Jembatan_suroboyo_dusk.jpg,-7.2550377,112.7443229
5,Museum Macan (Modern and Contemporary Art in Nusantara),Budaya,Jakarta,100000,4.5,https://upload.wikimedia.org/wikipedia/commons/thumb/6/61/Suduh_terbaik_di_Museum_Macan_Indonesia.jpg/3840px-Suduh_terbaik_di_Museum_Macan_Indonesia.jpg,,
2,Istana Negara Republik Indonesia,Budaya,Jakarta,0,4.6,https://upload.wikimedia.org/wikipedia/commons/thumb/d/dd/Insignia_of_the_Indonesian_National_Police.svg/langid-960px-Insignia_of_the_Indonesian_National_Police.svg.png,,
3,Masjid Al-Imtizaj,Tempat Ibadah,Bandung,0,4.7,https://upload.wikimedia.org/wikipedia/commons/f/f9/Masjid_Al-Imtizaj_2.jpg,-6.919307,107.6078869
5,Museum Tengah Kebun,Budaya,Jakarta,0,4.6,https://upload.wikimedia.org/wikipedia/commons/b/b8/Museum_kebun_01.jpg,-6.2676523,106.8246369
2,Watu Goyang,Budaya,Yogyakarta,2500,4.4,https://upload.wikimedia.org/wikipedia/commons/thumb/3/3f/Bukit_Bego_%282%29.jpg/3840px-Bukit_Bego_%282%29.jpg,-7.92706,110.4120656
2,Kampung Tematik Jawi,Budaya,Semarang,0,4.5,https://upload.wikimedia.org/wikipedia/commons/c/c7/Siti_Nurhaliza_-_Khairul_Fahmi%27s_Wedding_2013.jpg,,
2,House of Sampoerna,Budaya,Surabaya,0,4.6,https://upload.wikimedia.org/wikipedia/commons/thumb/f/f6/House_of_Sampoerna_Mei_2015.jpg/3840px-House_of_Sampoerna_Mei_2015.jpg,-7.2309923,112.7341461
5,Grojogan Watu Purbo Bangunrejo,Taman Hiburan,Yogyakarta,10000,4.5,https://picsum.photos/seed/GrojoganWatuPurboBangunrejo/400/250,,
2,SnowBay Waterpark,Taman Hiburan,Jakarta,180000,4.3,https://picsum.photos/seed/SnowBayWaterpark/400/250,,
3,Happyfarm Ciwidey,Cagar Alam,Bandung,15000,4.2,https://picsum.photos/seed/HappyfarmCiwidey/400/250,,
3,Pasar Taman Puring,Pusat Perbelanjaan,Jakarta,0,4.4,https://upload.wikimedia.org/wikipedia/commons/3/30/Halte_Transjakarta_Mayestik.jpg,-6.241405,106.789092
2,Skyrink - Mall Taman Anggrek,Taman Hiburan,Jakarta,110000,4.5,https://picsum.photos/seed/Skyrink-MallTamanAnggrek/400/250,,
4,Taman Air Mancur Menari Kenjeran,Taman Hiburan,Surabaya,0,4.4,https://picsum.photos/seed/TamanAirMancurMenariKenjeran/400/250,,
4,Tugu Proklamasi,Budaya,Jakarta,0,4.6,https://upload.wikimedia.org/wikipedia/commons/7/74/Proclamation_Monument_Jakarta.JPG,-6.2032131,106.8468522
2,Dago Dreampark,Taman Hiburan,Bandung,40000,4.2,https://picsum.photos/seed/DagoDreampark/400/250,-6.8476037,107.6254233
5,Jembatan Kota Intan,Budaya,Jakarta,0,4.3,https://upload.wikimedia.org/wikipedia/commons/5/5b/COLLECTIE_TROPENMUSEUM_Dubbele_ophaalbrug_%28Hoenderpasarbrug%29_Batavia_TMnr_10014923.jpg,-6.1312459,106.8105591
3,Hutan Wisata Tinjomoyo Semarang,Cagar Alam,Semarang,3000,4.3,https://upload.wikimedia.org/wikipedia/commons/thumb/a/a4/Indonesia_location_map.svg/langid-1280px-Indonesia_location_map.svg.png,-7.0280535,110.4008314
4,Taman Kasmaran,Taman Hiburan,Semarang,3000,4.5,https://upload.wikimedia.org/wikipedia/commons/4/4e/Top_15_Indonesian_Idol_14.jpg,-6.9907948,110.4065795
4,Desa Wisata Pulesari,Taman Hiburan,Yogyakarta,0,4.4,https://picsum.photos/seed/DesaWisataPulesari/400/250,-7.6241051,110.3727962
3,Tektona Waterpark,Taman Hiburan,Bandung,60000,3.8,https://picsum.photos/seed/TektonaWaterpark/400/250,,
3,Ciwangun Indah Camp Official,Cagar Alam,Bandung,10000,4.3,https://picsum.photos/seed/CiwangunIndahCampOfficial/400/250,,
5,Pulau Semak Daun,Bahari,Jakarta,40000,4.0,https://upload.wikimedia.org/wikipedia/commons/5/5f/Snorkeling.jpg,,
4,Museum Gunung Merapi,Budaya,Yogyakarta,10000,4.4,https://upload.wikimedia.org/wikipedia/commons/thumb/f/f0/Museum_Gunungapi_Merapi.jpg/3840px-Museum_Gunungapi_Merapi.jpg,-7.6188698,110.4240986
5,Masjid Agung Ungaran,Tempat Ibadah,Semarang,0,4.7,https://upload.wikimedia.org/wikipedia/commons/thumb/5/53/Borobudur%2C_Java%2C_Indonesia%2C_20220817_1016_8757.jpg/3840px-Borobudur%2C_Java%2C_Indonesia%2C_20220817_1016_8757.jpg,-7.1350143,110.4087993
4,Lereng Anteng Panoramic Coffee Place,Cagar Alam,Bandung,50000,4.4,https://picsum.photos/seed/LerengAntengPanoramicCoffeePlace/400/250,,
3,Pantai Goa Cemara,Bahari,Yogyakarta,4000,4.3,https://upload.wikimedia.org/wikipedia/commons/4/47/Pelepasan_Penyu.jpg,-8.0000466,110.2508816
2,Curug Malela,Cagar Alam,Bandung,10000,4.4,https://upload.wikimedia.org/wikipedia/commons/7/7f/Bosscha_001.JPG,-7.0115741,107.2056616
2,Museum Macan (Modern and Contemporary Art in Nusantara),Budaya,Jakarta,100000,4.5,https://upload.wikimedia.org/wikipedia/commons/thumb/6/61/Suduh_terbaik_di_Museum_Macan_Indonesia.jpg/3840px-Suduh_terbaik_di_Museum_Macan_Indonesia.jpg,,
3,Pantai Sadranan,Bahari,Yogyakarta,10000,4.6,https://upload.wikimedia.org/wikipedia/commons/b/b3/Dusk_till_dawn_%28cropped%29.jpg,-8.1457925,110.6044298
2,Situ Patenggang,Cagar Alam,Bandung,20000,4.5,https://upload.wikimedia.org/wikipedia/commons/4/43/Junghuhn_See_Telaga_Patengan_auf_Java.jpg,-7.1652597,107.3697821
5,Masjid Agung Trans Studio Bandung,Tempat Ibadah,Bandung,0,4.8,https://picsum.photos/seed/MasjidAgungTransStudioBandung/400/250,-6.9259196,107.635428
2,Situ Cileunca,Cagar Alam,Bandung,2500,4.4,https://upload.wikimedia.org/wikipedia/commons/5/5e/Cileunca_Lake.jpg,-7.2020441,107.5498098
4,Atlantis Water Adventure,Taman Hiburan,Jakarta,94000,4.5,https://upload.wikimedia.org/wikipedia/id/thumb/3/3e/Logo_Taman_Impian_Jaya_Ancol_%282022%29.svg/langid-960px-Logo_Taman_Impian_Jaya_Ancol_%282022%29.svg.png,,
2,Lawangwangi Creative Space,Taman Hiburan,Bandung,0,4.4,https://picsum.photos/seed/LawangwangiCreativeSpace/400/250,-6.8476429,107.6275129
5,Museum Satria Mandala,Budaya,Jakarta,5000,4.5,https://upload.wikimedia.org/wikipedia/commons/thumb/5/53/Satriamandala_Museum_main_building.jpg/3840px-Satriamandala_Museum_main_building.jpg,-6.2310834,106.8189045
4,Bandros City Tour,Budaya,Bandung,40000,4.4,https://upload.wikimedia.org/wikipedia/commons/2/2b/Perjalanan_Bus_Bandros.jpg,,
2,Pantai Baruna,Bahari,Semarang,3000,4.0,https://upload.wikimedia.org/wikipedia/commons/thumb/3/34/Pantai_Ngliyep_-_panoramio_%283%29.jpg/3840px-Pantai_Ngliyep_-_panoramio_%283%29.jpg,,
4,Kawah Rengganis Cibuni,Cagar Alam,Bandung,5000,4.3,https://upload.wikimedia.org/wikipedia/commons/f/ff/Kawah_Putih_Lake.jpg,-7.1739727,107.3746848
2,Pantai Sadranan,Bahari,Yogyakarta,10000,4.6,https://upload.wikimedia.org/wikipedia/commons/b/b3/Dusk_till_dawn_%28cropped%29.jpg,-8.1457925,110.6044298
5,Teras Cikapundung BBWS,Taman Hiburan,Bandung,0,4.3,https://picsum.photos/seed/TerasCikapundungBBWS/400/250,,
4,Gumuk Pasir Parangkusumo,Taman Hiburan,Yogyakarta,0,4.5,https://upload.wikimedia.org/wikipedia/commons/thumb/0/0b/Gumuk_Pasir_Parangkusumo_2.jpg/3840px-Gumuk_Pasir_Parangkusumo_2.jpg,-8.0170516,110.3171918
3,Kampung Wisata Dipowinatan,Budaya,Yogyakarta,220000,4.5,https://picsum.photos/seed/KampungWisataDipowinatan/400/250,,
4,The Escape Hunt,Taman Hiburan,Jakarta,70000,4.4,https://upload.wikimedia.org/wikipedia/commons/d/db/Kurt_Russell_by_Gage_Skidmore_2.jpg,,
5,The World Landmarks - Merapi Park Yogyakarta,Taman Hiburan,Yogyakarta,22000,4.2,https://upload.wikimedia.org/wikipedia/commons/thumb/c/c7/Merapi_Park.jpg/3840px-Merapi_Park.jpg,,
2,Farm House Susu Lembang,Taman Hiburan,Bandung,30000,4.4,https://upload.wikimedia.org/wikipedia/commons/thumb/a/a9/Gunung_Batu.jpg/3840px-Gunung_Batu.jpg,,
5,Setu Babakan,Budaya,Jakarta,0,4.4,https://upload.wikimedia.org/wikipedia/commons/thumb/2/25/Setu_Babakan.jpg/3840px-Setu_Babakan.jpg,-6.3419991,106.8203244
2,Taman Mini Indonesia Indah (TMII),Taman Hiburan,Jakarta,10000,4.5,https://upload.wikimedia.org/wikipedia/commons/thumb/b/b4/Istana_Anak-anak_Indonesia_TMII_%282025%29_-_img_01.jpg/3840px-Istana_Anak-anak_Indonesia_TMII_%282025%29_-_img_01.jpg,-6.3031933,106.89556
3,Puncak Kebun Buah Mangunan,Taman Hiburan,Yogyakarta,5000,4.6,https://upload.wikimedia.org/wikipedia/commons/d/d9/Puncak_Pinus_Becici.jpg,,
4,Monumen Nasional,Budaya,Jakarta,20000,4.6,https://upload.wikimedia.org/wikipedia/id/b/b1/Merdeka_Square_Monas_02.jpg,-6.1754024,106.8271692
3,Pantai Sundak,Bahari,Yogyakarta,5000,4.5,https://upload.wikimedia.org/wikipedia/commons/thumb/9/9e/Yogyakarta_Indonesia_Kraton-the-Sultans-Palace-02.jpg/3840px-Yogyakarta_Indonesia_Kraton-the-Sultans-Palace-02.jpg,-8.1471841,110.6080799
4,Jogja Exotarium,Taman Hiburan,Yogyakarta,20000,4.4,https://picsum.photos/seed/JogjaExotarium/400/250,-7.7286281,110.3584886
5,Pantai Indrayanti,Bahari,Yogyakarta,10000,4.5,https://upload.wikimedia.org/wikipedia/commons/b/b3/Dusk_till_dawn_%28cropped%29.jpg,-8.1498929,110.6113168
2,Pantai Sanglen,Bahari,Yogyakarta,10000,4.5,https://upload.wikimedia.org/wikipedia/commons/thumb/2/22/Flora_Indonesia.jpg/3840px-Flora_Indonesia.jpg,,
3,Farm House Susu Lembang,Taman Hiburan,Bandung,30000,4.4,https://upload.wikimedia.org/wikipedia/commons/thumb/a/a9/Gunung_Batu.jpg/3840px-Gunung_Batu.jpg,,
3,Museum Nasional,Budaya,Jakarta,5000,4.6,https://upload.wikimedia.org/wikipedia/commons/0/03/Logo_Museum_Nasional_PNG.png,-6.1761425,106.8221879
3,Semarang Contemporary Art Gallery,Budaya,Semarang,10000,4.6,https://picsum.photos/seed/SemarangContemporaryArtGallery/400/250,,
3,Situ Patenggang,Cagar Alam,Bandung,20000,4.5,https://upload.wikimedia.org/wikipedia/commons/4/43/Junghuhn_See_Telaga_Patengan_auf_Java.jpg,-7.1652597,107.3697821
2,Wisata Eling Bening,Cagar Alam,Semarang,25000,4.3,https://upload.wikimedia.org/wikipedia/commons/thumb/0/0a/Ambarawa_Bypass_Road_from_Eling_Bening%2C_2017-03-15.jpg/3840px-Ambarawa_Bypass_Road_from_Eling_Bening%2C_2017-03-15.jpg,,
4,Pasar Taman Puring,Pusat Perbelanjaan,Jakarta,0,4.4,https://upload.wikimedia.org/wikipedia/commons/3/30/Halte_Transjakarta_Mayestik.jpg,-6.241405,106.789092
2,Kampung Cina,Budaya,Jakarta,15000,4.5,https://picsum.photos/seed/KampungCina/400/250,-6.2409538,106.8648299
5,Gembira Loka Zoo,Cagar Alam,Yogyakarta,60000,4.5,https://upload.wikimedia.org/wikipedia/commons/thumb/3/3c/Gembira_Loka_Zoo_in_Yogyakarta.jpg/3840px-Gembira_Loka_Zoo_in_Yogyakarta.jpg,-7.8055165,110.3970178
4,Gedung Sate,Budaya,Bandung,5000,4.6,https://upload.wikimedia.org/wikipedia/commons/thumb/4/4c/Gedung_Sate_Oktober_2024_-_Rahmatdenas.jpg/3840px-Gedung_Sate_Oktober_2024_-_Rahmatdenas.jpg,-6.9014576,107.6173506
2,The Lodge Maribaya,Cagar Alam,Bandung,25000,4.3,https://picsum.photos/seed/TheLodgeMaribaya/400/250,-6.8288811,107.688434
3,Museum Pos Indonesia,Budaya,Bandung,0,4.5,https://upload.wikimedia.org/wikipedia/commons/1/11/Kantor_Pusat_Pos_Indonesia.JPG,-6.9020925,107.6198013
3,Monumen Kapal Selam,Budaya,Surabaya,15000,4.4,https://upload.wikimedia.org/wikipedia/commons/6/60/Submarine_Monument_Surabaya_2.JPG,-7.265434,112.7503063
5,Puspa Iptek Sundial,Taman Hiburan,Bandung,25000,4.4,https://upload.wikimedia.org/wikipedia/commons/0/06/Science_Center%2C_Puspa_Iptek%2C_Kota_Baru_Parahyangan_-_panoramio_%281%29.jpg,-6.8522473,107.4939926
3,Air Terjun Kedung Pedut,Cagar Alam,Yogyakarta,20000,4.5,https://upload.wikimedia.org/wikipedia/commons/e/e1/Kedungpedut.jpg,,
2,Wisata Batu Kuda,Cagar Alam,Bandung,10000,4.4,https://picsum.photos/seed/WisataBatuKuda/400/250,,
5,Museum Tekstil,Budaya,Jakarta,5000,4.5,https://upload.wikimedia.org/wikipedia/commons/4/46/Musetextil.jpg,-6.1879368,106.8096058
4,Happyfarm Ciwidey,Cagar Alam,Bandung,15000,4.2,https://picsum.photos/seed/HappyfarmCiwidey/400/250,,
5,Pantai Marina,Bahari,Semarang,3000,4.1,https://upload.wikimedia.org/wikipedia/commons/thumb/a/a4/Indonesia_location_map.svg/langid-1280px-Indonesia_location_map.svg.png,-6.9476655,110.3901407
3,Kenjeran Park,Taman Hiburan,Surabaya,35000,4.2,https://upload.wikimedia.org/wikipedia/commons/thumb/a/ac/Unit_Trans_Semanggi_Suroboyo_K3L_di_Kenpark_%28Desember_2022%29.jpg/3840px-Unit_Trans_Semanggi_Suroboyo_K3L_di_Kenpark_%28Desember_2022%29.jpg,-7.2498534,112.8001912
2,Pantai Nglambor,Bahari,Yogyakarta,10000,4.4,https://upload.wikimedia.org/wikipedia/commons/thumb/f/fa/Afternoon_at_Nglambor_Beach.jpg/3840px-Afternoon_at_Nglambor_Beach.jpg,-8.1823453,110.6792506
2,Galeri Nasional Indonesia,Budaya,Jakarta,0,4.6,https://upload.wikimedia.org/wikipedia/commons/7/7d/National_Gallery_of_Indonesia.JPG,,
2,Babakan Siliwangi City Forest Path Bandung,Cagar Alam,Bandung,0,4.6,https://picsum.photos/seed/BabakanSiliwangiCityForestPathBandung/400/250,,
2,Museum Bahari Jakarta,Budaya,Jakarta,2000,4.4,https://upload.wikimedia.org/wikipedia/commons/thumb/d/d6/Museum_Bahari_Pintu_Masuk.jpg/3840px-Museum_Bahari_Pintu_Masuk.jpg,-6.1268288,106.8083185
3,Pantai Ngobaran,Bahari,Yogyakarta,5000,4.6,https://upload.wikimedia.org/wikipedia/commons/thumb/4/47/Ngobaran_Beach.jpg/3840px-Ngobaran_Beach.jpg,-8.1260905,110.5220331
2,Monumen Nasional,Budaya,Jakarta,20000,4.6,https://upload.wikimedia.org/wikipedia/id/b/b1/Merdeka_Square_Monas_02.jpg,-6.1754024,106.8271692
2,Taman Sejarah Bandung,Budaya,Bandung,0,4.6,https://upload.wikimedia.org/wikipedia/commons/thumb/f/ff/Taman_Balai_Kota_Bandung.jpg/3840px-Taman_Balai_Kota_Bandung.jpg,-6.910367,107.6103563
4,Taman Hutan Raya Ir. H. Juanda,Cagar Alam,Bandung,11000,4.5,https://upload.wikimedia.org/wikipedia/commons/0/07/Taman_Hutan_Raya_IR_Djuanda.jpg,-6.8411686,107.6503782
5,Masjid Muhammad Cheng Hoo,Tempat Ibadah,Surabaya,0,4.7,https://upload.wikimedia.org/wikipedia/commons/thumb/f/f3/Masjid_Muhammad_Cheng_Ho_Balikpapan_%2801%29.jpg/3840px-Masjid_Muhammad_Cheng_Ho_Balikpapan_%2801%29.jpg,-7.2519525,112.7467958
5,Taman Keputran,Taman Hiburan,Surabaya,0,4.3,https://upload.wikimedia.org/wikipedia/commons/thumb/8/83/Yogyakarta_Sultanate_Hamengkubhuwono_X_Emblem.svg/langid-500px-Yogyakarta_Sultanate_Hamengkubhuwono_X_Emblem.svg.png,-7.2732055,112.744145
2,Taman Ayodya,Taman Hiburan,Jakarta,0,4.4,https://upload.wikimedia.org/wikipedia/commons/thumb/e/ef/Taman_Ayodya_Jakarta_202311_1.jpg/3840px-Taman_Ayodya_Jakarta_202311_1.jpg,-6.2451636,106.7946126
5,Semarang Contemporary Art Gallery,Budaya,Semarang,10000,4.6,https://picsum.photos/seed/SemarangContemporaryArtGallery/400/250,,
5,Taman Kupu-Kupu Cihanjuang,Cagar Alam,Bandung,10000,4.0,https://picsum.photos/seed/TamanKupu-KupuCihanjuang/400/250,,
4,Wisata Mangrove Tapak,Cagar Alam,Semarang,5000,4.3,https://upload.wikimedia.org/wikipedia/commons/thumb/5/55/Bali_Barat_mangroves.jpg/3840px-Bali_Barat_mangroves.jpg,,
3,Orchid Forest Cikole,Taman Hiburan,Bandung,50000,4.6,https://picsum.photos/seed/OrchidForestCikole/400/250,-6.7801991,107.6379318
3,Alun-Alun Kota Bandung,Taman Hiburan,Bandung,0,4.6,https://upload.wikimedia.org/wikipedia/commons/7/70/COLLECTIE_TROPENMUSEUM_De_waringins_op_de_alun-alun_bij_de_ingang_van_de_kraton_van_de_sultan_van_Jogjakarta_TMnr_60022716.jpg,-6.9216776,107.607151
5,Freedom Library,Budaya,Jakarta,0,5.0,https://upload.wikimedia.org/wikipedia/commons/4/43/PresMedalFreedom.jpg,-6.212961,106.8298858
4,Tirto Argo Siwarak,Taman Hiburan,Semarang,20000,4.4,https://picsum.photos/seed/TirtoArgoSiwarak/400/250,,
4,Gembira Loka Zoo,Cagar Alam,Yogyakarta,60000,4.5,https://upload.wikimedia.org/wikipedia/commons/thumb/3/3c/Gembira_Loka_Zoo_in_Yogyakarta.jpg/3840px-Gembira_Loka_Zoo_in_Yogyakarta.jpg,-7.8055165,110.3970178
5,Taman Pintar Yogyakarta,Taman Hiburan,Yogyakarta,6000,4.5,https://upload.wikimedia.org/wikipedia/commons/f/fb/Taman_Pintar_Yogyakarta.jpg,-7.8010497,110.3676457
5,Sunrise Point Cukul,Cagar Alam,Bandung,10000,4.6,https://picsum.photos/seed/SunrisePointCukul/400/250,-7.2337053,107.5342649
4,Teras Cikapundung BBWS,Taman Hiburan,Bandung,0,4.3,https://picsum.photos/seed/TerasCikapundungBBWS/400/250,,
3,Danau Rawa Pening,Cagar Alam,Semarang,15000,4.4,https://upload.wikimedia.org/wikipedia/commons/e/e2/Rawa_Pening_Central_Java.jpg,,
2,Air Terjun Semirang,Cagar Alam,Semarang,9000,4.4,https://upload.wikimedia.org/wikipedia/commons/thumb/5/5a/Indonesia_provinces_blank_map.svg/langid-960px-Indonesia_provinces_blank_map.svg.png,,
5,Kawah Putih,Cagar Alam,Bandung,81000,4.5,https://upload.wikimedia.org/wikipedia/commons/thumb/3/35/Kawah_Putih_Lake_from_the_viewing_platform%2C_Bandung_Regency%2C_2014-08-21.jpg/3840px-Kawah_Putih_Lake_from_the_viewing_platform%2C_Bandung_Regency%2C_2014-08-21.jpg,-7.1661181,107.4022669
2,Kawah Rengganis Cibuni,Cagar Alam,Bandung,5000,4.3,https://upload.wikimedia.org/wikipedia/commons/f/ff/Kawah_Putih_Lake.jpg,-7.1739727,107.3746848
4,Air Terjun Kali Pancur,Cagar Alam,Semarang,5000,4.1,https://upload.wikimedia.org/wikipedia/commons/thumb/5/5a/Indonesia_provinces_blank_map.svg/langid-960px-Indonesia_provinces_blank_map.svg.png,,
4,Dusun Bambu,Taman Hiburan,Bandung,25000,4.5,https://upload.wikimedia.org/wikipedia/commons/thumb/4/43/Desa_Sade%2C_Lombok.jpg/3840px-Desa_Sade%2C_Lombok.jpg,-6.7899841,107.5786457
4,Saloka Theme Park,Taman Hiburan,Semarang,150000,4.4,https://upload.wikimedia.org/wikipedia/commons/d/de/Saloka_Park_Logo.png,-7.2801381,110.457617
4,Monumen Serangan Umum 1 Maret,Taman Hiburan,Yogyakarta,3000,4.6,https://upload.wikimedia.org/wikipedia/commons/c/cf/Munumen_Serangan_Umum_1_Maret_1949.jpg,,
4,Kebun Binatang Surabaya,Cagar Alam,Surabaya,15000,4.3,https://upload.wikimedia.org/wikipedia/commons/thumb/4/45/Papan_Edukasi_Jalak_Bali.jpg/3840px-Papan_Edukasi_Jalak_Bali.jpg,-7.2957723,112.7358105
3,Trans Studio Bandung,Taman Hiburan,Bandung,280000,4.5,https://upload.wikimedia.org/wikipedia/id/thumb/d/d4/Trans_Studio_logo_2011.svg/langid-60px-Trans_Studio_logo_2011.svg.png,-6.9247021,107.6360969
2,Pantai Ngrenehan,Bahari,Yogyakarta,3000,4.4,https://upload.wikimedia.org/wikipedia/commons/thumb/f/f1/Pantai_Ngrenehan.jpg/3840px-Pantai_Ngrenehan.jpg,,
5,Taman Legenda Keong Emas,Taman Hiburan,Jakarta,30000,4.5,https://upload.wikimedia.org/wikipedia/commons/thumb/b/b4/Istana_Anak-anak_Indonesia_TMII_%282025%29_-_img_01.jpg/3840px-Istana_Anak-anak_Indonesia_TMII_%282025%29_-_img_01.jpg,-6.3038077,106.892573
5,Pantai Nguluran,Bahari,Yogyakarta,10000,4.1,https://upload.wikimedia.org/wikipedia/commons/thumb/2/22/Flora_Indonesia.jpg/3840px-Flora_Indonesia.jpg,,
5,Museum Sumpah Pemuda,Budaya,Jakarta,2000,4.7,https://upload.wikimedia.org/wikipedia/commons/3/30/Historical_Indonesian_Youth_Pledge%2C_Sumpah_Pemuda_in_1928.jpg,-6.1838167,106.8430499
5,Rainbow Garden,Cagar Alam,Bandung,20000,4.6,https://upload.wikimedia.org/wikipedia/commons/f/f1/Meikarta_Tower_Distrik_1.jpg,,
4,Food Junction Grand Pakuwon,Pusat Perbelanjaan,Surabaya,0,4.5,https://upload.wikimedia.org/wikipedia/commons/a/a4/Pakuwon_Trade_Centre_Ekspansi_%2830632349775%29.jpg,,
5,Ciputra Waterpark,Taman Hiburan,Surabaya,95000,4.3,https://picsum.photos/seed/CiputraWaterpark/400/250,-7.2843701,112.6325019
2,Keraton Yogyakarta,Budaya,Yogyakarta,15000,4.6,https://upload.wikimedia.org/wikipedia/commons/thumb/8/83/Yogyakarta_Sultanate_Hamengkubhuwono_X_Emblem.svg/langid-500px-Yogyakarta_Sultanate_Hamengkubhuwono_X_Emblem.svg.png,-7.8075974,110.3638696
4,Kawasan Malioboro,Taman Hiburan,Yogyakarta,0,4.8,https://upload.wikimedia.org/wikipedia/commons/f/f0/Malioboro_Street%2C_Yogyakarta.JPG,-7.7908997,110.3724893
2,Sindu Kusuma Edupark (SKE),Taman Hiburan,Yogyakarta,20000,4.2,https://picsum.photos/seed/SinduKusumaEdupark(SKE)/400/250,,
4,Pantai Krakal,Bahari,Yogyakarta,10000,4.5,https://upload.wikimedia.org/wikipedia/commons/3/38/Matahari_terbenam_di_Pantai_Slili.jpg,-8.1317391,110.5449125
2,Masjid Kapal Semarang,Tempat Ibadah,Semarang,0,4.1,https://upload.wikimedia.org/wikipedia/commons/8/80/Halte_Cakrawala_Selatan_Trans_Semarang.jpg,-7.0187845,110.2936526
4,Bumi Perkemahan Cibubur,Taman Hiburan,Jakarta,10000,4.5,https://picsum.photos/seed/BumiPerkemahanCibubur/400/250,-6.3645138,106.8990846
3,Kampung Wisata Kadipaten,Budaya,Yogyakarta,0,4.4,https://upload.wikimedia.org/wikipedia/commons/thumb/1/10/Yogyakarta_Indonesia_Tugu-Yogyakarta-02.jpg/3840px-Yogyakarta_Indonesia_Tugu-Yogyakarta-02.jpg,,
4,Pasar Beringharjo,Pusat Perbelanjaan,Yogyakarta,0,4.5,https://upload.wikimedia.org/wikipedia/commons/thumb/d/d0/Bringharjo_Market_Yogyakarta_-_Pasar_Bringharjo_Jogja_%282025%29_-_img_06.jpg/3840px-Bringharjo_Market_Yogyakarta_-_Pasar_Bringharjo_Jogja_%282025%29_-_img_06.jpg,,
3,Taman Kunang-Kunang,Taman Hiburan,Surabaya,0,4.4,https://upload.wikimedia.org/wikipedia/commons/b/b4/Locator_Kecamatan_Rungkut_di_Kota_Surabaya.png,-7.3180982,112.7840627
2,Museum Barli,Budaya,Bandung,15000,4.4,https://upload.wikimedia.org/wikipedia/commons/7/70/Tampak_Samping_Museum_Barli_2023-03-18.jpg,-6.8783934,107.5875219
4,Museum Kebangkitan Nasional,Budaya,Jakarta,2000,4.7,https://upload.wikimedia.org/wikipedia/commons/c/cf/Old_Dutch_building_-_panoramio.jpg,-6.1786737,106.8380305
4,Museum Wayang,Budaya,Jakarta,5000,4.5,https://upload.wikimedia.org/wikipedia/commons/9/99/Wayang_sejarah.jpg,-6.1348145,106.8125091
3,Kampoeng Tulip,Taman Hiburan,Bandung,15000,3.8,https://picsum.photos/seed/KampoengTulip/400/250,,
5,Taman Mundu,Taman Hiburan,Surabaya,0,4.4,https://upload.wikimedia.org/wikipedia/commons/0/0e/COLLECTIE_TROPENMUSEUM_Blad_en_vrucht_van_de_Xanthochymus_dulcis_roxb_moendoe_TMnr_3401-1683.jpg,,
4,Goa Rancang Kencono,Cagar Alam,Yogyakarta,5000,4.3,https://upload.wikimedia.org/wikipedia/commons/thumb/9/9e/Yogyakarta_Indonesia_Kraton-the-Sultans-Palace-02.jpg/3840px-Yogyakarta_Indonesia_Kraton-the-Sultans-Palace-02.jpg,-7.9490713,110.4926632
3,Candi Sewu,Budaya,Yogyakarta,50000,4.6,https://upload.wikimedia.org/wikipedia/commons/thumb/2/26/Candi_Sewu_viewed_from_the_south%2C_23_November_2013.jpg/3840px-Candi_Sewu_viewed_from_the_south%2C_23_November_2013.jpg,,
5,Flower Farm Setiya Aji,Cagar Alam,Semarang,7500,4.1,https://picsum.photos/seed/FlowerFarmSetiyaAji/400/250,,
4,Jakarta Aquarium dan Safari,Taman Hiburan,Jakarta,185000,4.6,https://upload.wikimedia.org/wikipedia/commons/thumb/6/67/Tanjung_Duren_Transjakarta_BRT_Station_towards_Pluit%2C_2023.jpg/3840px-Tanjung_Duren_Transjakarta_BRT_Station_towards_Pluit%2C_2023.jpg,,
2,Old City 3D Trick Art Museum,Budaya,Semarang,50000,4.4,https://picsum.photos/seed/OldCity3DTrickArtMuseum/400/250,,
2,Pantai Siung,Bahari,Yogyakarta,10000,4.6,https://upload.wikimedia.org/wikipedia/commons/a/a7/WATU_TOGOG_PANTAI_SIUNG.jpg,-8.1821587,110.6839762
2,Pantai Maron,Bahari,Semarang,5000,3.4,https://upload.wikimedia.org/wikipedia/commons/0/07/Mancing_mania_%2819020077606%29.jpg,-6.9540164,110.3604817
4,Kampung Wisata Dipowinatan,Budaya,Yogyakarta,220000,4.5,https://picsum.photos/seed/KampungWisataDipowinatan/400/250,,
3,Museum Ullen Sentalu,Budaya,Yogyakarta,100000,4.7,https://upload.wikimedia.org/wikipedia/commons/6/6e/Papan_penanda_di_area_Museum_Ullen_Sentalu%2C_Kaliurang.jpg,-7.5976483,110.4233962
2,Museum Kebangkitan Nasional,Budaya,Jakarta,2000,4.7,https://upload.wikimedia.org/wikipedia/commons/c/cf/Old_Dutch_building_-_panoramio.jpg,-6.1786737,106.8380305
5,Candi Gedong Songo,Budaya,Semarang,10000,4.5,https://upload.wikimedia.org/wikipedia/commons/a/af/Gedong_songo.jpg,-7.2063743,110.340176
5,Pantai Krakal,Bahari,Yogyakarta,10000,4.5,https://upload.wikimedia.org/wikipedia/commons/3/38/Matahari_terbenam_di_Pantai_Slili.jpg,-8.1317391,110.5449125
3,Panama Park 825,Taman Hiburan,Bandung,50000,4.4,https://picsum.photos/seed/PanamaPark825/400/250,,
2,Museum Mandala Wangsit Siliwangi,Budaya,Bandung,0,4.4,https://upload.wikimedia.org/wikipedia/commons/d/d0/Museum_Mandala_Wangsit_Siliwangi.JPG,-6.9173055,107.6111041
2,Sanghyang Heuleut,Cagar Alam,Bandung,10000,4.4,https://upload.wikimedia.org/wikipedia/commons/thumb/7/74/Sanghyang_Heuleut_Lake_Is_Hidden_Paradise_at_West_Java.jpg/3840px-Sanghyang_Heuleut_Lake_Is_Hidden_Paradise_at_West_Java.jpg,-6.8764679,107.341682
2,Taman Bunga Cihideung,Cagar Alam,Bandung,0,4.1,https://picsum.photos/seed/TamanBungaCihideung/400/250,,
4,Tektona Waterpark,Taman Hiburan,Bandung,60000,3.8,https://picsum.photos/seed/TektonaWaterpark/400/250,,
5,Pantai Depok Jogja,Bahari,Yogyakarta,10000,4.3,https://upload.wikimedia.org/wikipedia/commons/3/36/Jogja_bay_Volcano_Coaster.jpg,,
2,Lembang Park & Zoo,Cagar Alam,Bandung,50000,4.5,https://picsum.photos/seed/LembangPark&Zoo/400/250,-6.8054528,107.5913571
2,Hutan Wisata Tinjomoyo Semarang,Cagar Alam,Semarang,3000,4.3,https://upload.wikimedia.org/wikipedia/commons/thumb/a/a4/Indonesia_location_map.svg/langid-1280px-Indonesia_location_map.svg.png,-7.0280535,110.4008314
2,La Kana Chapel,Taman Hiburan,Semarang,35000,4.5,https://upload.wikimedia.org/wikipedia/commons/6/64/Houghton_Lowell_1238.5_%28A%29_-_Wuthering_Heights%2C_1847.jpg,,
4,Tugu Pal Putih Jogja,Taman Hiburan,Yogyakarta,0,4.7,https://upload.wikimedia.org/wikipedia/commons/1/1a/Yogyakarta_Indonesia_Tugu-Yogyakarta-01.jpg,-7.7829099,110.3670713
5,Sungai Palayangan,Cagar Alam,Bandung,150000,4.6,https://picsum.photos/seed/SungaiPalayangan/400/250,,
4,Monumen Selamat Datang,Budaya,Jakarta,0,4.7,https://upload.wikimedia.org/wikipedia/id/3/35/Monumen_Selamat_Datang_%28Maret_2025%29.jpg,-6.1949789,106.8230733
5,Babakan Siliwangi City Forest Path Bandung,Cagar Alam,Bandung,0,4.6,https://picsum.photos/seed/BabakanSiliwangiCityForestPathBandung/400/250,,
4,Pantai Baruna,Bahari,Semarang,3000,4.0,https://upload.wikimedia.org/wikipedia/commons/thumb/3/34/Pantai_Ngliyep_-_panoramio_%283%29.jpg/3840px-Pantai_Ngliyep_-_panoramio_%283%29.jpg,,
5,Taman Ayodya,Taman Hiburan,Jakarta,0,4.4,https://upload.wikimedia.org/wikipedia/commons/thumb/e/ef/Taman_Ayodya_Jakarta_202311_1.jpg/3840px-Taman_Ayodya_Jakarta_202311_1.jpg,-6.2451636,106.7946126
3,Ciputra Waterpark,Taman Hiburan,Surabaya,95000,4.3,https://picsum.photos/seed/CiputraWaterpark/400/250,-7.2843701,112.6325019
2,Museum De Javasche Bank,Budaya,Surabaya,5000,4.6,https://upload.wikimedia.org/wikipedia/commons/thumb/b/bf/Bank_Indonesia_Lama.jpg/3840px-Bank_Indonesia_Lama.jpg,-7.2352686,112.7367785
5,De Mata Museum Jogja,Budaya,Yogyakarta,50000,4.4,https://upload.wikimedia.org/wikipedia/commons/thumb/4/4d/Armada_4A_Trans_Jogja.jpg/3840px-Armada_4A_Trans_Jogja.jpg,,
2,Bandros City Tour,Budaya,Bandung,40000,4.4,https://upload.wikimedia.org/wikipedia/commons/2/2b/Perjalanan_Bus_Bandros.jpg,,
4,Monumen Kapal Selam,Budaya,Surabaya,15000,4.4,https://upload.wikimedia.org/wikipedia/commons/6/60/Submarine_Monument_Surabaya_2.JPG,-7.265434,112.7503063
2,Curug Cilengkrang,Cagar Alam,Bandung,7500,4.0,https://picsum.photos/seed/CurugCilengkrang/400/250,,
5,Obyek Wisata Goa Kreo,Cagar Alam,Semarang,5500,4.3,https://picsum.photos/seed/ObyekWisataGoaKreo/400/250,,
3,Taman Impian Jaya Ancol,Taman Hiburan,Jakarta,25000,4.5,https://upload.wikimedia.org/wikipedia/id/thumb/3/3e/Logo_Taman_Impian_Jaya_Ancol_%282022%29.svg/langid-960px-Logo_Taman_Impian_Jaya_Ancol_%282022%29.svg.png,-6.1215807,106.8371407
4,Amazing Art World,Budaya,Bandung,75000,4.5,https://upload.wikimedia.org/wikipedia/commons/thumb/5/5b/Steven_Spielberg_at_Berlinale_2023_Ausschnitt.jpg/3840px-Steven_Spielberg_at_Berlinale_2023_Ausschnitt.jpg,-6.8516724,107.5963601
5,Keraton Yogyakarta,Budaya,Yogyakarta,15000,4.6,https://upload.wikimedia.org/wikipedia/commons/thumb/8/83/Yogyakarta_Sultanate_Hamengkubhuwono_X_Emblem.svg/langid-500px-Yogyakarta_Sultanate_Hamengkubhuwono_X_Emblem.svg.png,-7.8075974,110.3638696
5,Kampung Cina,Budaya,Jakarta,15000,4.5,https://picsum.photos/seed/KampungCina/400/250,-6.2409538,106.8648299
2,Air Mancur Menari,Taman Hiburan,Surabaya,35000,4.4,https://picsum.photos/seed/AirMancurMenari/400/250,,
4,Upside Down World Bandung,Taman Hiburan,Bandung,100000,4.0,https://picsum.photos/seed/UpsideDownWorldBandung/400/250,,
3,Taman Lansia,Taman Hiburan,Bandung,0,4.4,https://picsum.photos/seed/TamanLansia/400/250,-6.8975989,107.6312048
3,Observatorium Bosscha,Cagar Alam,Bandung,25000,4.5,https://upload.wikimedia.org/wikipedia/commons/7/7f/Bosscha_001.JPG,-6.8244765,107.61602
2,De Mata Museum Jogja,Budaya,Yogyakarta,50000,4.4,https://upload.wikimedia.org/wikipedia/commons/thumb/4/4d/Armada_4A_Trans_Jogja.jpg/3840px-Armada_4A_Trans_Jogja.jpg,,
2,Taman Keputran,Taman Hiburan,Surabaya,0,4.3,https://upload.wikimedia.org/wikipedia/commons/thumb/8/83/Yogyakarta_Sultanate_Hamengkubhuwono_X_Emblem.svg/langid-500px-Yogyakarta_Sultanate_Hamengkubhuwono_X_Emblem.svg.png,-7.2732055,112.744145
3,Hutan Pinus Pengger,Taman Hiburan,Yogyakarta,3000,4.5,https://upload.wikimedia.org/wikipedia/commons/thumb/a/a0/Big_Stone_at_Hutan_Pinus_Pengger_Jogja.jpg/3840px-Big_Stone_at_Hutan_Pinus_Pengger_Jogja.jpg,,
3,Taman Begonia,Cagar Alam,Bandung,10000,4.4,https://upload.wikimedia.org/wikipedia/commons/thumb/4/41/DJI_0128_Bali_Botanic_Garden.jpg/3840px-DJI_0128_Bali_Botanic_Garden.jpg,,
5,Pantai Ria Kenjeran,Bahari,Surabaya,15000,4.2,https://upload.wikimedia.org/wikipedia/commons/8/8b/Locator_Kecamatan_Kenjeran_di_Kota_Surabaya.png,-7.2466208,112.8003445
5,Goa Pindul,Cagar Alam,Yogyakarta,40000,4.5,https://upload.wikimedia.org/wikipedia/commons/3/33/Pindul_Cave%2C_Indonesia.JPG,-7.9310483,110.6479201
3,Pantai Congot,Bahari,Yogyakarta,3000,4.3,https://upload.wikimedia.org/wikipedia/commons/a/a4/Kedung-pedut_3.jpg,,
5,Pantai Sedahan,Bahari,Yogyakarta,5000,4.5,https://upload.wikimedia.org/wikipedia/commons/thumb/2/22/Flora_Indonesia.jpg/3840px-Flora_Indonesia.jpg,-8.1976663,110.7208645
3,Ekowisata Mangrove Wonorejo,Cagar Alam,Surabaya,0,4.3,https://upload.wikimedia.org/wikipedia/commons/thumb/5/55/Bali_Barat_mangroves.jpg/3840px-Bali_Barat_mangroves.jpg,-7.3075505,112.823368
3,Umbul Sidomukti,Cagar Alam,Semarang,75000,4.6,https://upload.wikimedia.org/wikipedia/commons/6/63/Gunungungaran.jpg,-7.1941928,110.3738353
4,Curug Luhur Waterfall,Cagar Alam,Bandung,5000,4.2,https://upload.wikimedia.org/wikipedia/commons/5/52/Curug-ngumpet.jpg,,
3,Bunker Kaliadem Merapi,Cagar Alam,Yogyakarta,3000,4.5,https://picsum.photos/seed/BunkerKaliademMerapi/400/250,,
4,Pulau Pelangi,Bahari,Jakarta,900000,4.8,https://upload.wikimedia.org/wikipedia/id/1/17/Laskar_Pelangi_film.jpg,-5.5860482,106.5905858
3,Taman Tabanas,Taman Hiburan,Semarang,0,4.4,https://upload.wikimedia.org/wikipedia/commons/7/7b/Mascot_for_2024_Depok_mayoral_election.png,-7.038737,110.4211576
4,Masjid Istiqlal,Tempat Ibadah,Jakarta,0,4.7,https://upload.wikimedia.org/wikipedia/id/2/25/Masjid_Istiqlal_-_Panoramio.jpg,-6.1702395,106.8310056
5,Pemandian Air Panas Ciater,Cagar Alam,Bandung,15000,4.3,https://picsum.photos/seed/PemandianAirPanasCiater/400/250,,
4,Curug Cimahi,Cagar Alam,Bandung,15000,4.6,https://upload.wikimedia.org/wikipedia/commons/e/e5/COLLECTIE_TROPENMUSEUM_Waterval_in_de_omgeving_van_Tjisaroea_en_Tjimahi_TMnr_60050403.jpg,-6.7991735,107.5781113
4,Plaza Indonesia,Pusat Perbelanjaan,Jakarta,0,4.7,https://upload.wikimedia.org/wikipedia/commons/b/b7/Plaza_Indonesia_%282025%29.jpg,-6.19408,106.8218748
4,Kampoeng Rawa,Cagar Alam,Semarang,3000,4.5,https://upload.wikimedia.org/wikipedia/commons/e/e2/Rawa_Pening_Central_Java.jpg,,
2,Bumi Perkemahan Batu Kuda,Cagar Alam,Bandung,7500,4.5,https://upload.wikimedia.org/wikipedia/commons/0/00/Mont_Manglayang.jpg,,
4,Bukit Wisata Pulepayung,Cagar Alam,Yogyakarta,10000,4.5,https://picsum.photos/seed/BukitWisataPulepayung/400/250,-7.8003583,110.1239412
4,Pantai Baron,Bahari,Yogyakarta,10000,4.4,https://upload.wikimedia.org/wikipedia/commons/1/1d/Baron_Beach_Gunung_Kidul.jpg,-8.1289468,110.5491797
5,Kota Mini,Taman Hiburan,Bandung,20000,4.4,https://picsum.photos/seed/KotaMini/400/250,,
4,Kampung Wisata Rejowinangun,Budaya,Yogyakarta,0,4.3,https://upload.wikimedia.org/wikipedia/id/3/30/Kampung_Coklat_Blitar.jpg,,
5,Kyotoku Floating Market,Budaya,Bandung,175000,4.5,https://upload.wikimedia.org/wikipedia/id/e/e1/BEASTARS%2C_volume_1.jpg,,
5,Curug Dago,Cagar Alam,Bandung,12000,4.0,https://upload.wikimedia.org/wikipedia/commons/0/07/Taman_Hutan_Raya_IR_Djuanda.jpg,-6.8654924,107.6181817
3,Plaza Indonesia,Pusat Perbelanjaan,Jakarta,0,4.7,https://upload.wikimedia.org/wikipedia/commons/b/b7/Plaza_Indonesia_%282025%29.jpg,-6.19408,106.8218748
5,Museum Taman Prasasti,Budaya,Jakarta,2000,4.5,https://upload.wikimedia.org/wikipedia/commons/thumb/8/8d/Tombstones_taman_prasasti.jpg/3840px-Tombstones_taman_prasasti.jpg,-6.1723712,106.8195429
2,Waduk Jatibarang,Cagar Alam,Semarang,2500,4.3,https://upload.wikimedia.org/wikipedia/commons/thumb/a/a4/Indonesia_location_map.svg/langid-1280px-Indonesia_location_map.svg.png,-7.0420774,110.3458919
5,Puncak Kebun Buah Mangunan,Taman Hiburan,Yogyakarta,5000,4.6,https://upload.wikimedia.org/wikipedia/commons/d/d9/Puncak_Pinus_Becici.jpg,,
4,Taman Badak,Taman Hiburan,Bandung,0,4.5,https://upload.wikimedia.org/wikipedia/commons/b/b7/Rhino_collage.png,,
3,Curug Aseupan,Cagar Alam,Bandung,10000,4.7,https://upload.wikimedia.org/wikipedia/commons/8/84/Gunung_Aseupan_dilihat_dari_sisi_utara_tahun_2025_%28cropped%29.jpg,,
4,Gereja Katedral,Tempat Ibadah,Jakarta,0,4.8,https://upload.wikimedia.org/wikipedia/commons/e/e0/Jakarta_Indonesia_Jakarta-Cathedral-10.jpg,-6.1692046,106.8332373
3,Bukit Moko,Cagar Alam,Bandung,25000,4.5,https://upload.wikimedia.org/wikipedia/commons/2/2b/Tebing_Karaton_Bandung_Regency.jpg,-6.8580436,107.7113868
3,SnowBay Waterpark,Taman Hiburan,Jakarta,180000,4.3,https://picsum.photos/seed/SnowBayWaterpark/400/250,,
3,Istana Negara Republik Indonesia,Budaya,Jakarta,0,4.6,https://upload.wikimedia.org/wikipedia/commons/thumb/d/dd/Insignia_of_the_Indonesian_National_Police.svg/langid-960px-Insignia_of_the_Indonesian_National_Police.svg.png,,
5,Puncak Segoro,Cagar Alam,Yogyakarta,5000,4.2,https://upload.wikimedia.org/wikipedia/commons/0/0f/Bledug_Kuwu_2.jpg,,
4,Pantai Ancol,Bahari,Jakarta,25000,4.4,https://upload.wikimedia.org/wikipedia/id/thumb/3/3e/Logo_Taman_Impian_Jaya_Ancol_%282022%29.svg/langid-960px-Logo_Taman_Impian_Jaya_Ancol_%282022%29.svg.png,-6.1224326,106.8414099
4,De Mata Museum Jogja,Budaya,Yogyakarta,50000,4.4,https://upload.wikimedia.org/wikipedia/commons/thumb/4/4d/Armada_4A_Trans_Jogja.jpg/3840px-Armada_4A_Trans_Jogja.jpg,,
4,Museum Macan (Modern and Contemporary Art in Nusantara),Budaya,Jakarta,100000,4.5,https://upload.wikimedia.org/wikipedia/commons/thumb/6/61/Suduh_terbaik_di_Museum_Macan_Indonesia.jpg/3840px-Suduh_terbaik_di_Museum_Macan_Indonesia.jpg,,
4,Bangsal Pagelaran,Budaya,Yogyakarta,5000,4.6,https://upload.wikimedia.org/wikipedia/commons/thumb/8/83/Yogyakarta_Sultanate_Hamengkubhuwono_X_Emblem.svg/langid-500px-Yogyakarta_Sultanate_Hamengkubhuwono_X_Emblem.svg.png,-7.8053068,110.3642689
5,Glamping Lakeside Rancabali,Taman Hiburan,Bandung,30000,4.4,https://upload.wikimedia.org/wikipedia/commons/4/43/Junghuhn_See_Telaga_Patengan_auf_Java.jpg,,
5,Pasar Beringharjo,Pusat Perbelanjaan,Yogyakarta,0,4.5,https://upload.wikimedia.org/wikipedia/commons/thumb/d/d0/Bringharjo_Market_Yogyakarta_-_Pasar_Bringharjo_Jogja_%282025%29_-_img_06.jpg/3840px-Bringharjo_Market_Yogyakarta_-_Pasar_Bringharjo_Jogja_%282025%29_-_img_06.jpg,,
2,Wisata Alam Mangrove Angke,Cagar Alam,Jakarta,25000,4.3,https://upload.wikimedia.org/wikipedia/commons/6/6d/PIK_Centre.jpg,,
4,The Lost World Castle,Taman Hiburan,Yogyakarta,30000,4.3,https://upload.wikimedia.org/wikipedia/commons/thumb/e/e6/The_Lost_World_Castle.jpg/3840px-The_Lost_World_Castle.jpg,-7.6037962,110.4512542
2,Klenteng Jin De Yuan,Tempat Ibadah,Jakarta,0,4.5,https://upload.wikimedia.org/wikipedia/commons/f/f5/Klenteng_Jin_De_Yuan%2C_Glodok%2C_Jakarta.jpg,,
5,Taman Budaya Jawa Barat,Budaya,Bandung,0,4.3,https://upload.wikimedia.org/wikipedia/id/0/0a/Patung_Wisnu_di_GWK.jpeg,-6.869945,107.6196998
4,Candi Sewu,Budaya,Yogyakarta,50000,4.6,https://upload.wikimedia.org/wikipedia/commons/thumb/2/26/Candi_Sewu_viewed_from_the_south%2C_23_November_2013.jpg/3840px-Candi_Sewu_viewed_from_the_south%2C_23_November_2013.jpg,,
2,Tugu Pal Putih Jogja,Taman Hiburan,Yogyakarta,0,4.7,https://upload.wikimedia.org/wikipedia/commons/1/1a/Yogyakarta_Indonesia_Tugu-Yogyakarta-01.jpg,-7.7829099,110.3670713
5,Gunung Manglayang,Cagar Alam,Bandung,7500,4.5,https://upload.wikimedia.org/wikipedia/commons/0/00/Mont_Manglayang.jpg,-6.8810787,107.7357178
5,Museum Mpu Tantular,Budaya,Surabaya,2000,4.4,https://upload.wikimedia.org/wikipedia/commons/thumb/5/5d/Mpu_Tantular_Museum.jpg/3840px-Mpu_Tantular_Museum.jpg,,
1,Pantai Jungwok,Bahari,Yogyakarta,5000,4.6,https://upload.wikimedia.org/wikipedia/commons/1/15/Pantai_Jungwook.jpg,-8.1980959,110.7120018
2,Puncak Kebun Buah Mangunan,Taman Hiburan,Yogyakarta,5000,4.6,https://upload.wikimedia.org/wikipedia/commons/d/d9/Puncak_Pinus_Becici.jpg,,
1,La Kana Chapel,Taman Hiburan,Semarang,35000,4.5,https://upload.wikimedia.org/wikipedia/commons/6/64/Houghton_Lowell_1238.5_%28A%29_-_Wuthering_Heights%2C_1847.jpg,,
2,Kampung Wisata Rejowinangun,Budaya,Yogyakarta,0,4.3,https://upload.wikimedia.org/wikipedia/id/3/30/Kampung_Coklat_Blitar.jpg,,
5,Ocean Ecopark,Taman Hiburan,Jakarta,180000,4.0,https://upload.wikimedia.org/wikipedia/id/thumb/3/3e/Logo_Taman_Impian_Jaya_Ancol_%282022%29.svg/langid-960px-Logo_Taman_Impian_Jaya_Ancol_%282022%29.svg.png,,
1,Museum Taman Prasasti,Budaya,Jakarta,2000,4.5,https://upload.wikimedia.org/wikipedia/commons/thumb/8/8d/Tombstones_taman_prasasti.jpg/3840px-Tombstones_taman_prasasti.jpg,-6.1723712,106.8195429
3,Kampoeng Djadhoel Semarang,Budaya,Semarang,10000,4.7,https://picsum.photos/seed/KampoengDjadhoelSemarang/400/250,,
1,Kawah Putih,Cagar Alam,Bandung,81000,4.5,https://upload.wikimedia.org/wikipedia/commons/thumb/3/35/Kawah_Putih_Lake_from_the_viewing_platform%2C_Bandung_Regency%2C_2014-08-21.jpg/3840px-Kawah_Putih_Lake_from_the_viewing_platform%2C_Bandung_Regency%2C_2014-08-21.jpg,-7.1661181,107.4022669
1,The World Landmarks - Merapi Park Yogyakarta,Taman Hiburan,Yogyakarta,22000,4.2,https://upload.wikimedia.org/wikipedia/commons/thumb/c/c7/Merapi_Park.jpg/3840px-Merapi_Park.jpg,,
1,Grojogan Watu Purbo Bangunrejo,Taman Hiburan,Yogyakarta,10000,4.5,https://picsum.photos/seed/GrojoganWatuPurboBangunrejo/400/250,,
3,Tafso Barn,Cagar Alam,Bandung,0,4.2,https://picsum.photos/seed/TafsoBarn/400/250,,
2,Dusun Bambu,Taman Hiburan,Bandung,25000,4.5,https://upload.wikimedia.org/wikipedia/commons/thumb/4/43/Desa_Sade%2C_Lombok.jpg/3840px-Desa_Sade%2C_Lombok.jpg,-6.7899841,107.5786457
3,Pesona Nirwana Waterpark & Cottages,Taman Hiburan,Bandung,50000,4.1,https://picsum.photos/seed/PesonaNirwanaWaterpark&Cottages/400/250,,
1,Wisata Kuliner Pecenongan,Pusat Perbelanjaan,Jakarta,0,5.0,https://picsum.photos/seed/WisataKulinerPecenongan/400/250,,
1,Sumur Gumuling,Taman Hiburan,Yogyakarta,7000,4.5,https://upload.wikimedia.org/wikipedia/commons/4/42/COLLECTIE_TROPENMUSEUM_Gebedsruimte_in_Taman_Sari_het_waterkasteel_van_de_Sultan_van_Yogyakarta_TMnr_10016553.jpg,-7.808775,110.3591432
4,Gereja Katedral Santo Petrus Bandung,Tempat Ibadah,Bandung,0,4.8,https://upload.wikimedia.org/wikipedia/commons/e/e5/Tampak_Depan_Gereja_Katedral_Bandung.png,-6.9148386,107.6106794
1,Museum Perangko,Budaya,Jakarta,5000,4.4,https://upload.wikimedia.org/wikipedia/commons/thumb/9/90/National_emblem_of_Indonesia_Garuda_Pancasila.svg/langid-960px-National_emblem_of_Indonesia_Garuda_Pancasila.svg.png,-6.3041701,106.9017984
4,Pemandian Air Panas Cimanggu,Cagar Alam,Bandung,23000,3.9,https://picsum.photos/seed/PemandianAirPanasCimanggu/400/250,,
1,Freedom Library,Budaya,Jakarta,0,5.0,https://upload.wikimedia.org/wikipedia/commons/4/43/PresMedalFreedom.jpg,-6.212961,106.8298858
3,Museum Joang 45,Budaya,Jakarta,2000,4.0,https://upload.wikimedia.org/wikipedia/commons/d/d0/Gedung_Joang_45.jpg,-6.1862362,106.8366544
5,Bunker Kaliadem Merapi,Cagar Alam,Yogyakarta,3000,4.5,https://picsum.photos/seed/BunkerKaliademMerapi/400/250,,
5,Tafso Barn,Cagar Alam,Bandung,0,4.2,https://picsum.photos/seed/TafsoBarn/400/250,,
5,Lawangwangi Creative Space,Taman Hiburan,Bandung,0,4.4,https://picsum.photos/seed/LawangwangiCreativeSpace/400/250,-6.8476429,107.6275129
1,Tebing Karaton,Cagar Alam,Bandung,15000,4.5,https://upload.wikimedia.org/wikipedia/id/9/9d/20140730_tebing_keraton.jpg,,
4,Bukit Bintang,Cagar Alam,Bandung,25000,4.6,https://upload.wikimedia.org/wikipedia/commons/e/e7/Bukit_bintang_from_kl_monorail_2009.jpg,,
1,Istana Negara Republik Indonesia,Budaya,Jakarta,0,4.6,https://upload.wikimedia.org/wikipedia/commons/thumb/d/dd/Insignia_of_the_Indonesian_National_Police.svg/langid-960px-Insignia_of_the_Indonesian_National_Police.svg.png,,
1,Dago Dreampark,Taman Hiburan,Bandung,40000,4.2,https://picsum.photos/seed/DagoDreampark/400/250,-6.8476037,107.6254233
1,Saung Angklung Mang Udjo,Budaya,Bandung,75000,4.7,https://upload.wikimedia.org/wikipedia/commons/e/e0/Saung_Angklung_Udjo.JPG,,
2,Surabaya Museum (Gedung Siola),Budaya,Surabaya,0,4.5,https://upload.wikimedia.org/wikipedia/commons/thumb/2/21/Tunjungan_Siola_di_2022.jpg/3840px-Tunjungan_Siola_di_2022.jpg,,
4,Kenjeran Park,Taman Hiburan,Surabaya,35000,4.2,https://upload.wikimedia.org/wikipedia/commons/thumb/a/ac/Unit_Trans_Semanggi_Suroboyo_K3L_di_Kenpark_%28Desember_2022%29.jpg/3840px-Unit_Trans_Semanggi_Suroboyo_K3L_di_Kenpark_%28Desember_2022%29.jpg,-7.2498534,112.8001912
1,Kampoeng Djadhoel Semarang,Budaya,Semarang,10000,4.7,https://picsum.photos/seed/KampoengDjadhoelSemarang/400/250,,
1,Curug Bugbrug,Cagar Alam,Bandung,7500,4.3,https://upload.wikimedia.org/wikipedia/commons/thumb/7/7c/Curug_Bugbrug.jpg/3840px-Curug_Bugbrug.jpg,-6.7975673,107.5783554
1,Babakan Siliwangi City Forest Path Bandung,Cagar Alam,Bandung,0,4.6,https://picsum.photos/seed/BabakanSiliwangiCityForestPathBandung/400/250,,
1,Kampoeng Rawa,Cagar Alam,Semarang,3000,4.5,https://upload.wikimedia.org/wikipedia/commons/e/e2/Rawa_Pening_Central_Java.jpg,,
3,Pasar Petak Sembilan,Pusat Perbelanjaan,Jakarta,0,4.4,https://upload.wikimedia.org/wikipedia/commons/2/23/StasiunSurabayaPasarturi.jpg,,
4,Setu Babakan,Budaya,Jakarta,0,4.4,https://upload.wikimedia.org/wikipedia/commons/thumb/2/25/Setu_Babakan.jpg/3840px-Setu_Babakan.jpg,-6.3419991,106.8203244
4,Observatorium Bosscha,Cagar Alam,Bandung,25000,4.5,https://upload.wikimedia.org/wikipedia/commons/7/7f/Bosscha_001.JPG,-6.8244765,107.61602
1,Taman Keputran,Taman Hiburan,Surabaya,0,4.3,https://upload.wikimedia.org/wikipedia/commons/thumb/8/83/Yogyakarta_Sultanate_Hamengkubhuwono_X_Emblem.svg/langid-500px-Yogyakarta_Sultanate_Hamengkubhuwono_X_Emblem.svg.png,-7.2732055,112.744145
5,Candi Ratu Boko,Budaya,Yogyakarta,75000,4.6,https://upload.wikimedia.org/wikipedia/commons/thumb/7/77/Kraton_Ratu_Boko_%28Ratu_Boko_Temple%29_in_Yogyakarta%2C_Indonesia_03.jpg/3840px-Kraton_Ratu_Boko_%28Ratu_Boko_Temple%29_in_Yogyakarta%2C_Indonesia_03.jpg,-7.7779947,110.4940445
1,Blue Lagoon Jogja,Taman Hiburan,Yogyakarta,10000,4.3,https://picsum.photos/seed/BlueLagoonJogja/400/250,,
1,Situ Patenggang,Cagar Alam,Bandung,20000,4.5,https://upload.wikimedia.org/wikipedia/commons/4/43/Junghuhn_See_Telaga_Patengan_auf_Java.jpg,-7.1652597,107.3697821
5,Wisata Mangrove Tapak,Cagar Alam,Semarang,5000,4.3,https://upload.wikimedia.org/wikipedia/commons/thumb/5/55/Bali_Barat_mangroves.jpg/3840px-Bali_Barat_mangroves.jpg,,
5,Sam Poo Kong Temple,Budaya,Semarang,35000,4.5,https://upload.wikimedia.org/wikipedia/commons/8/81/Sam_Po_Kong_Temple_Semarang_Indonesia.jpg,,
4,Water Park Bandung Indah,Taman Hiburan,Bandung,50000,4.0,https://upload.wikimedia.org/wikipedia/id/a/a0/OPI_Mall_logo.png,,
1,Perkebunan Teh Malabar,Cagar Alam,Bandung,5000,4.4,https://upload.wikimedia.org/wikipedia/commons/thumb/d/d0/Gunung_Malabar.jpg/3840px-Gunung_Malabar.jpg,,
1,Kampung Wisata Taman Sari,Taman Hiburan,Yogyakarta,5000,4.6,https://upload.wikimedia.org/wikipedia/commons/thumb/0/07/Indonesia_-_Java_-_Yogyakarta_-_Taman_Sari.jpg/3840px-Indonesia_-_Java_-_Yogyakarta_-_Taman_Sari.jpg,,
1,Rumah Sipitung,Budaya,Jakarta,5000,4.5,https://picsum.photos/seed/RumahSipitung/400/250,,
2,Gunung Papandayan,Cagar Alam,Bandung,30000,4.6,https://upload.wikimedia.org/wikipedia/commons/5/50/Indonesia_-_papandayan_4.jpg,-7.2928617,107.6766487
1,Jembatan Pasupati,Taman Hiburan,Bandung,0,4.6,https://upload.wikimedia.org/wikipedia/commons/6/67/Bandung_Pasupati_Skyline.jpg,-6.8991314,107.6067077
3,Kampung Batik Gedong Semarang,Budaya,Semarang,0,4.4,https://upload.wikimedia.org/wikipedia/commons/thumb/5/53/Borobudur%2C_Java%2C_Indonesia%2C_20220817_1016_8757.jpg/3840px-Borobudur%2C_Java%2C_Indonesia%2C_20220817_1016_8757.jpg,-6.968264,110.431876
4,Pantai Ria Kenjeran,Bahari,Surabaya,15000,4.2,https://upload.wikimedia.org/wikipedia/commons/8/8b/Locator_Kecamatan_Kenjeran_di_Kota_Surabaya.png,-7.2466208,112.8003445
2,Kawah Putih,Cagar Alam,Bandung,81000,4.5,https://upload.wikimedia.org/wikipedia/commons/thumb/3/35/Kawah_Putih_Lake_from_the_viewing_platform%2C_Bandung_Regency%2C_2014-08-21.jpg/3840px-Kawah_Putih_Lake_from_the_viewing_platform%2C_Bandung_Regency%2C_2014-08-21.jpg,-7.1661181,107.4022669
4,Mall Thamrin City,Pusat Perbelanjaan,Jakarta,0,4.4,https://upload.wikimedia.org/wikipedia/commons/thumb/2/25/Interior_Thamrin_City%2C_2025.jpg/1920px-Interior_Thamrin_City%2C_2025.jpg,-6.1944082,106.8145468
1,Pantai Drini,Bahari,Yogyakarta,10000,4.5,https://upload.wikimedia.org/wikipedia/commons/thumb/5/52/Pantai_Drini_Top_View.jpg/3840px-Pantai_Drini_Top_View.jpg,-8.1380974,110.5783985
5,Hutan Pinus Pengger,Taman Hiburan,Yogyakarta,3000,4.5,https://upload.wikimedia.org/wikipedia/commons/thumb/a/a0/Big_Stone_at_Hutan_Pinus_Pengger_Jogja.jpg/3840px-Big_Stone_at_Hutan_Pinus_Pengger_Jogja.jpg,,
2,Pantai Timang,Bahari,Yogyakarta,10000,4.7,https://upload.wikimedia.org/wikipedia/commons/thumb/f/f2/Gondala_pantai_Timang_-_Gunung_Kidul%2C_DIY.jpg/3840px-Gondala_pantai_Timang_-_Gunung_Kidul%2C_DIY.jpg,-8.1756475,110.6632846
2,Kota Lama Semarang,Budaya,Semarang,0,4.7,https://upload.wikimedia.org/wikipedia/commons/thumb/7/7e/Lawang_Sewu_in_Semarang_City.jpg/3840px-Lawang_Sewu_in_Semarang_City.jpg,-6.96723,110.4268983
2,Pulau Semak Daun,Bahari,Jakarta,40000,4.0,https://upload.wikimedia.org/wikipedia/commons/5/5f/Snorkeling.jpg,,
1,Heha Sky View,Taman Hiburan,Yogyakarta,15000,4.4,https://picsum.photos/seed/HehaSkyView/400/250,-7.8491296,110.4782259
2,Candi Borobudur,Budaya,Yogyakarta,50000,4.7,https://upload.wikimedia.org/wikipedia/commons/thumb/2/25/Pradaksina.jpg/3840px-Pradaksina.jpg,,
2,Waterpark Kenjeran Surabaya,Taman Hiburan,Surabaya,35000,4.1,https://upload.wikimedia.org/wikipedia/commons/thumb/7/7a/Visual_K2_Trans_Jatim_Tribhuwana.jpg/3840px-Visual_K2_Trans_Jatim_Tribhuwana.jpg,,
3,Wisata Agro Edukatif Istana Susu Cibugary,Taman Hiburan,Jakarta,35000,4.5,https://picsum.photos/seed/WisataAgroEdukatifIstanaSusuCibugary/400/250,,
2,Curug Luhur Waterfall,Cagar Alam,Bandung,5000,4.2,https://upload.wikimedia.org/wikipedia/commons/5/52/Curug-ngumpet.jpg,,
2,Grand Indonesia Mall,Pusat Perbelanjaan,Jakarta,0,4.7,https://upload.wikimedia.org/wikipedia/commons/b/b4/Inside_of_Grand_Indonesia.jpg,-6.1957601,106.8214547
1,Monumen Serangan Umum 1 Maret,Taman Hiburan,Yogyakarta,3000,4.6,https://upload.wikimedia.org/wikipedia/commons/c/cf/Munumen_Serangan_Umum_1_Maret_1949.jpg,,
1,Farm House Susu Lembang,Taman Hiburan,Bandung,30000,4.4,https://upload.wikimedia.org/wikipedia/commons/thumb/a/a9/Gunung_Batu.jpg/3840px-Gunung_Batu.jpg,,
2,Curug Aseupan,Cagar Alam,Bandung,10000,4.7,https://upload.wikimedia.org/wikipedia/commons/8/84/Gunung_Aseupan_dilihat_dari_sisi_utara_tahun_2025_%28cropped%29.jpg,,
1,Kidzania,Taman Hiburan,Jakarta,185000,4.6,https://picsum.photos/seed/Kidzania/400/250,-6.2243598,106.8095186
5,Wisata Alam Wana Wisata Penggaron,Cagar Alam,Semarang,10000,4.1,https://picsum.photos/seed/WisataAlamWanaWisataPenggaron/400/250,,
1,Jembatan Kota Intan,Budaya,Jakarta,0,4.3,https://upload.wikimedia.org/wikipedia/commons/5/5b/COLLECTIE_TROPENMUSEUM_Dubbele_ophaalbrug_%28Hoenderpasarbrug%29_Batavia_TMnr_10014923.jpg,-6.1312459,106.8105591
5,Sudut Pandang Bandung,Taman Hiburan,Bandung,50000,4.6,https://upload.wikimedia.org/wikipedia/id/f/f7/Suara_dari_Dilan.jpg,,
4,Bunker Kaliadem Merapi,Cagar Alam,Yogyakarta,3000,4.5,https://picsum.photos/seed/BunkerKaliademMerapi/400/250,,
3,Pasar Kebon Empring Bintaran,Pusat Perbelanjaan,Yogyakarta,0,4.4,https://picsum.photos/seed/PasarKebonEmpringBintaran/400/250,,
2,Taman Begonia,Cagar Alam,Bandung,10000,4.4,https://upload.wikimedia.org/wikipedia/commons/thumb/4/41/DJI_0128_Bali_Botanic_Garden.jpg/3840px-DJI_0128_Bali_Botanic_Garden.jpg,,
3,Dusun Bambu,Taman Hiburan,Bandung,25000,4.5,https://upload.wikimedia.org/wikipedia/commons/thumb/4/43/Desa_Sade%2C_Lombok.jpg/3840px-Desa_Sade%2C_Lombok.jpg,-6.7899841,107.5786457
1,Gembira Loka Zoo,Cagar Alam,Yogyakarta,60000,4.5,https://upload.wikimedia.org/wikipedia/commons/thumb/3/3c/Gembira_Loka_Zoo_in_Yogyakarta.jpg/3840px-Gembira_Loka_Zoo_in_Yogyakarta.jpg,-7.8055165,110.3970178
4,Goa Cerme,Cagar Alam,Yogyakarta,3000,4.4,https://picsum.photos/seed/GoaCerme/400/250,-7.9846382,110.3773506
5,Museum Perangko,Budaya,Jakarta,5000,4.4,https://upload.wikimedia.org/wikipedia/commons/thumb/9/90/National_emblem_of_Indonesia_Garuda_Pancasila.svg/langid-960px-National_emblem_of_Indonesia_Garuda_Pancasila.svg.png,-6.3041701,106.9017984
3,Taman Suropati,Taman Hiburan,Jakarta,0,4.6,https://upload.wikimedia.org/wikipedia/commons/d/da/Taman_Suropati_%281%29.jpg,-6.1994133,106.8326256
1,Bandros City Tour,Budaya,Bandung,40000,4.4,https://upload.wikimedia.org/wikipedia/commons/2/2b/Perjalanan_Bus_Bandros.jpg,,
1,Goa Jomblang,Cagar Alam,Yogyakarta,500000,4.6,https://upload.wikimedia.org/wikipedia/commons/thumb/4/47/Jomblang_Cave_-_Indonesia_04.jpg/3840px-Jomblang_Cave_-_Indonesia_04.jpg,-8.0286285,110.6382419
4,Taman Jomblo,Taman Hiburan,Bandung,10000,4.1,https://picsum.photos/seed/TamanJomblo/400/250,-6.8981221,107.6092198
3,Watu Gunung Ungaran,Cagar Alam,Semarang,25000,4.4,https://upload.wikimedia.org/wikipedia/commons/7/7d/Mount_Bromo_at_sunrise%2C_showing_its_volcanoes_and_Mount_Semeru_%28background%29.jpg,,
5,Watu Gunung Ungaran,Cagar Alam,Semarang,25000,4.4,https://upload.wikimedia.org/wikipedia/commons/7/7d/Mount_Bromo_at_sunrise%2C_showing_its_volcanoes_and_Mount_Semeru_%28background%29.jpg,,
2,Taman Flora Bratang Surabaya,Taman Hiburan,Surabaya,0,4.6,https://upload.wikimedia.org/wikipedia/commons/thumb/6/6d/01_Papan_Nama_Terminal_Bratang.jpg/3840px-01_Papan_Nama_Terminal_Bratang.jpg,,
1,Gereja Tiberias Indonesia Bandung,Tempat Ibadah,Bandung,0,4.9,https://upload.wikimedia.org/wikipedia/commons/6/6c/Gereja_Tiberias_Indonesia_Boulevard_Utara_Jakarta.jpg,,
2,Bukit Gantole Cililin,Cagar Alam,Bandung,0,4.4,https://picsum.photos/seed/BukitGantoleCililin/400/250,,
4,Peta Park,Taman Hiburan,Bandung,15000,4.3,https://upload.wikimedia.org/wikipedia/commons/thumb/d/d8/Linkin_Park_-_From_Zero_Lead_Press_Photo_-_James_Minchin_III.jpg/3840px-Linkin_Park_-_From_Zero_Lead_Press_Photo_-_James_Minchin_III.jpg,-6.9317342,107.5883194
5,Perpustakaan Nasional,Budaya,Jakarta,0,4.7,https://upload.wikimedia.org/wikipedia/commons/thumb/e/e2/LOGO-PERPUSNAS.svg/langid-1920px-LOGO-PERPUSNAS.svg.png,-6.1806956,106.8264664
5,Taman Situ Lembang,Taman Hiburan,Jakarta,0,4.5,https://upload.wikimedia.org/wikipedia/commons/3/34/Taman_Situ_Lembang.jpg,-6.1978547,106.8342762
5,Ciwangun Indah Camp Official,Cagar Alam,Bandung,10000,4.3,https://picsum.photos/seed/CiwangunIndahCampOfficial/400/250,,
1,GPIB Immanuel Semarang (Gereja Blenduk),Tempat Ibadah,Semarang,0,4.6,https://upload.wikimedia.org/wikipedia/commons/thumb/6/6e/Exterior_of_Blenduk_Church%2C_Semarang%2C_2014-06-18.jpg/3840px-Exterior_of_Blenduk_Church%2C_Semarang%2C_2014-06-18.jpg,,
4,Glamping Lakeside Rancabali,Taman Hiburan,Bandung,30000,4.4,https://upload.wikimedia.org/wikipedia/commons/4/43/Junghuhn_See_Telaga_Patengan_auf_Java.jpg,,
4,Kebun Binatang Bandung,Cagar Alam,Bandung,20000,4.0,https://upload.wikimedia.org/wikipedia/commons/0/0f/Bandung_Zoo_main_gate.JPG,-6.8911349,107.6069218
1,Taman Pintar Yogyakarta,Taman Hiburan,Yogyakarta,6000,4.5,https://upload.wikimedia.org/wikipedia/commons/f/fb/Taman_Pintar_Yogyakarta.jpg,-7.8010497,110.3676457
1,Klenteng Sanggar Agung,Budaya,Surabaya,10000,4.5,https://upload.wikimedia.org/wikipedia/commons/1/10/Giant_She_Mien_Fo_Statue_at_Sanggar_Agung_Temple%2C_Surabaya%2C_Indonesia.jpg,-7.2472279,112.8023036
5,Grand Indonesia Mall,Pusat Perbelanjaan,Jakarta,0,4.7,https://upload.wikimedia.org/wikipedia/commons/b/b4/Inside_of_Grand_Indonesia.jpg,-6.1957601,106.8214547
1,Pulau Pramuka,Bahari,Jakarta,5000,4.2,https://upload.wikimedia.org/wikipedia/commons/7/74/Dermaga_Pulau_Pramuka.jpg,-5.7457903,106.6137136
4,Pantai Ngandong,Bahari,Yogyakarta,10000,4.5,https://upload.wikimedia.org/wikipedia/commons/b/b3/Dusk_till_dawn_%28cropped%29.jpg,-8.1465322,110.6054994
4,Taman Sejarah Bandung,Budaya,Bandung,0,4.6,https://upload.wikimedia.org/wikipedia/commons/thumb/f/ff/Taman_Balai_Kota_Bandung.jpg/3840px-Taman_Balai_Kota_Bandung.jpg,-6.910367,107.6103563
4,Taman Ismail Marzuki,Budaya,Jakarta,5000,4.6,https://upload.wikimedia.org/wikipedia/commons/thumb/d/d3/Plaza_Taman_Ismail_Marzuki.jpg/3840px-Plaza_Taman_Ismail_Marzuki.jpg,-6.189155,106.8398854
2,Roemah Seni Sarasvati,Budaya,Bandung,0,4.4,https://picsum.photos/seed/RoemahSeniSarasvati/400/250,,
5,Jakarta Aquarium dan Safari,Taman Hiburan,Jakarta,185000,4.6,https://upload.wikimedia.org/wikipedia/commons/thumb/6/67/Tanjung_Duren_Transjakarta_BRT_Station_towards_Pluit%2C_2023.jpg/3840px-Tanjung_Duren_Transjakarta_BRT_Station_towards_Pluit%2C_2023.jpg,,
2,Taman Lalu Lintas Ade Irma Suryani Nasution,Taman Hiburan,Bandung,7000,4.4,https://upload.wikimedia.org/wikipedia/commons/e/e1/Lokomotif_Bima_Kunting_1_di_Taman_Lalu_Lintas_Bandung_2018.png,,
5,Tebing Karaton,Cagar Alam,Bandung,15000,4.5,https://upload.wikimedia.org/wikipedia/id/9/9d/20140730_tebing_keraton.jpg,,
2,Museum Nike Ardilla,Budaya,Bandung,0,4.6,https://upload.wikimedia.org/wikipedia/id/e/e9/Nike_Ardilla.jpg,-6.9405148,107.6725146
5,Kawasan Wisata Sosrowijayan,Pusat Perbelanjaan,Yogyakarta,0,4.0,https://picsum.photos/seed/KawasanWisataSosrowijayan/400/250,,
1,Watu Mabur Mangunan,Cagar Alam,Yogyakarta,2500,4.5,https://upload.wikimedia.org/wikipedia/commons/thumb/d/d8/Pandansimo_Bridge_view_toward_Bantul.jpg/3840px-Pandansimo_Bridge_view_toward_Bantul.jpg,,
1,Semarang Chinatown,Budaya,Semarang,30000,4.5,https://upload.wikimedia.org/wikipedia/id/5/5d/Gedung_Depan_SMP_PL_Domenico_Savio.jpg,-6.9748863,110.4251185
3,Heha Sky View,Taman Hiburan,Yogyakarta,15000,4.4,https://picsum.photos/seed/HehaSkyView/400/250,-7.8491296,110.4782259
2,The Escape Hunt,Taman Hiburan,Jakarta,70000,4.4,https://upload.wikimedia.org/wikipedia/commons/d/db/Kurt_Russell_by_Gage_Skidmore_2.jpg,,
1,Taman Lapangan Banteng,Taman Hiburan,Jakarta,0,4.7,https://upload.wikimedia.org/wikipedia/commons/thumb/d/d4/Central_Jakarta_-_Lapangan_Banteng_%282025%29_-_img_01.jpg/3840px-Central_Jakarta_-_Lapangan_Banteng_%282025%29_-_img_01.jpg,-6.1702606,106.8349122
4,Museum Basoeki Abdullah,Budaya,Jakarta,1000,4.6,https://upload.wikimedia.org/wikipedia/id/0/04/Basuki_abdullah.jpeg,,
1,Museum Nike Ardilla,Budaya,Bandung,0,4.6,https://upload.wikimedia.org/wikipedia/id/e/e9/Nike_Ardilla.jpg,-6.9405148,107.6725146
5,Taman Ismail Marzuki,Budaya,Jakarta,5000,4.6,https://upload.wikimedia.org/wikipedia/commons/thumb/d/d3/Plaza_Taman_Ismail_Marzuki.jpg/3840px-Plaza_Taman_Ismail_Marzuki.jpg,-6.189155,106.8398854
1,Monumen Batik Yogyakarta,Budaya,Yogyakarta,40000,4.5,https://upload.wikimedia.org/wikipedia/id/4/4a/Monumen_Yogya_Kembali.JPG,,
1,Gereja Katedral,Tempat Ibadah,Jakarta,0,4.8,https://upload.wikimedia.org/wikipedia/commons/e/e0/Jakarta_Indonesia_Jakarta-Cathedral-10.jpg,-6.1692046,106.8332373
1,Candi Sewu,Budaya,Yogyakarta,50000,4.6,https://upload.wikimedia.org/wikipedia/commons/thumb/2/26/Candi_Sewu_viewed_from_the_south%2C_23_November_2013.jpg/3840px-Candi_Sewu_viewed_from_the_south%2C_23_November_2013.jpg,,
3,Masjid Agung Trans Studio Bandung,Tempat Ibadah,Bandung,0,4.8,https://picsum.photos/seed/MasjidAgungTransStudioBandung/400/250,-6.9259196,107.635428
4,Pantai Nguluran,Bahari,Yogyakarta,10000,4.1,https://upload.wikimedia.org/wikipedia/commons/thumb/2/22/Flora_Indonesia.jpg/3840px-Flora_Indonesia.jpg,,
1,Museum Sepuluh Nopember Kota Surabaya,Budaya,Surabaya,5000,4.7,https://picsum.photos/seed/MuseumSepuluhNopemberKotaSurabaya/400/250,-7.2454453,112.7378996
3,Jakarta Planetarium,Taman Hiburan,Jakarta,12000,4.1,https://upload.wikimedia.org/wikipedia/commons/8/81/Planetarium_dan_Observatorium_Jakarta_%28Januari_2025%29.jpg,-6.1901222,106.8391385
3,Museum De Javasche Bank,Budaya,Surabaya,5000,4.6,https://upload.wikimedia.org/wikipedia/commons/thumb/b/bf/Bank_Indonesia_Lama.jpg/3840px-Bank_Indonesia_Lama.jpg,-7.2352686,112.7367785
1,Masjid Pusdai,Tempat Ibadah,Bandung,0,4.7,https://upload.wikimedia.org/wikipedia/commons/thumb/f/ff/Two_Trans_Metro_Bandung%27s_Nucleus_Bus_at_Cicaheum.jpg/3840px-Two_Trans_Metro_Bandung%27s_Nucleus_Bus_at_Cicaheum.jpg,-6.9001383,107.6262202
3,Jembatan Kota Intan,Budaya,Jakarta,0,4.3,https://upload.wikimedia.org/wikipedia/commons/5/5b/COLLECTIE_TROPENMUSEUM_Dubbele_ophaalbrug_%28Hoenderpasarbrug%29_Batavia_TMnr_10014923.jpg,-6.1312459,106.8105591
1,Museum Tengah Kebun,Budaya,Jakarta,0,4.6,https://upload.wikimedia.org/wikipedia/commons/b/b8/Museum_kebun_01.jpg,-6.2676523,106.8246369
5,Curug Batu Templek,Cagar Alam,Bandung,5000,4.1,https://picsum.photos/seed/CurugBatuTemplek/400/250,,
5,Rumah Batik,Budaya,Surabaya,0,4.5,https://upload.wikimedia.org/wikipedia/commons/thumb/8/8c/Papan_Nama_Rumah_Batik_Maranatha_Ong%27s_Art.jpg/3840px-Papan_Nama_Rumah_Batik_Maranatha_Ong%27s_Art.jpg,,
5,Pantai Samas,Bahari,Yogyakarta,4000,4.0,https://upload.wikimedia.org/wikipedia/commons/0/01/Pertunjukan_Jathilan.jpg,-8.0053279,110.2657797
4,Bukit Moko,Cagar Alam,Bandung,25000,4.5,https://upload.wikimedia.org/wikipedia/commons/2/2b/Tebing_Karaton_Bandung_Regency.jpg,-6.8580436,107.7113868
2,Kawasan Wisata Sosrowijayan,Pusat Perbelanjaan,Yogyakarta,0,4.0,https://picsum.photos/seed/KawasanWisataSosrowijayan/400/250,,
2,Sudut Pandang Bandung,Taman Hiburan,Bandung,50000,4.6,https://upload.wikimedia.org/wikipedia/id/f/f7/Suara_dari_Dilan.jpg,,
2,Monumen Palagan Ambarawa,Budaya,Semarang,7500,4.4,https://upload.wikimedia.org/wikipedia/commons/5/58/The_British_Occupation_of_Java_SE5896.jpg,-7.2598545,110.4024282
5,Curug Malela,Cagar Alam,Bandung,10000,4.4,https://upload.wikimedia.org/wikipedia/commons/7/7f/Bosscha_001.JPG,-7.0115741,107.2056616
1,Wisata Kraton Jogja,Budaya,Yogyakarta,7000,4.7,https://upload.wikimedia.org/wikipedia/commons/thumb/8/83/Yogyakarta_Sultanate_Hamengkubhuwono_X_Emblem.svg/langid-500px-Yogyakarta_Sultanate_Hamengkubhuwono_X_Emblem.svg.png,-7.8055992,110.3635944
1,Wisata Kampung Krisan Clapar,Taman Hiburan,Semarang,10000,4.1,https://picsum.photos/seed/WisataKampungKrisanClapar/400/250,,
3,Hutan Pinus Asri,Cagar Alam,Yogyakarta,2500,4.5,https://upload.wikimedia.org/wikipedia/commons/thumb/a/a0/Big_Stone_at_Hutan_Pinus_Pengger_Jogja.jpg/3840px-Big_Stone_at_Hutan_Pinus_Pengger_Jogja.jpg,-7.9210551,110.43542
1,Candi Prambanan,Budaya,Yogyakarta,50000,4.7,https://upload.wikimedia.org/wikipedia/commons/thumb/6/61/Indonesia_Sleman_Regency_location_map.svg/langid-1280px-Indonesia_Sleman_Regency_location_map.svg.png,-7.7522269,110.4915331
1,Pantai Maron,Bahari,Semarang,5000,3.4,https://upload.wikimedia.org/wikipedia/commons/0/07/Mancing_mania_%2819020077606%29.jpg,-6.9540164,110.3604817
5,Jogja Exotarium,Taman Hiburan,Yogyakarta,20000,4.4,https://picsum.photos/seed/JogjaExotarium/400/250,-7.7286281,110.3584886
4,Batununggal Indah Club,Taman Hiburan,Bandung,70000,4.4,https://picsum.photos/seed/BatununggalIndahClub/400/250,-6.9631771,107.6263673
4,Museum Nike Ardilla,Budaya,Bandung,0,4.6,https://upload.wikimedia.org/wikipedia/id/e/e9/Nike_Ardilla.jpg,-6.9405148,107.6725146
1,Pantai Greweng,Bahari,Yogyakarta,5000,4.6,https://upload.wikimedia.org/wikipedia/commons/thumb/2/22/Flora_Indonesia.jpg/3840px-Flora_Indonesia.jpg,,
5,Monumen Jalesveva Jayamahe,Budaya,Surabaya,0,4.6,https://upload.wikimedia.org/wikipedia/commons/2/2e/Jalesveva_Jayamahe_Monument%2C_Surabaya.jpg,-7.1954933,112.7396134
4,Dunia Fantasi,Taman Hiburan,Jakarta,270000,4.6,https://picsum.photos/seed/DuniaFantasi/400/250,-6.1242122,106.832156
2,Curug Bugbrug,Cagar Alam,Bandung,7500,4.3,https://upload.wikimedia.org/wikipedia/commons/thumb/7/7c/Curug_Bugbrug.jpg/3840px-Curug_Bugbrug.jpg,-6.7975673,107.5783554
3,Kampoeng Kopi Banaran,Taman Hiburan,Semarang,200000,4.3,https://upload.wikimedia.org/wikipedia/commons/c/c5/Museum_Kopi_Banaran.jpg,-7.2546718,110.4416226
5,Kawasan Punclut,Taman Hiburan,Bandung,20000,4.4,https://picsum.photos/seed/KawasanPunclut/400/250,-6.8505903,107.6144997
3,Monumen Yogya Kembali,Budaya,Yogyakarta,15000,4.5,https://upload.wikimedia.org/wikipedia/id/4/4a/Monumen_Yogya_Kembali.JPG,,
3,Margasatwa Muara Angke,Cagar Alam,Jakarta,25000,4.2,https://upload.wikimedia.org/wikipedia/commons/7/7b/Pelabuhan_Muara_Angke_%282022%29.jpg,-6.1079999,106.7660141
2,Obyek Wisata Goa Kreo,Cagar Alam,Semarang,5500,4.3,https://picsum.photos/seed/ObyekWisataGoaKreo/400/250,,
1,Kampung Batu Malakasari,Taman Hiburan,Bandung,10000,4.1,https://upload.wikimedia.org/wikipedia/commons/b/b4/RSUD_Al_Ihsan_2.jpg,,
2,Monumen Tugu Pahlawan,Budaya,Surabaya,0,4.7,https://upload.wikimedia.org/wikipedia/commons/3/3e/Tugu_Pahlawan_Surabaya.jpg,-7.2454453,112.7378996
1,Museum Konferensi Asia Afrika,Budaya,Bandung,0,4.6,https://upload.wikimedia.org/wikipedia/commons/8/84/Musium_KAA.jpg,-6.9210729,107.6096452
2,Desa Wisata Tembi,Taman Hiburan,Yogyakarta,50000,4.5,https://picsum.photos/seed/DesaWisataTembi/400/250,,
3,Lawangwangi Creative Space,Taman Hiburan,Bandung,0,4.4,https://picsum.photos/seed/LawangwangiCreativeSpace/400/250,-6.8476429,107.6275129
2,Pantai Glagah,Bahari,Yogyakarta,5000,4.4,https://upload.wikimedia.org/wikipedia/commons/d/db/Glagah_Beach_Kulon_Progo.jpg,-7.9046994,110.0774413
2,Candi Gedong Songo,Budaya,Semarang,10000,4.5,https://upload.wikimedia.org/wikipedia/commons/a/af/Gedong_songo.jpg,-7.2063743,110.340176
3,Pantai Baron,Bahari,Yogyakarta,10000,4.4,https://upload.wikimedia.org/wikipedia/commons/1/1d/Baron_Beach_Gunung_Kidul.jpg,-8.1289468,110.5491797
5,Desa Wisata Rumah Domes/Teletubbies,Taman Hiburan,Yogyakarta,5000,4.1,https://picsum.photos/seed/DesaWisataRumahDomes/Teletubbies/400/250,,
1,Taman Budaya Jawa Barat,Budaya,Bandung,0,4.3,https://upload.wikimedia.org/wikipedia/id/0/0a/Patung_Wisnu_di_GWK.jpeg,-6.869945,107.6196998
5,Pantai Glagah,Bahari,Yogyakarta,5000,4.4,https://upload.wikimedia.org/wikipedia/commons/d/db/Glagah_Beach_Kulon_Progo.jpg,-7.9046994,110.0774413
5,Goa Cerme,Cagar Alam,Yogyakarta,3000,4.4,https://picsum.photos/seed/GoaCerme/400/250,-7.9846382,110.3773506
2,Museum Gedung Sate,Budaya,Bandung,5000,4.6,https://upload.wikimedia.org/wikipedia/commons/thumb/4/41/Museum_Gedung_Sate.jpg/3840px-Museum_Gedung_Sate.jpg,-6.9025816,107.6190825
1,Bukit Bintang Yogyakarta,Taman Hiburan,Yogyakarta,25000,4.5,https://upload.wikimedia.org/wikipedia/commons/thumb/9/9e/Yogyakarta_Indonesia_Kraton-the-Sultans-Palace-02.jpg/3840px-Yogyakarta_Indonesia_Kraton-the-Sultans-Palace-02.jpg,-7.8460828,110.4796997
2,Orchid Forest Cikole,Taman Hiburan,Bandung,50000,4.6,https://picsum.photos/seed/OrchidForestCikole/400/250,-6.7801991,107.6379318
2,Margasatwa Muara Angke,Cagar Alam,Jakarta,25000,4.2,https://upload.wikimedia.org/wikipedia/commons/7/7b/Pelabuhan_Muara_Angke_%282022%29.jpg,-6.1079999,106.7660141
4,Grojogan Watu Purbo Bangunrejo,Taman Hiburan,Yogyakarta,10000,4.5,https://picsum.photos/seed/GrojoganWatuPurboBangunrejo/400/250,,
1,Pesona Nirwana Waterpark & Cottages,Taman Hiburan,Bandung,50000,4.1,https://picsum.photos/seed/PesonaNirwanaWaterpark&Cottages/400/250,,
3,Kebun Binatang Bandung,Cagar Alam,Bandung,20000,4.0,https://upload.wikimedia.org/wikipedia/commons/0/0f/Bandung_Zoo_main_gate.JPG,-6.8911349,107.6069218
5,Kidzania,Taman Hiburan,Jakarta,185000,4.6,https://picsum.photos/seed/Kidzania/400/250,-6.2243598,106.8095186
1,Kampung Wisata Kadipaten,Budaya,Yogyakarta,0,4.4,https://upload.wikimedia.org/wikipedia/commons/thumb/1/10/Yogyakarta_Indonesia_Tugu-Yogyakarta-02.jpg/3840px-Yogyakarta_Indonesia_Tugu-Yogyakarta-02.jpg,,
3,Pantai Watu Kodok,Bahari,Yogyakarta,5000,4.6,https://upload.wikimedia.org/wikipedia/commons/0/0c/Locator_Kecamatan_Tanjungsari_ing_Gunung_Kidul.png,-8.1373207,110.5741197
1,Pantai Kukup,Bahari,Yogyakarta,10000,4.0,https://upload.wikimedia.org/wikipedia/commons/c/cd/Pantai_Kukup-2.jpg,-8.1334792,110.5538855
1,Desa Wisata Gamplong,Taman Hiburan,Yogyakarta,10000,4.4,https://upload.wikimedia.org/wikipedia/commons/a/a1/Boerderij_Buitenzorg_-_Studio_Alam_Gamplong_-_Bumi_Manusia.jpg,,
1,Pantai Goa Cemara,Bahari,Yogyakarta,4000,4.3,https://upload.wikimedia.org/wikipedia/commons/4/47/Pelepasan_Penyu.jpg,-8.0000466,110.2508816
4,Kota Tua,Budaya,Jakarta,0,4.6,https://upload.wikimedia.org/wikipedia/commons/thumb/7/72/Batavia_City_Hall_%28Jakarta_History_Museum%29_Fatahillah_Square_%282025%29_-_img_02.jpg/3840px-Batavia_City_Hall_%28Jakarta_History_Museum%29_Fatahillah_Square_%282025%29_-_img_02.jpg,-6.1368624,106.8150708
1,Sam Poo Kong Temple,Budaya,Semarang,35000,4.5,https://upload.wikimedia.org/wikipedia/commons/8/81/Sam_Po_Kong_Temple_Semarang_Indonesia.jpg,,
1,Museum Kereta Ambarawa,Budaya,Semarang,10000,4.5,https://upload.wikimedia.org/wikipedia/commons/thumb/8/8a/%22%2Barya%2B%22_stasiun_ambarawa_museum_2023_2.jpg/3840px-%22%2Barya%2B%22_stasiun_ambarawa_museum_2023_2.jpg,-7.2651797,110.4021659
1,Museum Fatahillah,Budaya,Jakarta,5000,4.4,https://upload.wikimedia.org/wikipedia/commons/thumb/7/72/Batavia_City_Hall_%28Jakarta_History_Museum%29_Fatahillah_Square_%282025%29_-_img_02.jpg/3840px-Batavia_City_Hall_%28Jakarta_History_Museum%29_Fatahillah_Square_%282025%29_-_img_02.jpg,-6.1351548,106.813289
2,Pantai Depok Jogja,Bahari,Yogyakarta,10000,4.3,https://upload.wikimedia.org/wikipedia/commons/3/36/Jogja_bay_Volcano_Coaster.jpg,,
1,Tafso Barn,Cagar Alam,Bandung,0,4.2,https://picsum.photos/seed/TafsoBarn/400/250,,
3,Teras Cikapundung BBWS,Taman Hiburan,Bandung,0,4.3,https://picsum.photos/seed/TerasCikapundungBBWS/400/250,,
5,NuArt Sculpture Park,Taman Hiburan,Bandung,50000,4.7,https://upload.wikimedia.org/wikipedia/commons/3/30/Nugallery.jpg,-6.8772419,107.5724908
1,The Lost World Castle,Taman Hiburan,Yogyakarta,30000,4.3,https://upload.wikimedia.org/wikipedia/commons/thumb/e/e6/The_Lost_World_Castle.jpg/3840px-The_Lost_World_Castle.jpg,-7.6037962,110.4512542
3,Gua Maria Kerep Ambarawa,Cagar Alam,Semarang,2000,4.8,https://upload.wikimedia.org/wikipedia/commons/7/7f/St_Mary_statue_at_Maria_Kerep_Cave%2C_Ambarawa.jpg,-7.255488,110.3984538
2,Pantai Baron,Bahari,Yogyakarta,10000,4.4,https://upload.wikimedia.org/wikipedia/commons/1/1d/Baron_Beach_Gunung_Kidul.jpg,-8.1289468,110.5491797
4,Galeri Nasional Indonesia,Budaya,Jakarta,0,4.6,https://upload.wikimedia.org/wikipedia/commons/7/7d/National_Gallery_of_Indonesia.JPG,,
1,Pantai Depok Jogja,Bahari,Yogyakarta,10000,4.3,https://upload.wikimedia.org/wikipedia/commons/3/36/Jogja_bay_Volcano_Coaster.jpg,,
4,Goa Jomblang,Cagar Alam,Yogyakarta,500000,4.6,https://upload.wikimedia.org/wikipedia/commons/thumb/4/47/Jomblang_Cave_-_Indonesia_04.jpg/3840px-Jomblang_Cave_-_Indonesia_04.jpg,-8.0286285,110.6382419
5,Masjid Daarut Tauhiid Bandung,Tempat Ibadah,Bandung,0,4.9,https://picsum.photos/seed/MasjidDaarutTauhiidBandung/400/250,-6.8635726,107.5900533
4,Kawasan Wisata Sosrowijayan,Pusat Perbelanjaan,Yogyakarta,0,4.0,https://picsum.photos/seed/KawasanWisataSosrowijayan/400/250,,
1,Bumi Perkemahan Batu Kuda,Cagar Alam,Bandung,7500,4.5,https://upload.wikimedia.org/wikipedia/commons/0/00/Mont_Manglayang.jpg,,
1,Brown Canyon,Cagar Alam,Semarang,0,4.2,https://upload.wikimedia.org/wikipedia/commons/thumb/7/76/Brown_Canyon_1.jpg/3840px-Brown_Canyon_1.jpg,-7.0578875,110.4880281
1,Taman Barunawati,Taman Hiburan,Surabaya,0,4.2,https://upload.wikimedia.org/wikipedia/id/9/93/Taman_Dayu_Pasuruan.jpg,-7.2218764,112.7317878
3,Pura Giri Natha,Budaya,Semarang,20000,4.7,https://picsum.photos/seed/PuraGiriNatha/400/250,-6.9982487,110.410747
2,Museum Sasmita Loka Ahmad Yani,Budaya,Jakarta,2000,4.7,https://upload.wikimedia.org/wikipedia/commons/e/e6/MuseumSasmitaLoka1.jpg,-6.2045413,106.8365459
1,Taman Sejarah Bandung,Budaya,Bandung,0,4.6,https://upload.wikimedia.org/wikipedia/commons/thumb/f/ff/Taman_Balai_Kota_Bandung.jpg/3840px-Taman_Balai_Kota_Bandung.jpg,-6.910367,107.6103563
4,The Great Asia Africa,Taman Hiburan,Bandung,50000,4.4,https://upload.wikimedia.org/wikipedia/commons/thumb/a/a9/Gunung_Batu.jpg/3840px-Gunung_Batu.jpg,,
2,Hutan Pinus Kayon,Cagar Alam,Semarang,6000,4.4,https://upload.wikimedia.org/wikipedia/commons/thumb/d/d8/Pandansimo_Bridge_view_toward_Bantul.jpg/3840px-Pandansimo_Bridge_view_toward_Bantul.jpg,,
3,Masjid Salman ITB,Tempat Ibadah,Bandung,0,4.8,https://upload.wikimedia.org/wikipedia/id/4/4f/Masjid_Salman_ITB.jpg,-6.8936881,107.6111969
5,Atlantis Land Surabaya,Taman Hiburan,Surabaya,125000,4.4,https://picsum.photos/seed/AtlantisLandSurabaya/400/250,,
2,Taman Situ Lembang,Taman Hiburan,Jakarta,0,4.5,https://upload.wikimedia.org/wikipedia/commons/3/34/Taman_Situ_Lembang.jpg,-6.1978547,106.8342762
4,Pantai Ngrawe (Mesra),Bahari,Yogyakarta,10000,4.5,https://picsum.photos/seed/PantaiNgrawe(Mesra)/400/250,,
1,Curug Cipanas,Cagar Alam,Bandung,20000,3.9,https://upload.wikimedia.org/wikipedia/commons/a/a1/Curug_Cibeureum.jpg,,
2,Surabaya North Quay,Taman Hiburan,Surabaya,50000,4.4,https://upload.wikimedia.org/wikipedia/commons/d/da/Jembatan_suroboyo_dusk.jpg,,
3,Taman Miniatur Kereta Api,Taman Hiburan,Bandung,15000,4.4,https://upload.wikimedia.org/wikipedia/commons/thumb/b/b4/Istana_Anak-anak_Indonesia_TMII_%282025%29_-_img_01.jpg/3840px-Istana_Anak-anak_Indonesia_TMII_%282025%29_-_img_01.jpg,,
3,Puncak Pinus Becici,Taman Hiburan,Yogyakarta,3000,4.5,https://upload.wikimedia.org/wikipedia/commons/d/d9/Puncak_Pinus_Becici.jpg,-7.9012592,110.4372592
1,Museum Bank Indonesia,Budaya,Jakarta,2000,4.7,https://upload.wikimedia.org/wikipedia/commons/thumb/b/bf/Bank_Indonesia_Lama.jpg/3840px-Bank_Indonesia_Lama.jpg,-6.1371853,106.8129483
5,GPIB Immanuel Semarang (Gereja Blenduk),Tempat Ibadah,Semarang,0,4.6,https://upload.wikimedia.org/wikipedia/commons/thumb/6/6e/Exterior_of_Blenduk_Church%2C_Semarang%2C_2014-06-18.jpg/3840px-Exterior_of_Blenduk_Church%2C_Semarang%2C_2014-06-18.jpg,,
1,Museum Sasmita Loka Ahmad Yani,Budaya,Jakarta,2000,4.7,https://upload.wikimedia.org/wikipedia/commons/e/e6/MuseumSasmitaLoka1.jpg,-6.2045413,106.8365459
5,Kebun Binatang Surabaya,Cagar Alam,Surabaya,15000,4.3,https://upload.wikimedia.org/wikipedia/commons/thumb/4/45/Papan_Edukasi_Jalak_Bali.jpg/3840px-Papan_Edukasi_Jalak_Bali.jpg,-7.2957723,112.7358105
1,Situ Cileunca,Cagar Alam,Bandung,2500,4.4,https://upload.wikimedia.org/wikipedia/commons/5/5e/Cileunca_Lake.jpg,-7.2020441,107.5498098
1,Monumen Palagan Ambarawa,Budaya,Semarang,7500,4.4,https://upload.wikimedia.org/wikipedia/commons/5/58/The_British_Occupation_of_Java_SE5896.jpg,-7.2598545,110.4024282
1,Happyfarm Ciwidey,Cagar Alam,Bandung,15000,4.2,https://picsum.photos/seed/HappyfarmCiwidey/400/250,,
5,Mall Thamrin City,Pusat Perbelanjaan,Jakarta,0,4.4,https://upload.wikimedia.org/wikipedia/commons/thumb/2/25/Interior_Thamrin_City%2C_2025.jpg/1920px-Interior_Thamrin_City%2C_2025.jpg,-6.1944082,106.8145468
5,Batununggal Indah Club,Taman Hiburan,Bandung,70000,4.4,https://picsum.photos/seed/BatununggalIndahClub/400/250,-6.9631771,107.6263673
4,Taman Srigunting,Taman Hiburan,Semarang,0,4.7,https://upload.wikimedia.org/wikipedia/commons/e/e9/Lesser_racket-tailed_drongo_%28Dicrurus_remifer_tectirostris%29.jpg,-6.9679428,110.4276983
5,Kiara Artha Park,Taman Hiburan,Bandung,15000,4.4,https://picsum.photos/seed/KiaraArthaPark/400/250,-6.916458,107.6422474
4,Museum Barli,Budaya,Bandung,15000,4.4,https://upload.wikimedia.org/wikipedia/commons/7/70/Tampak_Samping_Museum_Barli_2023-03-18.jpg,-6.8783934,107.5875219
1,Candi Ijo,Budaya,Yogyakarta,5000,4.6,https://upload.wikimedia.org/wikipedia/commons/9/9d/Candi_Ijo.JPG,-7.7837641,110.5114895
1,Kiara Artha Park,Taman Hiburan,Bandung,15000,4.4,https://picsum.photos/seed/KiaraArthaPark/400/250,-6.916458,107.6422474
3,Grand Indonesia Mall,Pusat Perbelanjaan,Jakarta,0,4.7,https://upload.wikimedia.org/wikipedia/commons/b/b4/Inside_of_Grand_Indonesia.jpg,-6.1957601,106.8214547
2,Perkebunan Teh Malabar,Cagar Alam,Bandung,5000,4.4,https://upload.wikimedia.org/wikipedia/commons/thumb/d/d0/Gunung_Malabar.jpg/3840px-Gunung_Malabar.jpg,,
5,Curug Anom,Cagar Alam,Bandung,0,4.6,https://upload.wikimedia.org/wikipedia/commons/thumb/7/7c/Anom_Waterfall_Bottom_View.jpg/3840px-Anom_Waterfall_Bottom_View.jpg,,
2,Masjid Al-Imtizaj,Tempat Ibadah,Bandung,0,4.7,https://upload.wikimedia.org/wikipedia/commons/f/f9/Masjid_Al-Imtizaj_2.jpg,-6.919307,107.6078869
1,Pantai Baron,Bahari,Yogyakarta,10000,4.4,https://upload.wikimedia.org/wikipedia/commons/1/1d/Baron_Beach_Gunung_Kidul.jpg,-8.1289468,110.5491797
5,Lawang Sewu,Budaya,Semarang,10000,4.6,https://upload.wikimedia.org/wikipedia/commons/thumb/e/e8/Lawang_sewu_semarang.jpg/3840px-Lawang_sewu_semarang.jpg,-6.9839786,110.4107909
4,Kidzania,Taman Hiburan,Jakarta,185000,4.6,https://picsum.photos/seed/Kidzania/400/250,-6.2243598,106.8095186
3,Kampung Korea Bandung,Budaya,Bandung,15000,4.1,https://upload.wikimedia.org/wikipedia/commons/thumb/b/bf/Busway_in_Bundaran_HI.jpg/3840px-Busway_in_Bundaran_HI.jpg,-6.9155688,107.6406431
1,Seribu Batu Songgo Langit,Cagar Alam,Yogyakarta,2000,4.6,https://picsum.photos/seed/SeribuBatuSonggoLangit/400/250,-7.9305908,110.4311357
5,Taman Spathodea,Taman Hiburan,Jakarta,0,4.6,https://upload.wikimedia.org/wikipedia/commons/2/21/Starr_031210-0047_Spathodea_campanulata.jpg,,
1,Kota Tua,Budaya,Jakarta,0,4.6,https://upload.wikimedia.org/wikipedia/commons/thumb/7/72/Batavia_City_Hall_%28Jakarta_History_Museum%29_Fatahillah_Square_%282025%29_-_img_02.jpg/3840px-Batavia_City_Hall_%28Jakarta_History_Museum%29_Fatahillah_Square_%282025%29_-_img_02.jpg,-6.1368624,106.8150708
1,Desa Wisata Sungai Code Jogja Kota,Taman Hiburan,Yogyakarta,0,5.0,https://upload.wikimedia.org/wikipedia/commons/thumb/1/10/Yogyakarta_Indonesia_Tugu-Yogyakarta-02.jpg/3840px-Yogyakarta_Indonesia_Tugu-Yogyakarta-02.jpg,,
1,Kampung Pelangi,Taman Hiburan,Semarang,3000,4.3,https://upload.wikimedia.org/wikipedia/commons/thumb/8/80/Kampung_Tridi%2C_Malang_32.jpg/3840px-Kampung_Tridi%2C_Malang_32.jpg,-6.9877873,110.4084912
4,Taman Vanda,Taman Hiburan,Bandung,0,4.3,https://picsum.photos/seed/TamanVanda/400/250,-6.9140617,107.6100689
3,Taman Lalu Lintas Ade Irma Suryani Nasution,Taman Hiburan,Bandung,7000,4.4,https://upload.wikimedia.org/wikipedia/commons/e/e1/Lokomotif_Bima_Kunting_1_di_Taman_Lalu_Lintas_Bandung_2018.png,,
4,Nol Kilometer Jl.Malioboro,Taman Hiburan,Yogyakarta,0,4.7,https://upload.wikimedia.org/wikipedia/commons/thumb/7/7d/Armada_1A_Trans_Jogja_di_Jalan_Solo.jpg/3840px-Armada_1A_Trans_Jogja_di_Jalan_Solo.jpg,,
2,Patung Sura dan Buaya,Budaya,Surabaya,0,4.6,https://upload.wikimedia.org/wikipedia/commons/7/7e/Taman_suroboyo.jpg,,
5,Wisata Kampung Krisan Clapar,Taman Hiburan,Semarang,10000,4.1,https://picsum.photos/seed/WisataKampungKrisanClapar/400/250,,
4,Hutan Pinus Pengger,Taman Hiburan,Yogyakarta,3000,4.5,https://upload.wikimedia.org/wikipedia/commons/thumb/a/a0/Big_Stone_at_Hutan_Pinus_Pengger_Jogja.jpg/3840px-Big_Stone_at_Hutan_Pinus_Pengger_Jogja.jpg,,
3,Bukit Wisata Pulepayung,Cagar Alam,Yogyakarta,10000,4.5,https://picsum.photos/seed/BukitWisataPulepayung/400/250,-7.8003583,110.1239412
4,Kampung Korea Bandung,Budaya,Bandung,15000,4.1,https://upload.wikimedia.org/wikipedia/commons/thumb/b/bf/Busway_in_Bundaran_HI.jpg/3840px-Busway_in_Bundaran_HI.jpg,-6.9155688,107.6406431
1,Gua Pawon,Cagar Alam,Bandung,10000,4.5,https://upload.wikimedia.org/wikipedia/commons/thumb/e/e5/Gua_Pawon.jpg/3840px-Gua_Pawon.jpg,-6.8236107,107.4362947
3,Alun Alun Selatan Yogyakarta,Taman Hiburan,Yogyakarta,0,4.6,https://picsum.photos/seed/AlunAlunSelatanYogyakarta/400/250,,
2,Taman Spathodea,Taman Hiburan,Jakarta,0,4.6,https://upload.wikimedia.org/wikipedia/commons/2/21/Starr_031210-0047_Spathodea_campanulata.jpg,,
4,Pulau Pari,Bahari,Jakarta,150000,4.0,https://upload.wikimedia.org/wikipedia/commons/thumb/0/0c/Pari_Island_Pier.jpg/3840px-Pari_Island_Pier.jpg,-5.8591134,106.6163519
2,Pasar Tanah Abang,Pusat Perbelanjaan,Jakarta,0,4.0,https://upload.wikimedia.org/wikipedia/commons/d/d8/COLLECTIE_TROPENMUSEUM_Batavia_Pasar_Tanah_Abang_TMnr_10014914.jpg,-6.1882913,106.8184949
1,Bukit Gantole Cililin,Cagar Alam,Bandung,0,4.4,https://picsum.photos/seed/BukitGantoleCililin/400/250,,
3,Bukit Panguk Kediwung,Budaya,Yogyakarta,250000,4.5,https://picsum.photos/seed/BukitPangukKediwung/400/250,-7.9597565,110.4405654
2,Air Terjun Kedung Pedut,Cagar Alam,Yogyakarta,20000,4.5,https://upload.wikimedia.org/wikipedia/commons/e/e1/Kedungpedut.jpg,,
5,Tirto Argo Siwarak,Taman Hiburan,Semarang,20000,4.4,https://picsum.photos/seed/TirtoArgoSiwarak/400/250,,
1,Jalan Braga,Budaya,Bandung,0,4.7,https://upload.wikimedia.org/wikipedia/commons/b/b7/Jl_Braga_Street_Sign_in_Bandung.jpg,-6.919146,107.6098034
2,Museum Sumpah Pemuda,Budaya,Jakarta,2000,4.7,https://upload.wikimedia.org/wikipedia/commons/3/30/Historical_Indonesian_Youth_Pledge%2C_Sumpah_Pemuda_in_1928.jpg,-6.1838167,106.8430499
5,Bukit Panguk Kediwung,Budaya,Yogyakarta,250000,4.5,https://picsum.photos/seed/BukitPangukKediwung/400/250,-7.9597565,110.4405654
3,Obyek Wisata Goa Kreo,Cagar Alam,Semarang,5500,4.3,https://picsum.photos/seed/ObyekWisataGoaKreo/400/250,,
4,Kampoeng Djadhoel Semarang,Budaya,Semarang,10000,4.7,https://picsum.photos/seed/KampoengDjadhoelSemarang/400/250,,
5,Studio Alam Gamplong,Taman Hiburan,Yogyakarta,10000,4.4,https://upload.wikimedia.org/wikipedia/commons/a/a1/Boerderij_Buitenzorg_-_Studio_Alam_Gamplong_-_Bumi_Manusia.jpg,,
1,Benteng Pendem,Budaya,Semarang,5000,4.2,https://upload.wikimedia.org/wikipedia/commons/thumb/d/db/DSCN73644_-_Benteng_Fort_Willem_1.jpg/3840px-DSCN73644_-_Benteng_Fort_Willem_1.jpg,-7.270914,110.4102584
4,Kawah Putih,Cagar Alam,Bandung,81000,4.5,https://upload.wikimedia.org/wikipedia/commons/thumb/3/35/Kawah_Putih_Lake_from_the_viewing_platform%2C_Bandung_Regency%2C_2014-08-21.jpg/3840px-Kawah_Putih_Lake_from_the_viewing_platform%2C_Bandung_Regency%2C_2014-08-21.jpg,-7.1661181,107.4022669
5,Pecinan Glodok,Pusat Perbelanjaan,Jakarta,0,4.3,https://upload.wikimedia.org/wikipedia/commons/thumb/c/c0/Kantor_Kelurahan_Glodok%2C_Jakarta_Barat.jpg/3840px-Kantor_Kelurahan_Glodok%2C_Jakarta_Barat.jpg,-6.1448405,106.8131866
2,Upside Down World Bandung,Taman Hiburan,Bandung,100000,4.0,https://picsum.photos/seed/UpsideDownWorldBandung/400/250,,
1,Watu Lumbung,Cagar Alam,Yogyakarta,5000,4.3,https://upload.wikimedia.org/wikipedia/commons/thumb/f/f6/DSC04587-3.jpg/3840px-DSC04587-3.jpg,-8.1863175,110.7001363
3,Dago Dreampark,Taman Hiburan,Bandung,40000,4.2,https://picsum.photos/seed/DagoDreampark/400/250,-6.8476037,107.6254233
1,Museum Basoeki Abdullah,Budaya,Jakarta,1000,4.6,https://upload.wikimedia.org/wikipedia/id/0/04/Basuki_abdullah.jpeg,,
4,Pantai Goa Cemara,Bahari,Yogyakarta,4000,4.3,https://upload.wikimedia.org/wikipedia/commons/4/47/Pelepasan_Penyu.jpg,-8.0000466,110.2508816
1,Pasar Seni,Pusat Perbelanjaan,Jakarta,0,4.4,https://upload.wikimedia.org/wikipedia/id/thumb/3/3e/Logo_Taman_Impian_Jaya_Ancol_%282022%29.svg/langid-960px-Logo_Taman_Impian_Jaya_Ancol_%282022%29.svg.png,-6.1257002,106.8390728
1,Alun-alun Utara Keraton Yogyakarta,Budaya,Yogyakarta,0,4.6,https://upload.wikimedia.org/wikipedia/commons/7/70/COLLECTIE_TROPENMUSEUM_De_waringins_op_de_alun-alun_bij_de_ingang_van_de_kraton_van_de_sultan_van_Jogjakarta_TMnr_60022716.jpg,,
5,Wisata Kaliurang,Cagar Alam,Yogyakarta,8000,4.4,https://upload.wikimedia.org/wikipedia/commons/thumb/b/b0/Perundingan_Kaliurang.jpg/3840px-Perundingan_Kaliurang.jpg,-7.6021032,110.4280429
4,Taman Begonia,Cagar Alam,Bandung,10000,4.4,https://upload.wikimedia.org/wikipedia/commons/thumb/4/41/DJI_0128_Bali_Botanic_Garden.jpg/3840px-DJI_0128_Bali_Botanic_Garden.jpg,,
4,Museum Gedung Sate,Budaya,Bandung,5000,4.6,https://upload.wikimedia.org/wikipedia/commons/thumb/4/41/Museum_Gedung_Sate.jpg/3840px-Museum_Gedung_Sate.jpg,-6.9025816,107.6190825
1,Orchid Forest Cikole,Taman Hiburan,Bandung,50000,4.6,https://picsum.photos/seed/OrchidForestCikole/400/250,-6.7801991,107.6379318
1,House of Sampoerna,Budaya,Surabaya,0,4.6,https://upload.wikimedia.org/wikipedia/commons/thumb/f/f6/House_of_Sampoerna_Mei_2015.jpg/3840px-House_of_Sampoerna_Mei_2015.jpg,-7.2309923,112.7341461
4,Sam Poo Kong Temple,Budaya,Semarang,35000,4.5,https://upload.wikimedia.org/wikipedia/commons/8/81/Sam_Po_Kong_Temple_Semarang_Indonesia.jpg,,
1,Taman Bunga Celosia,Cagar Alam,Semarang,25000,4.3,https://upload.wikimedia.org/wikipedia/commons/2/29/Celosia_argentea_jengger_ayam.jpg,,
3,Museum Mandala Wangsit Siliwangi,Budaya,Bandung,0,4.4,https://upload.wikimedia.org/wikipedia/commons/d/d0/Museum_Mandala_Wangsit_Siliwangi.JPG,-6.9173055,107.6111041
5,Monumen Bambu Runcing Surabaya,Budaya,Surabaya,0,4.6,https://upload.wikimedia.org/wikipedia/commons/thumb/0/07/Bambu_runcing%2C_Monumen_Jogja_Kembali.jpg/3840px-Bambu_runcing%2C_Monumen_Jogja_Kembali.jpg,,
1,Taman Balai Kota Bandung,Taman Hiburan,Bandung,0,4.6,https://upload.wikimedia.org/wikipedia/commons/thumb/f/ff/Taman_Balai_Kota_Bandung.jpg/3840px-Taman_Balai_Kota_Bandung.jpg,-6.9131328,107.6097317
2,Cibubur Garden Diary (Cibugary),Cagar Alam,Jakarta,50000,4.5,https://picsum.photos/seed/CibuburGardenDiary(Cibugary)/400/250,,
2,Jurang Tembelan Kanigoro,Taman Hiburan,Yogyakarta,2500,4.5,https://picsum.photos/seed/JurangTembelanKanigoro/400/250,,
5,Museum Joang 45,Budaya,Jakarta,2000,4.0,https://upload.wikimedia.org/wikipedia/commons/d/d0/Gedung_Joang_45.jpg,-6.1862362,106.8366544
3,Rumah Sipitung,Budaya,Jakarta,5000,4.5,https://picsum.photos/seed/RumahSipitung/400/250,,
4,Monumen Bambu Runcing Surabaya,Budaya,Surabaya,0,4.6,https://upload.wikimedia.org/wikipedia/commons/thumb/0/07/Bambu_runcing%2C_Monumen_Jogja_Kembali.jpg/3840px-Bambu_runcing%2C_Monumen_Jogja_Kembali.jpg,,
5,Pasar Seni,Pusat Perbelanjaan,Jakarta,0,4.4,https://upload.wikimedia.org/wikipedia/id/thumb/3/3e/Logo_Taman_Impian_Jaya_Ancol_%282022%29.svg/langid-960px-Logo_Taman_Impian_Jaya_Ancol_%282022%29.svg.png,-6.1257002,106.8390728
4,Taman Bunga Celosia,Cagar Alam,Semarang,25000,4.3,https://upload.wikimedia.org/wikipedia/commons/2/29/Celosia_argentea_jengger_ayam.jpg,,
1,Pecinan Glodok,Pusat Perbelanjaan,Jakarta,0,4.3,https://upload.wikimedia.org/wikipedia/commons/thumb/c/c0/Kantor_Kelurahan_Glodok%2C_Jakarta_Barat.jpg/3840px-Kantor_Kelurahan_Glodok%2C_Jakarta_Barat.jpg,-6.1448405,106.8131866
4,Bukit Bintang Yogyakarta,Taman Hiburan,Yogyakarta,25000,4.5,https://upload.wikimedia.org/wikipedia/commons/thumb/9/9e/Yogyakarta_Indonesia_Kraton-the-Sultans-Palace-02.jpg/3840px-Yogyakarta_Indonesia_Kraton-the-Sultans-Palace-02.jpg,-7.8460828,110.4796997
1,Atlantis Land Surabaya,Taman Hiburan,Surabaya,125000,4.4,https://picsum.photos/seed/AtlantisLandSurabaya/400/250,,
4,Monumen Bandung Lautan Api,Budaya,Bandung,0,4.3,https://picsum.photos/seed/MonumenBandungLautanApi/400/250,,
5,Desa Wisata Lembah Kalipancur,Taman Hiburan,Semarang,0,3.9,https://picsum.photos/seed/DesaWisataLembahKalipancur/400/250,,
1,Air Terjun Kali Pancur,Cagar Alam,Semarang,5000,4.1,https://upload.wikimedia.org/wikipedia/commons/thumb/5/5a/Indonesia_provinces_blank_map.svg/langid-960px-Indonesia_provinces_blank_map.svg.png,,
3,Pantai Maron,Bahari,Semarang,5000,3.4,https://upload.wikimedia.org/wikipedia/commons/0/07/Mancing_mania_%2819020077606%29.jpg,-6.9540164,110.3604817
1,Amazing Art World,Budaya,Bandung,75000,4.5,https://upload.wikimedia.org/wikipedia/commons/thumb/5/5b/Steven_Spielberg_at_Berlinale_2023_Ausschnitt.jpg/3840px-Steven_Spielberg_at_Berlinale_2023_Ausschnitt.jpg,-6.8516724,107.5963601
1,Pelabuhan Marina,Bahari,Jakarta,175000,4.4,https://upload.wikimedia.org/wikipedia/id/6/60/Monumentpantaiboom.jpeg,,
3,Water Park Bandung Indah,Taman Hiburan,Bandung,50000,4.0,https://upload.wikimedia.org/wikipedia/id/a/a0/OPI_Mall_logo.png,,
2,Sunrise Point Cukul,Cagar Alam,Bandung,10000,4.6,https://picsum.photos/seed/SunrisePointCukul/400/250,-7.2337053,107.5342649
1,Pantai Sundak,Bahari,Yogyakarta,5000,4.5,https://upload.wikimedia.org/wikipedia/commons/thumb/9/9e/Yogyakarta_Indonesia_Kraton-the-Sultans-Palace-02.jpg/3840px-Yogyakarta_Indonesia_Kraton-the-Sultans-Palace-02.jpg,-8.1471841,110.6080799
1,Taman Srigunting,Taman Hiburan,Semarang,0,4.7,https://upload.wikimedia.org/wikipedia/commons/e/e9/Lesser_racket-tailed_drongo_%28Dicrurus_remifer_tectirostris%29.jpg,-6.9679428,110.4276983
1,Puncak Segoro,Cagar Alam,Yogyakarta,5000,4.2,https://upload.wikimedia.org/wikipedia/commons/0/0f/Bledug_Kuwu_2.jpg,,
1,Lawang Sewu,Budaya,Semarang,10000,4.6,https://upload.wikimedia.org/wikipedia/commons/thumb/e/e8/Lawang_sewu_semarang.jpg/3840px-Lawang_sewu_semarang.jpg,-6.9839786,110.4107909
5,Monumen Selamat Datang,Budaya,Jakarta,0,4.7,https://upload.wikimedia.org/wikipedia/id/3/35/Monumen_Selamat_Datang_%28Maret_2025%29.jpg,-6.1949789,106.8230733
3,Waduk Jatibarang,Cagar Alam,Semarang,2500,4.3,https://upload.wikimedia.org/wikipedia/commons/thumb/a/a4/Indonesia_location_map.svg/langid-1280px-Indonesia_location_map.svg.png,-7.0420774,110.3458919
2,Klenteng Sanggar Agung,Budaya,Surabaya,10000,4.5,https://upload.wikimedia.org/wikipedia/commons/1/10/Giant_She_Mien_Fo_Statue_at_Sanggar_Agung_Temple%2C_Surabaya%2C_Indonesia.jpg,-7.2472279,112.8023036
1,Pasar Tanah Abang,Pusat Perbelanjaan,Jakarta,0,4.0,https://upload.wikimedia.org/wikipedia/commons/d/d8/COLLECTIE_TROPENMUSEUM_Batavia_Pasar_Tanah_Abang_TMnr_10014914.jpg,-6.1882913,106.8184949
4,Air Mancur Menari,Taman Hiburan,Surabaya,35000,4.4,https://picsum.photos/seed/AirMancurMenari/400/250,,
2,Galeri Indonesia Kaya,Budaya,Jakarta,0,4.8,https://picsum.photos/seed/GaleriIndonesiaKaya/400/250,,
1,Hutan Bambu Keputih,Cagar Alam,Surabaya,0,4.3,https://upload.wikimedia.org/wikipedia/commons/d/da/Jembatan_suroboyo_dusk.jpg,,
1,"Bukit Paralayang, Watugupit",Cagar Alam,Yogyakarta,5000,4.7,https://upload.wikimedia.org/wikipedia/commons/2/29/Bukit_Paralayang_-_Pantai_Parangtritits.jpg,,
1,Kampung Korea Bandung,Budaya,Bandung,15000,4.1,https://upload.wikimedia.org/wikipedia/commons/thumb/b/bf/Busway_in_Bundaran_HI.jpg/3840px-Busway_in_Bundaran_HI.jpg,-6.9155688,107.6406431
4,Tafso Barn,Cagar Alam,Bandung,0,4.2,https://picsum.photos/seed/TafsoBarn/400/250,,
1,Ocean Ecopark,Taman Hiburan,Jakarta,180000,4.0,https://upload.wikimedia.org/wikipedia/id/thumb/3/3e/Logo_Taman_Impian_Jaya_Ancol_%282022%29.svg/langid-960px-Logo_Taman_Impian_Jaya_Ancol_%282022%29.svg.png,,
5,Masjid Al-Imtizaj,Tempat Ibadah,Bandung,0,4.7,https://upload.wikimedia.org/wikipedia/commons/f/f9/Masjid_Al-Imtizaj_2.jpg,-6.919307,107.6078869
4,The World Landmarks - Merapi Park Yogyakarta,Taman Hiburan,Yogyakarta,22000,4.2,https://upload.wikimedia.org/wikipedia/commons/thumb/c/c7/Merapi_Park.jpg/3840px-Merapi_Park.jpg,,
1,SnowBay Waterpark,Taman Hiburan,Jakarta,180000,4.3,https://picsum.photos/seed/SnowBayWaterpark/400/250,,
1,Hutan Pinus Asri,Cagar Alam,Yogyakarta,2500,4.5,https://upload.wikimedia.org/wikipedia/commons/thumb/a/a0/Big_Stone_at_Hutan_Pinus_Pengger_Jogja.jpg/3840px-Big_Stone_at_Hutan_Pinus_Pengger_Jogja.jpg,-7.9210551,110.43542
1,Taman Jomblo,Taman Hiburan,Bandung,10000,4.1,https://picsum.photos/seed/TamanJomblo/400/250,-6.8981221,107.6092198
3,Kampung Batu Malakasari,Taman Hiburan,Bandung,10000,4.1,https://upload.wikimedia.org/wikipedia/commons/b/b4/RSUD_Al_Ihsan_2.jpg,,
2,Gereja Perawan Maria Tak Berdosa Surabaya,Tempat Ibadah,Surabaya,10000,4.8,https://upload.wikimedia.org/wikipedia/commons/e/eb/Church_of_the_Birth_of_Our_Lady%2C_Surabaya%2C_2025_%2801%29.jpg,,
2,The World Landmarks - Merapi Park Yogyakarta,Taman Hiburan,Yogyakarta,22000,4.2,https://upload.wikimedia.org/wikipedia/commons/thumb/c/c7/Merapi_Park.jpg/3840px-Merapi_Park.jpg,,
1,The Escape Hunt,Taman Hiburan,Jakarta,70000,4.4,https://upload.wikimedia.org/wikipedia/commons/d/db/Kurt_Russell_by_Gage_Skidmore_2.jpg,,
4,Kebun Teh Nglinggo,Cagar Alam,Yogyakarta,6000,4.5,https://upload.wikimedia.org/wikipedia/commons/1/1b/Kebun_Teh_Nglinggo.jpg,-7.6449378,110.1428774
1,Museum Wayang,Budaya,Jakarta,5000,4.5,https://upload.wikimedia.org/wikipedia/commons/9/99/Wayang_sejarah.jpg,-6.1348145,106.8125091
2,Taman Hutan Raya Ir. H. Djuanda,Cagar Alam,Bandung,15000,4.5,https://upload.wikimedia.org/wikipedia/commons/0/07/Taman_Hutan_Raya_IR_Djuanda.jpg,,
1,Tirto Argo Siwarak,Taman Hiburan,Semarang,20000,4.4,https://picsum.photos/seed/TirtoArgoSiwarak/400/250,,
5,Water Blaster Bukit Candi Golf,Taman Hiburan,Semarang,80000,4.2,https://picsum.photos/seed/WaterBlasterBukitCandiGolf/400/250,-7.0229906,110.4388326
1,Obyek Wisata Goa Kreo,Cagar Alam,Semarang,5500,4.3,https://picsum.photos/seed/ObyekWisataGoaKreo/400/250,,
1,Rumah Batik,Budaya,Surabaya,0,4.5,https://upload.wikimedia.org/wikipedia/commons/thumb/8/8c/Papan_Nama_Rumah_Batik_Maranatha_Ong%27s_Art.jpg/3840px-Papan_Nama_Rumah_Batik_Maranatha_Ong%27s_Art.jpg,,
1,Batununggal Indah Club,Taman Hiburan,Bandung,70000,4.4,https://picsum.photos/seed/BatununggalIndahClub/400/250,-6.9631771,107.6263673
5,Bukit Wisata Pulepayung,Cagar Alam,Yogyakarta,10000,4.5,https://picsum.photos/seed/BukitWisataPulepayung/400/250,-7.8003583,110.1239412
3,Goa Jomblang,Cagar Alam,Yogyakarta,500000,4.6,https://upload.wikimedia.org/wikipedia/commons/thumb/4/47/Jomblang_Cave_-_Indonesia_04.jpg/3840px-Jomblang_Cave_-_Indonesia_04.jpg,-8.0286285,110.6382419
5,Air Terjun Semirang,Cagar Alam,Semarang,9000,4.4,https://upload.wikimedia.org/wikipedia/commons/thumb/5/5a/Indonesia_provinces_blank_map.svg/langid-960px-Indonesia_provinces_blank_map.svg.png,,
1,Pantai Sedahan,Bahari,Yogyakarta,5000,4.5,https://upload.wikimedia.org/wikipedia/commons/thumb/2/22/Flora_Indonesia.jpg/3840px-Flora_Indonesia.jpg,-8.1976663,110.7208645
1,Kebun Binatang Surabaya,Cagar Alam,Surabaya,15000,4.3,https://upload.wikimedia.org/wikipedia/commons/thumb/4/45/Papan_Edukasi_Jalak_Bali.jpg/3840px-Papan_Edukasi_Jalak_Bali.jpg,-7.2957723,112.7358105
1,Roemah Seni Sarasvati,Budaya,Bandung,0,4.4,https://picsum.photos/seed/RoemahSeniSarasvati/400/250,,
5,Perkebunan Teh Malabar,Cagar Alam,Bandung,5000,4.4,https://upload.wikimedia.org/wikipedia/commons/thumb/d/d0/Gunung_Malabar.jpg/3840px-Gunung_Malabar.jpg,,
1,Alun-Alun Kota Bandung,Taman Hiburan,Bandung,0,4.6,https://upload.wikimedia.org/wikipedia/commons/7/70/COLLECTIE_TROPENMUSEUM_De_waringins_op_de_alun-alun_bij_de_ingang_van_de_kraton_van_de_sultan_van_Jogjakarta_TMnr_60022716.jpg,-6.9216776,107.607151
5,Pasar Kebon Empring Bintaran,Pusat Perbelanjaan,Yogyakarta,0,4.4,https://picsum.photos/seed/PasarKebonEmpringBintaran/400/250,,
1,Pantai Jogan,Bahari,Yogyakarta,5000,4.4,https://upload.wikimedia.org/wikipedia/commons/thumb/a/a4/Indonesia_location_map.svg/langid-1280px-Indonesia_location_map.svg.png,-8.1802349,110.67649
3,Taman Film,Budaya,Bandung,0,4.3,https://picsum.photos/seed/TamanFilm/400/250,-6.8985088,107.6077767
1,Puncak Pinus Becici,Taman Hiburan,Yogyakarta,3000,4.5,https://upload.wikimedia.org/wikipedia/commons/d/d9/Puncak_Pinus_Becici.jpg,-7.9012592,110.4372592
1,Semarang Contemporary Art Gallery,Budaya,Semarang,10000,4.6,https://picsum.photos/seed/SemarangContemporaryArtGallery/400/250,,
5,Waterpark Kenjeran Surabaya,Taman Hiburan,Surabaya,35000,4.1,https://upload.wikimedia.org/wikipedia/commons/thumb/7/7a/Visual_K2_Trans_Jatim_Tribhuwana.jpg/3840px-Visual_K2_Trans_Jatim_Tribhuwana.jpg,,
4,Surabaya Museum (Gedung Siola),Budaya,Surabaya,0,4.5,https://upload.wikimedia.org/wikipedia/commons/thumb/2/21/Tunjungan_Siola_di_2022.jpg/3840px-Tunjungan_Siola_di_2022.jpg,,
1,Geoforest Watu Payung Turunan,Cagar Alam,Yogyakarta,0,4.5,https://picsum.photos/seed/GeoforestWatuPayungTurunan/400/250,,
1,Jogja Exotarium,Taman Hiburan,Yogyakarta,20000,4.4,https://picsum.photos/seed/JogjaExotarium/400/250,-7.7286281,110.3584886
2,Taman Sungai Mudal,Cagar Alam,Yogyakarta,10000,4.6,https://picsum.photos/seed/TamanSungaiMudal/400/250,-7.7627101,110.1162841
5,Taman Sejarah Bandung,Budaya,Bandung,0,4.6,https://upload.wikimedia.org/wikipedia/commons/thumb/f/ff/Taman_Balai_Kota_Bandung.jpg/3840px-Taman_Balai_Kota_Bandung.jpg,-6.910367,107.6103563
2,Trans Studio Bandung,Taman Hiburan,Bandung,280000,4.5,https://upload.wikimedia.org/wikipedia/id/thumb/d/d4/Trans_Studio_logo_2011.svg/langid-60px-Trans_Studio_logo_2011.svg.png,-6.9247021,107.6360969
1,Taman Impian Jaya Ancol,Taman Hiburan,Jakarta,25000,4.5,https://upload.wikimedia.org/wikipedia/id/thumb/3/3e/Logo_Taman_Impian_Jaya_Ancol_%282022%29.svg/langid-960px-Logo_Taman_Impian_Jaya_Ancol_%282022%29.svg.png,-6.1215807,106.8371407
4,Pasar Baru,Pusat Perbelanjaan,Bandung,0,4.3,https://upload.wikimedia.org/wikipedia/commons/1/19/Pasar_Baru_Jakarta_Pusat.JPG,-6.9174245,107.6037561
1,Kampung Wisata Rejowinangun,Budaya,Yogyakarta,0,4.3,https://upload.wikimedia.org/wikipedia/id/3/30/Kampung_Coklat_Blitar.jpg,,
5,Kampung Batu Malakasari,Taman Hiburan,Bandung,10000,4.1,https://upload.wikimedia.org/wikipedia/commons/b/b4/RSUD_Al_Ihsan_2.jpg,,
5,Monumen Kapal Selam,Budaya,Surabaya,15000,4.4,https://upload.wikimedia.org/wikipedia/commons/6/60/Submarine_Monument_Surabaya_2.JPG,-7.265434,112.7503063
5,Kampoeng Djadhoel Semarang,Budaya,Semarang,10000,4.7,https://picsum.photos/seed/KampoengDjadhoelSemarang/400/250,,
3,Patung Buddha Empat Rupa,Budaya,Surabaya,0,4.3,https://upload.wikimedia.org/wikipedia/commons/2/24/Prajnaparamita_Java_Side_Detail.JPG,,
1,Curug Anom,Cagar Alam,Bandung,0,4.6,https://upload.wikimedia.org/wikipedia/commons/thumb/7/7c/Anom_Waterfall_Bottom_View.jpg/3840px-Anom_Waterfall_Bottom_View.jpg,,
2,Panama Park 825,Taman Hiburan,Bandung,50000,4.4,https://picsum.photos/seed/PanamaPark825/400/250,,
1,Gedung Agung Yogyakarta,Budaya,Yogyakarta,0,4.6,https://upload.wikimedia.org/wikipedia/commons/3/3c/Gedung_Agung_May_12_2025.jpg,-7.800169,110.3638046
3,Taman Jomblo,Taman Hiburan,Bandung,10000,4.1,https://picsum.photos/seed/TamanJomblo/400/250,-6.8981221,107.6092198
3,GPIB Immanuel Semarang (Gereja Blenduk),Tempat Ibadah,Semarang,0,4.6,https://upload.wikimedia.org/wikipedia/commons/thumb/6/6e/Exterior_of_Blenduk_Church%2C_Semarang%2C_2014-06-18.jpg/3840px-Exterior_of_Blenduk_Church%2C_Semarang%2C_2014-06-18.jpg,,
4,GPIB Immanuel Semarang (Gereja Blenduk),Tempat Ibadah,Semarang,0,4.6,https://upload.wikimedia.org/wikipedia/commons/thumb/6/6e/Exterior_of_Blenduk_Church%2C_Semarang%2C_2014-06-18.jpg/3840px-Exterior_of_Blenduk_Church%2C_Semarang%2C_2014-06-18.jpg,,
1,Taman Harmoni Keputih,Cagar Alam,Surabaya,0,4.4,https://picsum.photos/seed/TamanHarmoniKeputih/400/250,-7.295047,112.8036032
1,Bukit Panguk Kediwung,Budaya,Yogyakarta,250000,4.5,https://picsum.photos/seed/BukitPangukKediwung/400/250,-7.9597565,110.4405654
1,Wot Batu,Cagar Alam,Bandung,50000,4.7,https://upload.wikimedia.org/wikipedia/commons/thumb/f/fa/Wot_Batu.jpg/3840px-Wot_Batu.jpg,-6.8585391,107.6366148
5,"Bukit Paralayang, Watugupit",Cagar Alam,Yogyakarta,5000,4.7,https://upload.wikimedia.org/wikipedia/commons/2/29/Bukit_Paralayang_-_Pantai_Parangtritits.jpg,,
1,Jendela Alam,Taman Hiburan,Bandung,20000,4.4,https://upload.wikimedia.org/wikipedia/id/2/2e/Poster_Pabrik_Gula.jpg,,
1,De Mata Museum Jogja,Budaya,Yogyakarta,50000,4.4,https://upload.wikimedia.org/wikipedia/commons/thumb/4/4d/Armada_4A_Trans_Jogja.jpg/3840px-Armada_4A_Trans_Jogja.jpg,,
1,Museum Mpu Tantular,Budaya,Surabaya,2000,4.4,https://upload.wikimedia.org/wikipedia/commons/thumb/5/5d/Mpu_Tantular_Museum.jpg/3840px-Mpu_Tantular_Museum.jpg,,
5,Sindu Kusuma Edupark (SKE),Taman Hiburan,Yogyakarta,20000,4.2,https://picsum.photos/seed/SinduKusumaEdupark(SKE)/400/250,,
3,Kawah Rengganis Cibuni,Cagar Alam,Bandung,5000,4.3,https://upload.wikimedia.org/wikipedia/commons/f/ff/Kawah_Putih_Lake.jpg,-7.1739727,107.3746848
5,Wisata Alam Mangrove Angke,Cagar Alam,Jakarta,25000,4.3,https://upload.wikimedia.org/wikipedia/commons/6/6d/PIK_Centre.jpg,,
5,GunungTangkuban perahu,Cagar Alam,Bandung,30000,4.5,https://upload.wikimedia.org/wikipedia/commons/thumb/9/9a/Panoramic_View_of_Kawah_Ratu_Crater_in_Mt.Tangkuban_Perahu.jpg/3840px-Panoramic_View_of_Kawah_Ratu_Crater_in_Mt.Tangkuban_Perahu.jpg,,
3,Puspa Iptek Sundial,Taman Hiburan,Bandung,25000,4.4,https://upload.wikimedia.org/wikipedia/commons/0/06/Science_Center%2C_Puspa_Iptek%2C_Kota_Baru_Parahyangan_-_panoramio_%281%29.jpg,-6.8522473,107.4939926
2,Taman Hiburan Rakyat,Taman Hiburan,Surabaya,5000,4.2,https://picsum.photos/seed/TamanHiburanRakyat/400/250,,
1,Monumen Bambu Runcing Surabaya,Budaya,Surabaya,0,4.6,https://upload.wikimedia.org/wikipedia/commons/thumb/0/07/Bambu_runcing%2C_Monumen_Jogja_Kembali.jpg/3840px-Bambu_runcing%2C_Monumen_Jogja_Kembali.jpg,,
2,Goa Rong,Cagar Alam,Semarang,5000,4.3,https://picsum.photos/seed/GoaRong/400/250,-7.2723204,110.4700414
3,Taman Sejarah Bandung,Budaya,Bandung,0,4.6,https://upload.wikimedia.org/wikipedia/commons/thumb/f/ff/Taman_Balai_Kota_Bandung.jpg/3840px-Taman_Balai_Kota_Bandung.jpg,-6.910367,107.6103563
1,The Great Asia Africa,Taman Hiburan,Bandung,50000,4.4,https://upload.wikimedia.org/wikipedia/commons/thumb/a/a9/Gunung_Batu.jpg/3840px-Gunung_Batu.jpg,,
3,Alun-alun Utara Keraton Yogyakarta,Budaya,Yogyakarta,0,4.6,https://upload.wikimedia.org/wikipedia/commons/7/70/COLLECTIE_TROPENMUSEUM_De_waringins_op_de_alun-alun_bij_de_ingang_van_de_kraton_van_de_sultan_van_Jogjakarta_TMnr_60022716.jpg,,
1,Situs Warungboto,Taman Hiburan,Yogyakarta,0,4.4,https://upload.wikimedia.org/wikipedia/commons/thumb/9/92/Situs_Warungboto.jpg/3840px-Situs_Warungboto.jpg,-7.8103543,110.3932221
1,Pemandian Air Panas Cimanggu,Cagar Alam,Bandung,23000,3.9,https://picsum.photos/seed/PemandianAirPanasCimanggu/400/250,,
2,Pantai Patihan,Bahari,Yogyakarta,5000,4.1,https://upload.wikimedia.org/wikipedia/id/4/4a/KcmtBwi.jpg,,
2,Desa Wisata Gamplong,Taman Hiburan,Yogyakarta,10000,4.4,https://upload.wikimedia.org/wikipedia/commons/a/a1/Boerderij_Buitenzorg_-_Studio_Alam_Gamplong_-_Bumi_Manusia.jpg,,
4,Waduk Jatibarang,Cagar Alam,Semarang,2500,4.3,https://upload.wikimedia.org/wikipedia/commons/thumb/a/a4/Indonesia_location_map.svg/langid-1280px-Indonesia_location_map.svg.png,-7.0420774,110.3458919
1,Kampung Wisata Sosro Menduran,Budaya,Yogyakarta,0,4.0,https://picsum.photos/seed/KampungWisataSosroMenduran/400/250,,
5,Pasar Baru,Pusat Perbelanjaan,Bandung,0,4.3,https://upload.wikimedia.org/wikipedia/commons/1/19/Pasar_Baru_Jakarta_Pusat.JPG,-6.9174245,107.6037561
1,Pantai Timang,Bahari,Yogyakarta,10000,4.7,https://upload.wikimedia.org/wikipedia/commons/thumb/f/f2/Gondala_pantai_Timang_-_Gunung_Kidul%2C_DIY.jpg/3840px-Gondala_pantai_Timang_-_Gunung_Kidul%2C_DIY.jpg,-8.1756475,110.6632846
3,Galeri Nasional Indonesia,Budaya,Jakarta,0,4.6,https://upload.wikimedia.org/wikipedia/commons/7/7d/National_Gallery_of_Indonesia.JPG,,
4,Pantai Maron,Bahari,Semarang,5000,3.4,https://upload.wikimedia.org/wikipedia/commons/0/07/Mancing_mania_%2819020077606%29.jpg,-6.9540164,110.3604817
1,Taman Hutan Raya Ir. H. Juanda,Cagar Alam,Bandung,11000,4.5,https://upload.wikimedia.org/wikipedia/commons/0/07/Taman_Hutan_Raya_IR_Djuanda.jpg,-6.8411686,107.6503782
2,Pasar Taman Puring,Pusat Perbelanjaan,Jakarta,0,4.4,https://upload.wikimedia.org/wikipedia/commons/3/30/Halte_Transjakarta_Mayestik.jpg,-6.241405,106.789092
2,Water Blaster Bukit Candi Golf,Taman Hiburan,Semarang,80000,4.2,https://picsum.photos/seed/WaterBlasterBukitCandiGolf/400/250,-7.0229906,110.4388326
3,The World Landmarks - Merapi Park Yogyakarta,Taman Hiburan,Yogyakarta,22000,4.2,https://upload.wikimedia.org/wikipedia/commons/thumb/c/c7/Merapi_Park.jpg/3840px-Merapi_Park.jpg,,
1,Kebun Bibit Wonorejo,Cagar Alam,Surabaya,0,4.4,https://picsum.photos/seed/KebunBibitWonorejo/400/250,-7.3116953,112.7894948
5,Caringin Tilu,Cagar Alam,Bandung,0,4.4,https://upload.wikimedia.org/wikipedia/commons/thumb/8/81/Sunda_Kingdom_id.svg/langid-960px-Sunda_Kingdom_id.svg.png,,
2,Taman Srigunting,Taman Hiburan,Semarang,0,4.7,https://upload.wikimedia.org/wikipedia/commons/e/e9/Lesser_racket-tailed_drongo_%28Dicrurus_remifer_tectirostris%29.jpg,-6.9679428,110.4276983
1,Taman Situ Lembang,Taman Hiburan,Jakarta,0,4.5,https://upload.wikimedia.org/wikipedia/commons/3/34/Taman_Situ_Lembang.jpg,-6.1978547,106.8342762
1,Kyotoku Floating Market,Budaya,Bandung,175000,4.5,https://upload.wikimedia.org/wikipedia/id/e/e1/BEASTARS%2C_volume_1.jpg,,
5,Bukit Gantole Cililin,Cagar Alam,Bandung,0,4.4,https://picsum.photos/seed/BukitGantoleCililin/400/250,,
3,Museum Basoeki Abdullah,Budaya,Jakarta,1000,4.6,https://upload.wikimedia.org/wikipedia/id/0/04/Basuki_abdullah.jpeg,,
4,Taman Harmoni Keputih,Cagar Alam,Surabaya,0,4.4,https://picsum.photos/seed/TamanHarmoniKeputih/400/250,-7.295047,112.8036032
5,Museum Sri Baduga,Budaya,Bandung,3000,4.5,https://upload.wikimedia.org/wikipedia/commons/thumb/d/d2/Sri_Baduga_Museum.JPG/3840px-Sri_Baduga_Museum.JPG,-6.9377186,107.6035761
1,Gunung Lalakon,Cagar Alam,Bandung,0,4.8,https://upload.wikimedia.org/wikipedia/commons/c/c1/Indonesia_Java_relief_location_map.png,-6.958056,107.520556
2,Masjid Istiqlal,Tempat Ibadah,Jakarta,0,4.7,https://upload.wikimedia.org/wikipedia/id/2/25/Masjid_Istiqlal_-_Panoramio.jpg,-6.1702395,106.8310056
1,Pantai Sepanjang,Bahari,Yogyakarta,10000,4.4,https://picsum.photos/seed/PantaiSepanjang/400/250,-8.1368979,110.5658723
1,Museum Kebangkitan Nasional,Budaya,Jakarta,2000,4.7,https://upload.wikimedia.org/wikipedia/commons/c/cf/Old_Dutch_building_-_panoramio.jpg,-6.1786737,106.8380305
1,Taman Pelangi,Taman Hiburan,Surabaya,0,4.5,https://upload.wikimedia.org/wikipedia/commons/7/7a/Lampion.jpg,-7.327841,112.7311681
1,Stone Garden Citatah,Taman Hiburan,Bandung,30000,4.4,https://upload.wikimedia.org/wikipedia/commons/3/3b/View_from_bridge_-_panoramio_%282%29.jpg,,
1,Mall Thamrin City,Pusat Perbelanjaan,Jakarta,0,4.4,https://upload.wikimedia.org/wikipedia/commons/thumb/2/25/Interior_Thamrin_City%2C_2025.jpg/1920px-Interior_Thamrin_City%2C_2025.jpg,-6.1944082,106.8145468
3,Pintoe Langit Dahromo,Cagar Alam,Yogyakarta,2500,4.4,https://picsum.photos/seed/PintoeLangitDahromo/400/250,,
1,Taman Begonia,Cagar Alam,Bandung,10000,4.4,https://upload.wikimedia.org/wikipedia/commons/thumb/4/41/DJI_0128_Bali_Botanic_Garden.jpg/3840px-DJI_0128_Bali_Botanic_Garden.jpg,,
3,Tebing Karaton,Cagar Alam,Bandung,15000,4.5,https://upload.wikimedia.org/wikipedia/id/9/9d/20140730_tebing_keraton.jpg,,
1,Pantai Marina,Bahari,Semarang,3000,4.1,https://upload.wikimedia.org/wikipedia/commons/thumb/a/a4/Indonesia_location_map.svg/langid-1280px-Indonesia_location_map.svg.png,-6.9476655,110.3901407
5,Monumen Sanapati,Budaya,Yogyakarta,15000,4.3,https://upload.wikimedia.org/wikipedia/commons/thumb/7/76/Museum_Sandi_Kotabaru_di_Yogyakarta.jpg/1920px-Museum_Sandi_Kotabaru_di_Yogyakarta.jpg,-7.788184,110.3715672
2,Gua Maria Kerep Ambarawa,Cagar Alam,Semarang,2000,4.8,https://upload.wikimedia.org/wikipedia/commons/7/7f/St_Mary_statue_at_Maria_Kerep_Cave%2C_Ambarawa.jpg,-7.255488,110.3984538
2,Taman Kunang-Kunang,Taman Hiburan,Surabaya,0,4.4,https://upload.wikimedia.org/wikipedia/commons/b/b4/Locator_Kecamatan_Rungkut_di_Kota_Surabaya.png,-7.3180982,112.7840627
4,Pantai Cipta,Bahari,Semarang,5000,4.0,https://upload.wikimedia.org/wikipedia/commons/thumb/c/c6/Logo_Kementerian_Pekerjaan_Umum_Republik_Indonesia.svg/langid-960px-Logo_Kementerian_Pekerjaan_Umum_Republik_Indonesia.svg.png,,
3,Monumen Tugu Pahlawan,Budaya,Surabaya,0,4.7,https://upload.wikimedia.org/wikipedia/commons/3/3e/Tugu_Pahlawan_Surabaya.jpg,-7.2454453,112.7378996
4,Candi Donotirto,Budaya,Yogyakarta,0,4.4,https://picsum.photos/seed/CandiDonotirto/400/250,-7.7955912,110.3612347
1,Pulau Bidadari,Bahari,Jakarta,5000,4.6,https://upload.wikimedia.org/wikipedia/commons/thumb/0/04/Angel_island_-_Sixth_stop_%2816932267198%29.jpg/3840px-Angel_island_-_Sixth_stop_%2816932267198%29.jpg,-6.0358085,106.7468461
1,Monumen Jalesveva Jayamahe,Budaya,Surabaya,0,4.6,https://upload.wikimedia.org/wikipedia/commons/2/2e/Jalesveva_Jayamahe_Monument%2C_Surabaya.jpg,-7.1954933,112.7396134
4,Curug Anom,Cagar Alam,Bandung,0,4.6,https://upload.wikimedia.org/wikipedia/commons/thumb/7/7c/Anom_Waterfall_Bottom_View.jpg/3840px-Anom_Waterfall_Bottom_View.jpg,,
3,Dunia Fantasi,Taman Hiburan,Jakarta,270000,4.6,https://picsum.photos/seed/DuniaFantasi/400/250,-6.1242122,106.832156
5,Pulau Pramuka,Bahari,Jakarta,5000,4.2,https://upload.wikimedia.org/wikipedia/commons/7/74/Dermaga_Pulau_Pramuka.jpg,-5.7457903,106.6137136
4,Pantai Depok Jogja,Bahari,Yogyakarta,10000,4.3,https://upload.wikimedia.org/wikipedia/commons/3/36/Jogja_bay_Volcano_Coaster.jpg,,
1,Patung Sura dan Buaya,Budaya,Surabaya,0,4.6,https://upload.wikimedia.org/wikipedia/commons/7/7e/Taman_suroboyo.jpg,,
4,Taman Lansia,Taman Hiburan,Bandung,0,4.4,https://picsum.photos/seed/TamanLansia/400/250,-6.8975989,107.6312048
1,Pantai Siung,Bahari,Yogyakarta,10000,4.6,https://upload.wikimedia.org/wikipedia/commons/a/a7/WATU_TOGOG_PANTAI_SIUNG.jpg,-8.1821587,110.6839762
1,Masjid Agung Trans Studio Bandung,Tempat Ibadah,Bandung,0,4.8,https://picsum.photos/seed/MasjidAgungTransStudioBandung/400/250,-6.9259196,107.635428
2,Taman Badak,Taman Hiburan,Bandung,0,4.5,https://upload.wikimedia.org/wikipedia/commons/b/b7/Rhino_collage.png,,
2,Pulau Tidung,Bahari,Jakarta,150000,4.5,https://upload.wikimedia.org/wikipedia/commons/9/90/Pulau_Tidung.jpg,-5.7981252,106.4989506
1,Perpustakaan Nasional,Budaya,Jakarta,0,4.7,https://upload.wikimedia.org/wikipedia/commons/thumb/e/e2/LOGO-PERPUSNAS.svg/langid-1920px-LOGO-PERPUSNAS.svg.png,-6.1806956,106.8264664
5,Museum Ullen Sentalu,Budaya,Yogyakarta,100000,4.7,https://upload.wikimedia.org/wikipedia/commons/6/6e/Papan_penanda_di_area_Museum_Ullen_Sentalu%2C_Kaliurang.jpg,-7.5976483,110.4233962
4,Candi Borobudur,Budaya,Yogyakarta,50000,4.7,https://upload.wikimedia.org/wikipedia/commons/thumb/2/25/Pradaksina.jpg/3840px-Pradaksina.jpg,,
1,Museum Seni Rupa dan Kramik,Budaya,Jakarta,5000,4.4,https://picsum.photos/seed/MuseumSeniRupadanKramik/400/250,,
5,Pantai Jogan,Bahari,Yogyakarta,5000,4.4,https://upload.wikimedia.org/wikipedia/commons/thumb/a/a4/Indonesia_location_map.svg/langid-1280px-Indonesia_location_map.svg.png,-8.1802349,110.67649
2,Masjid Muhammad Cheng Hoo,Tempat Ibadah,Surabaya,0,4.7,https://upload.wikimedia.org/wikipedia/commons/thumb/f/f3/Masjid_Muhammad_Cheng_Ho_Balikpapan_%2801%29.jpg/3840px-Masjid_Muhammad_Cheng_Ho_Balikpapan_%2801%29.jpg,-7.2519525,112.7467958
1,Candi Ratu Boko,Budaya,Yogyakarta,75000,4.6,https://upload.wikimedia.org/wikipedia/commons/thumb/7/77/Kraton_Ratu_Boko_%28Ratu_Boko_Temple%29_in_Yogyakarta%2C_Indonesia_03.jpg/3840px-Kraton_Ratu_Boko_%28Ratu_Boko_Temple%29_in_Yogyakarta%2C_Indonesia_03.jpg,-7.7779947,110.4940445
1,Sendang Geulis Kahuripan,Cagar Alam,Bandung,10000,4.3,https://upload.wikimedia.org/wikipedia/commons/thumb/7/76/Kahuripan_in_Kadungora.jpg/3840px-Kahuripan_in_Kadungora.jpg,,
1,Caringin Tilu,Cagar Alam,Bandung,0,4.4,https://upload.wikimedia.org/wikipedia/commons/thumb/8/81/Sunda_Kingdom_id.svg/langid-960px-Sunda_Kingdom_id.svg.png,,
1,Wisata Lereng Kelir,Cagar Alam,Semarang,7000,4.3,https://upload.wikimedia.org/wikipedia/commons/thumb/6/61/Indonesia_Sleman_Regency_location_map.svg/langid-1280px-Indonesia_Sleman_Regency_location_map.svg.png,,
5,Kampoeng Kopi Banaran,Taman Hiburan,Semarang,200000,4.3,https://upload.wikimedia.org/wikipedia/commons/c/c5/Museum_Kopi_Banaran.jpg,-7.2546718,110.4416226
3,Durian Gardens and Tourism Education Watu Simbar,Cagar Alam,Semarang,5000,4.1,https://picsum.photos/seed/DurianGardensandTourismEducationWatuSimbar/400/250,,
2,Blue Lagoon Jogja,Taman Hiburan,Yogyakarta,10000,4.3,https://picsum.photos/seed/BlueLagoonJogja/400/250,,
1,Selasar Sunaryo Art Space,Taman Hiburan,Bandung,25000,4.6,https://upload.wikimedia.org/wikipedia/commons/thumb/b/b2/Dongker_Photo_2025.png/3840px-Dongker_Photo_2025.png,-6.8586315,107.6365204
3,Masjid Muhammad Cheng Hoo,Tempat Ibadah,Surabaya,0,4.7,https://upload.wikimedia.org/wikipedia/commons/thumb/f/f3/Masjid_Muhammad_Cheng_Ho_Balikpapan_%2801%29.jpg/3840px-Masjid_Muhammad_Cheng_Ho_Balikpapan_%2801%29.jpg,-7.2519525,112.7467958
2,Museum Mpu Tantular,Budaya,Surabaya,2000,4.4,https://upload.wikimedia.org/wikipedia/commons/thumb/5/5d/Mpu_Tantular_Museum.jpg/3840px-Mpu_Tantular_Museum.jpg,,
4,Situ Patenggang,Cagar Alam,Bandung,20000,4.5,https://upload.wikimedia.org/wikipedia/commons/4/43/Junghuhn_See_Telaga_Patengan_auf_Java.jpg,-7.1652597,107.3697821
1,Monumen Perjuangan Rakyat Jawa Barat,Budaya,Bandung,0,4.5,https://upload.wikimedia.org/wikipedia/commons/thumb/4/43/Monumen_Perjuangan_Rakyat_Jawa_Barat_01.jpg/3840px-Monumen_Perjuangan_Rakyat_Jawa_Barat_01.jpg,-6.8934346,107.6185412
1,Durian Gardens and Tourism Education Watu Simbar,Cagar Alam,Semarang,5000,4.1,https://picsum.photos/seed/DurianGardensandTourismEducationWatuSimbar/400/250,,
3,Monumen Bandung Lautan Api,Budaya,Bandung,0,4.3,https://picsum.photos/seed/MonumenBandungLautanApi/400/250,,
5,Water Park Bandung Indah,Taman Hiburan,Bandung,50000,4.0,https://upload.wikimedia.org/wikipedia/id/a/a0/OPI_Mall_logo.png,,
3,NuArt Sculpture Park,Taman Hiburan,Bandung,50000,4.7,https://upload.wikimedia.org/wikipedia/commons/3/30/Nugallery.jpg,-6.8772419,107.5724908
1,Hutan Wisata Tinjomoyo Semarang,Cagar Alam,Semarang,3000,4.3,https://upload.wikimedia.org/wikipedia/commons/thumb/a/a4/Indonesia_location_map.svg/langid-1280px-Indonesia_location_map.svg.png,-7.0280535,110.4008314
1,Museum Sumpah Pemuda,Budaya,Jakarta,2000,4.7,https://upload.wikimedia.org/wikipedia/commons/3/30/Historical_Indonesian_Youth_Pledge%2C_Sumpah_Pemuda_in_1928.jpg,-6.1838167,106.8430499
4,Gedung Agung Yogyakarta,Budaya,Yogyakarta,0,4.6,https://upload.wikimedia.org/wikipedia/commons/3/3c/Gedung_Agung_May_12_2025.jpg,-7.800169,110.3638046
2,Taman Jomblo,Taman Hiburan,Bandung,10000,4.1,https://picsum.photos/seed/TamanJomblo/400/250,-6.8981221,107.6092198
5,Pantai Ngobaran,Bahari,Yogyakarta,5000,4.6,https://upload.wikimedia.org/wikipedia/commons/thumb/4/47/Ngobaran_Beach.jpg/3840px-Ngobaran_Beach.jpg,-8.1260905,110.5220331
4,Puncak Segoro,Cagar Alam,Yogyakarta,5000,4.2,https://upload.wikimedia.org/wikipedia/commons/0/0f/Bledug_Kuwu_2.jpg,,
4,Kebun Binatang Ragunan,Cagar Alam,Jakarta,4000,4.5,https://upload.wikimedia.org/wikipedia/commons/7/78/Ragunan_Zoo_Gate.jpg,-6.3114056,106.8216897
4,Taman Cattleya,Taman Hiburan,Jakarta,20000,4.5,https://upload.wikimedia.org/wikipedia/commons/5/55/PhalaenopsisOphrysPaphiopedilumMaxillaria.jpg,-6.1821561,106.7942912
1,Pasar Petak Sembilan,Pusat Perbelanjaan,Jakarta,0,4.4,https://upload.wikimedia.org/wikipedia/commons/2/23/StasiunSurabayaPasarturi.jpg,,
4,Taman Ekspresi Dan Perpustakaan,Taman Hiburan,Surabaya,0,4.5,https://upload.wikimedia.org/wikipedia/commons/thumb/d/d3/Plaza_Taman_Ismail_Marzuki.jpg/3840px-Plaza_Taman_Ismail_Marzuki.jpg,,
2,Kebun Binatang Ragunan,Cagar Alam,Jakarta,4000,4.5,https://upload.wikimedia.org/wikipedia/commons/7/78/Ragunan_Zoo_Gate.jpg,-6.3114056,106.8216897
4,Taman Kupu-Kupu Cihanjuang,Cagar Alam,Bandung,10000,4.0,https://picsum.photos/seed/TamanKupu-KupuCihanjuang/400/250,,
3,Embung Tambakboyo,Taman Hiburan,Yogyakarta,0,4.4,https://upload.wikimedia.org/wikipedia/commons/4/43/Waduk_Tambakboyo_01.jpg,-7.7554434,110.4143353
3,Taman Keputran,Taman Hiburan,Surabaya,0,4.3,https://upload.wikimedia.org/wikipedia/commons/thumb/8/83/Yogyakarta_Sultanate_Hamengkubhuwono_X_Emblem.svg/langid-500px-Yogyakarta_Sultanate_Hamengkubhuwono_X_Emblem.svg.png,-7.2732055,112.744145
3,Sumur Gumuling,Taman Hiburan,Yogyakarta,7000,4.5,https://upload.wikimedia.org/wikipedia/commons/4/42/COLLECTIE_TROPENMUSEUM_Gebedsruimte_in_Taman_Sari_het_waterkasteel_van_de_Sultan_van_Yogyakarta_TMnr_10016553.jpg,-7.808775,110.3591432
3,Taman Prestasi,Taman Hiburan,Surabaya,0,4.6,https://upload.wikimedia.org/wikipedia/commons/c/c3/Teddy_Indra_Wijaya_-_Cabinet_Secretary.png,-7.2611372,112.7427739
3,Pulau Pelangi,Bahari,Jakarta,900000,4.8,https://upload.wikimedia.org/wikipedia/id/1/17/Laskar_Pelangi_film.jpg,-5.5860482,106.5905858
4,Bukit Gantole Cililin,Cagar Alam,Bandung,0,4.4,https://picsum.photos/seed/BukitGantoleCililin/400/250,,
4,Museum Kereta Ambarawa,Budaya,Semarang,10000,4.5,https://upload.wikimedia.org/wikipedia/commons/thumb/8/8a/%22%2Barya%2B%22_stasiun_ambarawa_museum_2023_2.jpg/3840px-%22%2Barya%2B%22_stasiun_ambarawa_museum_2023_2.jpg,-7.2651797,110.4021659
1,Hutan Mangrove Kulon Progo,Bahari,Yogyakarta,5000,4.1,https://picsum.photos/seed/HutanMangroveKulonProgo/400/250,,
2,Pantai Sepanjang,Bahari,Yogyakarta,10000,4.4,https://picsum.photos/seed/PantaiSepanjang/400/250,-8.1368979,110.5658723
3,Pantai Parangtritis,Bahari,Yogyakarta,10000,4.5,https://upload.wikimedia.org/wikipedia/commons/b/b3/Dusk_till_dawn_%28cropped%29.jpg,-8.0272827,110.3370078
1,Keraton Surabaya,Budaya,Surabaya,0,4.4,https://upload.wikimedia.org/wikipedia/commons/thumb/8/83/Yogyakarta_Sultanate_Hamengkubhuwono_X_Emblem.svg/langid-500px-Yogyakarta_Sultanate_Hamengkubhuwono_X_Emblem.svg.png,-7.2550377,112.7443229
1,Taman Budaya Yogyakarta,Budaya,Yogyakarta,0,4.5,https://upload.wikimedia.org/wikipedia/commons/b/bc/ArtJog_2013%2C_Taman_Budaya_Yogyakarta.JPG,-7.8001356,110.367656
1,Pantai Ria Kenjeran,Bahari,Surabaya,15000,4.2,https://upload.wikimedia.org/wikipedia/commons/8/8b/Locator_Kecamatan_Kenjeran_di_Kota_Surabaya.png,-7.2466208,112.8003445
1,Water Park Bandung Indah,Taman Hiburan,Bandung,50000,4.0,https://upload.wikimedia.org/wikipedia/id/a/a0/OPI_Mall_logo.png,,
2,Embung Tambakboyo,Taman Hiburan,Yogyakarta,0,4.4,https://upload.wikimedia.org/wikipedia/commons/4/43/Waduk_Tambakboyo_01.jpg,-7.7554434,110.4143353
5,Taman Hiburan Rakyat,Taman Hiburan,Surabaya,5000,4.2,https://picsum.photos/seed/TamanHiburanRakyat/400/250,,
4,Museum Layang-layang,Budaya,Jakarta,10000,4.5,https://upload.wikimedia.org/wikipedia/commons/2/21/US646375.png,-6.3078393,106.7906265
4,Museum Seni Rupa dan Kramik,Budaya,Jakarta,5000,4.4,https://picsum.photos/seed/MuseumSeniRupadanKramik/400/250,,
3,Wisata Kraton Jogja,Budaya,Yogyakarta,7000,4.7,https://upload.wikimedia.org/wikipedia/commons/thumb/8/83/Yogyakarta_Sultanate_Hamengkubhuwono_X_Emblem.svg/langid-500px-Yogyakarta_Sultanate_Hamengkubhuwono_X_Emblem.svg.png,-7.8055992,110.3635944
1,Wisata Mangrove Tapak,Cagar Alam,Semarang,5000,4.3,https://upload.wikimedia.org/wikipedia/commons/thumb/5/55/Bali_Barat_mangroves.jpg/3840px-Bali_Barat_mangroves.jpg,,
1,Pantai Nglambor,Bahari,Yogyakarta,10000,4.4,https://upload.wikimedia.org/wikipedia/commons/thumb/f/fa/Afternoon_at_Nglambor_Beach.jpg/3840px-Afternoon_at_Nglambor_Beach.jpg,-8.1823453,110.6792506
3,Taman Mundu,Taman Hiburan,Surabaya,0,4.4,https://upload.wikimedia.org/wikipedia/commons/0/0e/COLLECTIE_TROPENMUSEUM_Blad_en_vrucht_van_de_Xanthochymus_dulcis_roxb_moendoe_TMnr_3401-1683.jpg,,
3,Gereja Perawan Maria Tak Berdosa Surabaya,Tempat Ibadah,Surabaya,10000,4.8,https://upload.wikimedia.org/wikipedia/commons/e/eb/Church_of_the_Birth_of_Our_Lady%2C_Surabaya%2C_2025_%2801%29.jpg,,
4,Blue Lagoon Jogja,Taman Hiburan,Yogyakarta,10000,4.3,https://picsum.photos/seed/BlueLagoonJogja/400/250,,
3,Roemah Seni Sarasvati,Budaya,Bandung,0,4.4,https://picsum.photos/seed/RoemahSeniSarasvati/400/250,,
4,Masjid Pusdai,Tempat Ibadah,Bandung,0,4.7,https://upload.wikimedia.org/wikipedia/commons/thumb/f/ff/Two_Trans_Metro_Bandung%27s_Nucleus_Bus_at_Cicaheum.jpg/3840px-Two_Trans_Metro_Bandung%27s_Nucleus_Bus_at_Cicaheum.jpg,-6.9001383,107.6262202
1,Kebun Binatang Bandung,Cagar Alam,Bandung,20000,4.0,https://upload.wikimedia.org/wikipedia/commons/0/0f/Bandung_Zoo_main_gate.JPG,-6.8911349,107.6069218
2,Gunung Manglayang,Cagar Alam,Bandung,7500,4.5,https://upload.wikimedia.org/wikipedia/commons/0/00/Mont_Manglayang.jpg,-6.8810787,107.7357178
1,Monumen Tugu Pahlawan,Budaya,Surabaya,0,4.7,https://upload.wikimedia.org/wikipedia/commons/3/3e/Tugu_Pahlawan_Surabaya.jpg,-7.2454453,112.7378996
5,Air Terjun Kali Pancur,Cagar Alam,Semarang,5000,4.1,https://upload.wikimedia.org/wikipedia/commons/thumb/5/5a/Indonesia_provinces_blank_map.svg/langid-960px-Indonesia_provinces_blank_map.svg.png,,
2,Kampung Korea Bandung,Budaya,Bandung,15000,4.1,https://upload.wikimedia.org/wikipedia/commons/thumb/b/bf/Busway_in_Bundaran_HI.jpg/3840px-Busway_in_Bundaran_HI.jpg,-6.9155688,107.6406431
3,Curug Batu Templek,Cagar Alam,Bandung,5000,4.1,https://picsum.photos/seed/CurugBatuTemplek/400/250,,
1,Masjid Nasional Al-Akbar,Tempat Ibadah,Surabaya,0,4.9,https://upload.wikimedia.org/wikipedia/id/thumb/9/95/Masjid_Nasional_Al-Akbar_Surabaya_2016.jpg/3840px-Masjid_Nasional_Al-Akbar_Surabaya_2016.jpg,-7.3362941,112.7153303
1,Mountain View Golf Club,Cagar Alam,Bandung,375000,4.4,https://upload.wikimedia.org/wikipedia/id/6/65/InterContinental_Bandung_logo.png,,
5,Taman Agrowisata Cilangkap,Taman Hiburan,Jakarta,0,4.2,https://picsum.photos/seed/TamanAgrowisataCilangkap/400/250,,
1,Pantai Patihan,Bahari,Yogyakarta,5000,4.1,https://upload.wikimedia.org/wikipedia/id/4/4a/KcmtBwi.jpg,,
5,Peta Park,Taman Hiburan,Bandung,15000,4.3,https://upload.wikimedia.org/wikipedia/commons/thumb/d/d8/Linkin_Park_-_From_Zero_Lead_Press_Photo_-_James_Minchin_III.jpg/3840px-Linkin_Park_-_From_Zero_Lead_Press_Photo_-_James_Minchin_III.jpg,-6.9317342,107.5883194
1,Air Mancur Menari,Taman Hiburan,Surabaya,35000,4.4,https://picsum.photos/seed/AirMancurMenari/400/250,,
1,Pantai Sanglen,Bahari,Yogyakarta,10000,4.5,https://upload.wikimedia.org/wikipedia/commons/thumb/2/22/Flora_Indonesia.jpg/3840px-Flora_Indonesia.jpg,,
3,Kampung Wisata Sosro Menduran,Budaya,Yogyakarta,0,4.0,https://picsum.photos/seed/KampungWisataSosroMenduran/400/250,,
1,Museum De Javasche Bank,Budaya,Surabaya,5000,4.6,https://upload.wikimedia.org/wikipedia/commons/thumb/b/bf/Bank_Indonesia_Lama.jpg/3840px-Bank_Indonesia_Lama.jpg,-7.2352686,112.7367785
1,Museum Pos Indonesia,Budaya,Bandung,0,4.5,https://upload.wikimedia.org/wikipedia/commons/1/11/Kantor_Pusat_Pos_Indonesia.JPG,-6.9020925,107.6198013
1,Food Junction Grand Pakuwon,Pusat Perbelanjaan,Surabaya,0,4.5,https://upload.wikimedia.org/wikipedia/commons/a/a4/Pakuwon_Trade_Centre_Ekspansi_%2830632349775%29.jpg,,
1,Museum Pendidikan Nasional,Budaya,Bandung,5000,4.6,https://upload.wikimedia.org/wikipedia/commons/0/03/Logo_Museum_Nasional_PNG.png,-6.8597725,107.5941677
3,Taman Kasmaran,Taman Hiburan,Semarang,3000,4.5,https://upload.wikimedia.org/wikipedia/commons/4/4e/Top_15_Indonesian_Idol_14.jpg,-6.9907948,110.4065795
5,Wot Batu,Cagar Alam,Bandung,50000,4.7,https://upload.wikimedia.org/wikipedia/commons/thumb/f/fa/Wot_Batu.jpg/3840px-Wot_Batu.jpg,-6.8585391,107.6366148
3,Pecinan Glodok,Pusat Perbelanjaan,Jakarta,0,4.3,https://upload.wikimedia.org/wikipedia/commons/thumb/c/c0/Kantor_Kelurahan_Glodok%2C_Jakarta_Barat.jpg/3840px-Kantor_Kelurahan_Glodok%2C_Jakarta_Barat.jpg,-6.1448405,106.8131866
2,Watu Lumbung,Cagar Alam,Yogyakarta,5000,4.3,https://upload.wikimedia.org/wikipedia/commons/thumb/f/f6/DSC04587-3.jpg/3840px-DSC04587-3.jpg,-8.1863175,110.7001363
2,Pantai Pulang Sawal,Bahari,Yogyakarta,10000,4.5,https://upload.wikimedia.org/wikipedia/commons/thumb/9/9e/Yogyakarta_Indonesia_Kraton-the-Sultans-Palace-02.jpg/3840px-Yogyakarta_Indonesia_Kraton-the-Sultans-Palace-02.jpg,,
4,Patung Sura dan Buaya,Budaya,Surabaya,0,4.6,https://upload.wikimedia.org/wikipedia/commons/7/7e/Taman_suroboyo.jpg,,
4,Freedom Library,Budaya,Jakarta,0,5.0,https://upload.wikimedia.org/wikipedia/commons/0/04/2009_October_4_Judith_Krug_tribute_01.jpg,-6.212961,106.8298858
5,Taman Pandanaran,Taman Hiburan,Semarang,0,4.4,https://upload.wikimedia.org/wikipedia/commons/0/0d/Three_Berliner_Maschinenbau_steam_locomotives_on_the_Cepu_Forest_Railway_in_Central_Java%2C_Indonesia.JPG,-6.9878331,110.4171959
4,Candi Ijo,Budaya,Yogyakarta,5000,4.6,https://upload.wikimedia.org/wikipedia/commons/9/9d/Candi_Ijo.JPG,-7.7837641,110.5114895
5,Lembang Park & Zoo,Cagar Alam,Bandung,50000,4.5,https://picsum.photos/seed/LembangPark&Zoo/400/250,-6.8054528,107.5913571
3,Pantai Glagah,Bahari,Yogyakarta,5000,4.4,https://upload.wikimedia.org/wikipedia/commons/d/db/Glagah_Beach_Kulon_Progo.jpg,-7.9046994,110.0774413
1,Ciputra Waterpark,Taman Hiburan,Surabaya,95000,4.3,https://picsum.photos/seed/CiputraWaterpark/400/250,-7.2843701,112.6325019
1,Tebing Breksi,Budaya,Yogyakarta,20000,4.4,https://upload.wikimedia.org/wikipedia/commons/thumb/5/5d/Lahan_parkir_dan_amfiteater_di_Tebing_Breksi_Yogyakarta.jpg/3840px-Lahan_parkir_dan_amfiteater_di_Tebing_Breksi_Yogyakarta.jpg,-7.7814295,110.5049834
4,Chingu Cafe Little Seoul,Taman Hiburan,Bandung,50000,4.5,https://picsum.photos/seed/ChinguCafeLittleSeoul/400/250,,
4,Surabaya North Quay,Taman Hiburan,Surabaya,50000,4.4,https://upload.wikimedia.org/wikipedia/commons/d/da/Jembatan_suroboyo_dusk.jpg,,
1,Wisata Agro Edukatif Istana Susu Cibugary,Taman Hiburan,Jakarta,35000,4.5,https://picsum.photos/seed/WisataAgroEdukatifIstanaSusuCibugary/400/250,,
1,Pura Giri Natha,Budaya,Semarang,20000,4.7,https://picsum.photos/seed/PuraGiriNatha/400/250,-6.9982487,110.410747
1,Hutan Pinus Kayon,Cagar Alam,Semarang,6000,4.4,https://upload.wikimedia.org/wikipedia/commons/thumb/d/d8/Pandansimo_Bridge_view_toward_Bantul.jpg/3840px-Pandansimo_Bridge_view_toward_Bantul.jpg,,
1,Galeri Nasional Indonesia,Budaya,Jakarta,0,4.6,https://upload.wikimedia.org/wikipedia/commons/7/7d/National_Gallery_of_Indonesia.JPG,,
4,Pantai Ngobaran,Bahari,Yogyakarta,5000,4.6,https://upload.wikimedia.org/wikipedia/commons/thumb/4/47/Ngobaran_Beach.jpg/3840px-Ngobaran_Beach.jpg,-8.1260905,110.5220331
1,Old City 3D Trick Art Museum,Budaya,Semarang,50000,4.4,https://picsum.photos/seed/OldCity3DTrickArtMuseum/400/250,,
1,Ciwangun Indah Camp Official,Cagar Alam,Bandung,10000,4.3,https://picsum.photos/seed/CiwangunIndahCampOfficial/400/250,,
1,Taman Bunga Cihideung,Cagar Alam,Bandung,0,4.1,https://picsum.photos/seed/TamanBungaCihideung/400/250,,
1,Pasar Kebon Empring Bintaran,Pusat Perbelanjaan,Yogyakarta,0,4.4,https://picsum.photos/seed/PasarKebonEmpringBintaran/400/250,,
5,Pulau Bidadari,Bahari,Jakarta,5000,4.6,https://upload.wikimedia.org/wikipedia/commons/thumb/0/04/Angel_island_-_Sixth_stop_%2816932267198%29.jpg/3840px-Angel_island_-_Sixth_stop_%2816932267198%29.jpg,-6.0358085,106.7468461
4,Rabbit Town,Taman Hiburan,Bandung,45000,4.0,https://upload.wikimedia.org/wikipedia/commons/4/4e/Top_15_Indonesian_Idol_14.jpg,-6.867213,107.6101698
3,The Great Asia Africa,Taman Hiburan,Bandung,50000,4.4,https://upload.wikimedia.org/wikipedia/commons/thumb/a/a9/Gunung_Batu.jpg/3840px-Gunung_Batu.jpg,,
4,Pantai Sepanjang,Bahari,Yogyakarta,10000,4.4,https://picsum.photos/seed/PantaiSepanjang/400/250,-8.1368979,110.5658723
2,Taman Legenda Keong Emas,Taman Hiburan,Jakarta,30000,4.5,https://picsum.photos/seed/TamanLegendaKeongEmas/400/250,-6.3038077,106.892573
1,Kebun Teh Nglinggo,Cagar Alam,Yogyakarta,6000,4.5,https://upload.wikimedia.org/wikipedia/commons/1/1b/Kebun_Teh_Nglinggo.jpg,-7.6449378,110.1428774
5,Kawasan Malioboro,Taman Hiburan,Yogyakarta,0,4.8,https://upload.wikimedia.org/wikipedia/commons/f/f0/Malioboro_Street%2C_Yogyakarta.JPG,-7.7908997,110.3724893
1,Pantai Ngobaran,Bahari,Yogyakarta,5000,4.6,https://upload.wikimedia.org/wikipedia/commons/thumb/4/47/Ngobaran_Beach.jpg/3840px-Ngobaran_Beach.jpg,-8.1260905,110.5220331
3,Pantai Depok Jogja,Bahari,Yogyakarta,10000,4.3,https://upload.wikimedia.org/wikipedia/commons/3/36/Jogja_bay_Volcano_Coaster.jpg,,
5,Sea World,Taman Hiburan,Jakarta,115000,4.5,https://picsum.photos/seed/SeaWorld/400/250,-6.1271525,106.8415944
5,Taman Bunga Cihideung,Cagar Alam,Bandung,0,4.1,https://picsum.photos/seed/TamanBungaCihideung/400/250,,
1,Museum Macan (Modern and Contemporary Art in Nusantara),Budaya,Jakarta,100000,4.5,https://upload.wikimedia.org/wikipedia/commons/thumb/6/61/Suduh_terbaik_di_Museum_Macan_Indonesia.jpg/3840px-Suduh_terbaik_di_Museum_Macan_Indonesia.jpg,,
1,Gua Belanda,Cagar Alam,Bandung,15000,4.4,https://upload.wikimedia.org/wikipedia/commons/0/07/Taman_Hutan_Raya_IR_Djuanda.jpg,,
5,Green Village Gedangsari,Taman Hiburan,Yogyakarta,2000,4.2,https://upload.wikimedia.org/wikipedia/commons/a/a2/Locator_Kecamatan_Gedangsari_ing_Gunung_Kidul.png,-7.8130962,110.6153654
4,Taman Pandanaran,Taman Hiburan,Semarang,0,4.4,https://upload.wikimedia.org/wikipedia/commons/0/0d/Three_Berliner_Maschinenbau_steam_locomotives_on_the_Cepu_Forest_Railway_in_Central_Java%2C_Indonesia.JPG,-6.9878331,110.4171959
4,Pantai Kukup,Bahari,Yogyakarta,10000,4.0,https://upload.wikimedia.org/wikipedia/commons/c/cd/Pantai_Kukup-2.jpg,-8.1334792,110.5538855
2,Waterboom PIK (Pantai Indah Kapuk),Taman Hiburan,Jakarta,300000,4.4,https://upload.wikimedia.org/wikipedia/commons/e/e8/Transjakarta_skywell_low_entry_bus.jpg,-6.1129447,106.7492511
4,Rainbow Garden,Cagar Alam,Bandung,20000,4.6,https://upload.wikimedia.org/wikipedia/commons/f/f1/Meikarta_Tower_Distrik_1.jpg,,
1,Lava Bantal,Budaya,Yogyakarta,5000,4.4,https://upload.wikimedia.org/wikipedia/commons/thumb/b/b1/P%C4%81hoehoe_Lava_flow.JPG/3840px-P%C4%81hoehoe_Lava_flow.JPG,,
2,Museum Kesehatan Dr. Adhyatma,Budaya,Surabaya,10000,4.4,https://upload.wikimedia.org/wikipedia/commons/thumb/8/89/Logo_Kementerian_Kesehatan_Republik_Indonesia_%282024_rev%29.svg/langid-960px-Logo_Kementerian_Kesehatan_Republik_Indonesia_%282024_rev%29.svg.png,,
1,Museum Gedung Sate,Budaya,Bandung,5000,4.6,https://upload.wikimedia.org/wikipedia/commons/thumb/4/41/Museum_Gedung_Sate.jpg/3840px-Museum_Gedung_Sate.jpg,-6.9025816,107.6190825
3,Atlantis Water Adventure,Taman Hiburan,Jakarta,94000,4.5,https://upload.wikimedia.org/wikipedia/id/thumb/3/3e/Logo_Taman_Impian_Jaya_Ancol_%282022%29.svg/langid-960px-Logo_Taman_Impian_Jaya_Ancol_%282022%29.svg.png,,
1,Bangsal Pagelaran,Budaya,Yogyakarta,5000,4.6,https://upload.wikimedia.org/wikipedia/commons/thumb/8/83/Yogyakarta_Sultanate_Hamengkubhuwono_X_Emblem.svg/langid-500px-Yogyakarta_Sultanate_Hamengkubhuwono_X_Emblem.svg.png,-7.8053068,110.3642689
3,Wisata Kampung Krisan Clapar,Taman Hiburan,Semarang,10000,4.1,https://picsum.photos/seed/WisataKampungKrisanClapar/400/250,,
1,Taman Menteng,Taman Hiburan,Jakarta,0,4.5,https://upload.wikimedia.org/wikipedia/commons/4/45/Kniel.jpg,-6.1959974,106.8295739
1,Puspa Iptek Sundial,Taman Hiburan,Bandung,25000,4.4,https://upload.wikimedia.org/wikipedia/commons/0/06/Science_Center%2C_Puspa_Iptek%2C_Kota_Baru_Parahyangan_-_panoramio_%281%29.jpg,-6.8522473,107.4939926
1,Green Village Gedangsari,Taman Hiburan,Yogyakarta,2000,4.2,https://upload.wikimedia.org/wikipedia/commons/a/a2/Locator_Kecamatan_Gedangsari_ing_Gunung_Kidul.png,-7.8130962,110.6153654
1,Wisata Kaliurang,Cagar Alam,Yogyakarta,8000,4.4,https://upload.wikimedia.org/wikipedia/commons/thumb/b/b0/Perundingan_Kaliurang.jpg/3840px-Perundingan_Kaliurang.jpg,-7.6021032,110.4280429
3,Goa Cerme,Cagar Alam,Yogyakarta,3000,4.4,https://picsum.photos/seed/GoaCerme/400/250,-7.9846382,110.3773506
1,Taman Tabanas,Taman Hiburan,Semarang,0,4.4,https://upload.wikimedia.org/wikipedia/commons/7/7b/Mascot_for_2024_Depok_mayoral_election.png,-7.038737,110.4211576
2,Goa Jomblang,Cagar Alam,Yogyakarta,500000,4.6,https://upload.wikimedia.org/wikipedia/commons/thumb/4/47/Jomblang_Cave_-_Indonesia_04.jpg/3840px-Jomblang_Cave_-_Indonesia_04.jpg,-8.0286285,110.6382419
1,Taman Ismail Marzuki,Budaya,Jakarta,5000,4.6,https://upload.wikimedia.org/wikipedia/commons/thumb/d/d3/Plaza_Taman_Ismail_Marzuki.jpg/3840px-Plaza_Taman_Ismail_Marzuki.jpg,-6.189155,106.8398854
5,Pantai Pulang Sawal,Bahari,Yogyakarta,10000,4.5,https://upload.wikimedia.org/wikipedia/commons/thumb/9/9e/Yogyakarta_Indonesia_Kraton-the-Sultans-Palace-02.jpg/3840px-Yogyakarta_Indonesia_Kraton-the-Sultans-Palace-02.jpg,,
4,Wisata Kuliner Pecenongan,Pusat Perbelanjaan,Jakarta,0,5.0,https://picsum.photos/seed/WisataKulinerPecenongan/400/250,,
1,Kota Lama Semarang,Budaya,Semarang,0,4.7,https://upload.wikimedia.org/wikipedia/commons/thumb/7/7e/Lawang_Sewu_in_Semarang_City.jpg/3840px-Lawang_Sewu_in_Semarang_City.jpg,-6.96723,110.4268983
3,Pemandian Air Panas Ciater,Cagar Alam,Bandung,15000,4.3,https://picsum.photos/seed/PemandianAirPanasCiater/400/250,,
2,Taman Kupu-Kupu Cihanjuang,Cagar Alam,Bandung,10000,4.0,https://picsum.photos/seed/TamanKupu-KupuCihanjuang/400/250,,
3,Puncak Gunung Api Purba - Nglanggeran,Cagar Alam,Yogyakarta,10000,4.7,https://upload.wikimedia.org/wikipedia/commons/b/bb/Bukit_Nglanggeran.jpg,,
1,Bendung Lepen,Taman Hiburan,Yogyakarta,0,4.6,https://upload.wikimedia.org/wikipedia/commons/thumb/2/22/Flora_Indonesia.jpg/3840px-Flora_Indonesia.jpg,,
3,Kawasan Punclut,Taman Hiburan,Bandung,20000,4.4,https://picsum.photos/seed/KawasanPunclut/400/250,-6.8505903,107.6144997
5,Taman Tabanas,Taman Hiburan,Semarang,0,4.4,https://upload.wikimedia.org/wikipedia/commons/7/7b/Mascot_for_2024_Depok_mayoral_election.png,-7.038737,110.4211576
1,Studio Alam Gamplong,Taman Hiburan,Yogyakarta,10000,4.4,https://upload.wikimedia.org/wikipedia/commons/a/a1/Boerderij_Buitenzorg_-_Studio_Alam_Gamplong_-_Bumi_Manusia.jpg,,
1,Waterpark Kenjeran Surabaya,Taman Hiburan,Surabaya,35000,4.1,https://upload.wikimedia.org/wikipedia/commons/thumb/7/7a/Visual_K2_Trans_Jatim_Tribhuwana.jpg/3840px-Visual_K2_Trans_Jatim_Tribhuwana.jpg,,
3,Seribu Batu Songgo Langit,Cagar Alam,Yogyakarta,2000,4.6,https://picsum.photos/seed/SeribuBatuSonggoLangit/400/250,-7.9305908,110.4311357
2,Atlantis Land Surabaya,Taman Hiburan,Surabaya,125000,4.4,https://picsum.photos/seed/AtlantisLandSurabaya/400/250,,
1,Bukit Moko,Cagar Alam,Bandung,25000,4.5,https://upload.wikimedia.org/wikipedia/commons/2/2b/Tebing_Karaton_Bandung_Regency.jpg,-6.8580436,107.7113868
4,Masjid Nasional Al-Akbar,Tempat Ibadah,Surabaya,0,4.9,https://upload.wikimedia.org/wikipedia/id/thumb/9/95/Masjid_Nasional_Al-Akbar_Surabaya_2016.jpg/3840px-Masjid_Nasional_Al-Akbar_Surabaya_2016.jpg,-7.3362941,112.7153303
3,Monumen Serangan Umum 1 Maret,Taman Hiburan,Yogyakarta,3000,4.6,https://upload.wikimedia.org/wikipedia/commons/c/cf/Munumen_Serangan_Umum_1_Maret_1949.jpg,,
1,Taman Mini Indonesia Indah (TMII),Taman Hiburan,Jakarta,10000,4.5,https://upload.wikimedia.org/wikipedia/commons/thumb/b/b4/Istana_Anak-anak_Indonesia_TMII_%282025%29_-_img_01.jpg/3840px-Istana_Anak-anak_Indonesia_TMII_%282025%29_-_img_01.jpg,-6.3031933,106.89556
4,Masjid Raya Bandung,Tempat Ibadah,Bandung,0,4.7,https://upload.wikimedia.org/wikipedia/commons/thumb/9/9d/Masjid_Raya_Bandung_dan_Alun-alun_Bandung_%28potrait%29.jpg/3840px-Masjid_Raya_Bandung_dan_Alun-alun_Bandung_%28potrait%29.jpg,-6.9218735,107.6062926
5,Taman Cattleya,Taman Hiburan,Jakarta,20000,4.5,https://upload.wikimedia.org/wikipedia/commons/5/55/PhalaenopsisOphrysPaphiopedilumMaxillaria.jpg,-6.1821561,106.7942912
5,Museum Konferensi Asia Afrika,Budaya,Bandung,0,4.6,https://upload.wikimedia.org/wikipedia/commons/8/84/Musium_KAA.jpg,-6.9210729,107.6096452
4,Museum Konferensi Asia Afrika,Budaya,Bandung,0,4.6,https://upload.wikimedia.org/wikipedia/commons/8/84/Musium_KAA.jpg,-6.9210729,107.6096452
1,Surabaya North Quay,Taman Hiburan,Surabaya,50000,4.4,https://upload.wikimedia.org/wikipedia/commons/d/da/Jembatan_suroboyo_dusk.jpg,,
2,Puncak Segoro,Cagar Alam,Yogyakarta,5000,4.2,https://upload.wikimedia.org/wikipedia/commons/0/0f/Bledug_Kuwu_2.jpg,,
3,Masjid Agung Ungaran,Tempat Ibadah,Semarang,0,4.7,https://upload.wikimedia.org/wikipedia/commons/thumb/5/53/Borobudur%2C_Java%2C_Indonesia%2C_20220817_1016_8757.jpg/3840px-Borobudur%2C_Java%2C_Indonesia%2C_20220817_1016_8757.jpg,-7.1350143,110.4087993
1,Lereng Anteng Panoramic Coffee Place,Cagar Alam,Bandung,50000,4.4,https://picsum.photos/seed/LerengAntengPanoramicCoffeePlace/400/250,,
2,Benteng Pendem,Budaya,Semarang,5000,4.2,https://upload.wikimedia.org/wikipedia/commons/thumb/d/db/DSCN73644_-_Benteng_Fort_Willem_1.jpg/3840px-DSCN73644_-_Benteng_Fort_Willem_1.jpg,-7.270914,110.4102584
3,Gua Belanda,Cagar Alam,Bandung,15000,4.4,https://upload.wikimedia.org/wikipedia/commons/0/07/Taman_Hutan_Raya_IR_Djuanda.jpg,,
3,Museum Gedung Sate,Budaya,Bandung,5000,4.6,https://upload.wikimedia.org/wikipedia/commons/thumb/4/41/Museum_Gedung_Sate.jpg/3840px-Museum_Gedung_Sate.jpg,-6.9025816,107.6190825
1,Kampung Batik Gedong Semarang,Budaya,Semarang,0,4.4,https://upload.wikimedia.org/wikipedia/commons/thumb/5/53/Borobudur%2C_Java%2C_Indonesia%2C_20220817_1016_8757.jpg/3840px-Borobudur%2C_Java%2C_Indonesia%2C_20220817_1016_8757.jpg,-6.968264,110.431876
5,Tugu Proklamasi,Budaya,Jakarta,0,4.6,https://upload.wikimedia.org/wikipedia/commons/7/74/Proclamation_Monument_Jakarta.JPG,-6.2032131,106.8468522
5,Candi Ijo,Budaya,Yogyakarta,5000,4.6,https://upload.wikimedia.org/wikipedia/commons/9/9d/Candi_Ijo.JPG,-7.7837641,110.5114895
1,Sindu Kusuma Edupark (SKE),Taman Hiburan,Yogyakarta,20000,4.2,https://picsum.photos/seed/SinduKusumaEdupark(SKE)/400/250,,
1,Taman Legenda Keong Emas,Taman Hiburan,Jakarta,30000,4.5,https://upload.wikimedia.org/wikipedia/commons/thumb/b/b4/Istana_Anak-anak_Indonesia_TMII_%282025%29_-_img_01.jpg/3840px-Istana_Anak-anak_Indonesia_TMII_%282025%29_-_img_01.jpg,-6.3038077,106.892573
3,Monumen Perjuangan Rakyat Jawa Barat,Budaya,Bandung,0,4.5,https://upload.wikimedia.org/wikipedia/commons/thumb/4/43/Monumen_Perjuangan_Rakyat_Jawa_Barat_01.jpg/3840px-Monumen_Perjuangan_Rakyat_Jawa_Barat_01.jpg,-6.8934346,107.6185412
2,Observatorium Bosscha,Cagar Alam,Bandung,25000,4.5,https://upload.wikimedia.org/wikipedia/commons/7/7f/Bosscha_001.JPG,-6.8244765,107.61602
3,Watu Lumbung,Cagar Alam,Yogyakarta,5000,4.3,https://upload.wikimedia.org/wikipedia/commons/thumb/f/f6/DSC04587-3.jpg/3840px-DSC04587-3.jpg,-8.1863175,110.7001363
1,Masjid Muhammad Cheng Hoo,Tempat Ibadah,Surabaya,0,4.7,https://upload.wikimedia.org/wikipedia/commons/thumb/f/f3/Masjid_Muhammad_Cheng_Ho_Balikpapan_%2801%29.jpg/3840px-Masjid_Muhammad_Cheng_Ho_Balikpapan_%2801%29.jpg,-7.2519525,112.7467958
2,Tebing Breksi,Budaya,Yogyakarta,20000,4.4,https://upload.wikimedia.org/wikipedia/commons/thumb/5/5d/Lahan_parkir_dan_amfiteater_di_Tebing_Breksi_Yogyakarta.jpg/3840px-Lahan_parkir_dan_amfiteater_di_Tebing_Breksi_Yogyakarta.jpg,-7.7814295,110.5049834
5,Hutan Bambu Keputih,Cagar Alam,Surabaya,0,4.3,https://upload.wikimedia.org/wikipedia/commons/d/da/Jembatan_suroboyo_dusk.jpg,,
3,Sanghyang Heuleut,Cagar Alam,Bandung,10000,4.4,https://upload.wikimedia.org/wikipedia/commons/thumb/7/74/Sanghyang_Heuleut_Lake_Is_Hidden_Paradise_at_West_Java.jpg/3840px-Sanghyang_Heuleut_Lake_Is_Hidden_Paradise_at_West_Java.jpg,-6.8764679,107.341682
4,Pulau Tidung,Bahari,Jakarta,150000,4.5,https://upload.wikimedia.org/wikipedia/commons/9/90/Pulau_Tidung.jpg,-5.7981252,106.4989506
1,Museum Mandala Wangsit Siliwangi,Budaya,Bandung,0,4.4,https://upload.wikimedia.org/wikipedia/commons/d/d0/Museum_Mandala_Wangsit_Siliwangi.JPG,-6.9173055,107.6111041
2,Tugu Muda Semarang,Budaya,Semarang,0,4.7,https://upload.wikimedia.org/wikipedia/commons/thumb/1/13/Tugu_Muda_Landscape.jpg/3840px-Tugu_Muda_Landscape.jpg,-6.9840799,110.4095668
4,Bukit Panguk Kediwung,Budaya,Yogyakarta,250000,4.5,https://picsum.photos/seed/BukitPangukKediwung/400/250,-7.9597565,110.4405654
2,Curug Tilu Leuwi Opat,Cagar Alam,Bandung,10000,4.4,https://upload.wikimedia.org/wikipedia/commons/thumb/7/7c/Curug_Bugbrug.jpg/3840px-Curug_Bugbrug.jpg,,
5,Bendung Lepen,Taman Hiburan,Yogyakarta,0,4.6,https://upload.wikimedia.org/wikipedia/commons/thumb/2/22/Flora_Indonesia.jpg/3840px-Flora_Indonesia.jpg,,
3,Gumuk Pasir Parangkusumo,Taman Hiburan,Yogyakarta,0,4.5,https://upload.wikimedia.org/wikipedia/commons/thumb/0/0b/Gumuk_Pasir_Parangkusumo_2.jpg/3840px-Gumuk_Pasir_Parangkusumo_2.jpg,-8.0170516,110.3171918
4,Jurang Tembelan Kanigoro,Taman Hiburan,Yogyakarta,2500,4.5,https://picsum.photos/seed/JurangTembelanKanigoro/400/250,,
1,Sudut Pandang Bandung,Taman Hiburan,Bandung,50000,4.6,https://upload.wikimedia.org/wikipedia/commons/0/0b/Menteri_Pekerjaan_Umum_Dody_Hanggodo.jpg,,
3,Taman Situ Lembang,Taman Hiburan,Jakarta,0,4.5,https://upload.wikimedia.org/wikipedia/commons/3/34/Taman_Situ_Lembang.jpg,-6.1978547,106.8342762
3,Brown Canyon,Cagar Alam,Semarang,0,4.2,https://upload.wikimedia.org/wikipedia/commons/thumb/7/76/Brown_Canyon_1.jpg/3840px-Brown_Canyon_1.jpg,-7.0578875,110.4880281
5,Pantai Sadranan,Bahari,Yogyakarta,10000,4.6,https://upload.wikimedia.org/wikipedia/commons/b/b3/Dusk_till_dawn_%28cropped%29.jpg,-8.1457925,110.6044298
1,Rabbit Town,Taman Hiburan,Bandung,45000,4.0,https://upload.wikimedia.org/wikipedia/commons/4/4e/Top_15_Indonesian_Idol_14.jpg,-6.867213,107.6101698
1,Kawasan Malioboro,Taman Hiburan,Yogyakarta,0,4.8,https://upload.wikimedia.org/wikipedia/commons/f/f0/Malioboro_Street%2C_Yogyakarta.JPG,-7.7908997,110.3724893
2,Pantai Cipta,Bahari,Semarang,5000,4.0,https://upload.wikimedia.org/wikipedia/commons/thumb/c/c6/Logo_Kementerian_Pekerjaan_Umum_Republik_Indonesia.svg/langid-960px-Logo_Kementerian_Pekerjaan_Umum_Republik_Indonesia.svg.png,,
3,Skyrink - Mall Taman Anggrek,Taman Hiburan,Jakarta,110000,4.5,https://picsum.photos/seed/Skyrink-MallTamanAnggrek/400/250,,
3,Pantai Ngrenehan,Bahari,Yogyakarta,3000,4.4,https://upload.wikimedia.org/wikipedia/commons/thumb/f/f1/Pantai_Ngrenehan.jpg/3840px-Pantai_Ngrenehan.jpg,,
1,Pantai Congot,Bahari,Yogyakarta,3000,4.3,https://upload.wikimedia.org/wikipedia/commons/a/a4/Kedung-pedut_3.jpg,,
1,Dunia Fantasi,Taman Hiburan,Jakarta,270000,4.6,https://picsum.photos/seed/DuniaFantasi/400/250,-6.1242122,106.832156
1,Tugu Proklamasi,Budaya,Jakarta,0,4.6,https://upload.wikimedia.org/wikipedia/commons/7/74/Proclamation_Monument_Jakarta.JPG,-6.2032131,106.8468522
2,Masjid Raya Bandung,Tempat Ibadah,Bandung,0,4.7,https://upload.wikimedia.org/wikipedia/commons/thumb/9/9d/Masjid_Raya_Bandung_dan_Alun-alun_Bandung_%28potrait%29.jpg/3840px-Masjid_Raya_Bandung_dan_Alun-alun_Bandung_%28potrait%29.jpg,-6.9218735,107.6062926
5,Gua Maria Kerep Ambarawa,Cagar Alam,Semarang,2000,4.8,https://upload.wikimedia.org/wikipedia/commons/7/7f/St_Mary_statue_at_Maria_Kerep_Cave%2C_Ambarawa.jpg,-7.255488,110.3984538
4,Tugu Muda Semarang,Budaya,Semarang,0,4.7,https://upload.wikimedia.org/wikipedia/commons/thumb/1/13/Tugu_Muda_Landscape.jpg/3840px-Tugu_Muda_Landscape.jpg,-6.9840799,110.4095668
2,Masjid Daarut Tauhiid Bandung,Tempat Ibadah,Bandung,0,4.9,https://picsum.photos/seed/MasjidDaarutTauhiidBandung/400/250,-6.8635726,107.5900533
5,Gedung Agung Yogyakarta,Budaya,Yogyakarta,0,4.6,https://upload.wikimedia.org/wikipedia/commons/3/3c/Gedung_Agung_May_12_2025.jpg,-7.800169,110.3638046
4,Wisata Lereng Kelir,Cagar Alam,Semarang,7000,4.3,https://upload.wikimedia.org/wikipedia/commons/thumb/6/61/Indonesia_Sleman_Regency_location_map.svg/langid-1280px-Indonesia_Sleman_Regency_location_map.svg.png,,
2,Amazing Art World,Budaya,Bandung,75000,4.5,https://upload.wikimedia.org/wikipedia/commons/thumb/5/5b/Steven_Spielberg_at_Berlinale_2023_Ausschnitt.jpg/3840px-Steven_Spielberg_at_Berlinale_2023_Ausschnitt.jpg,-6.8516724,107.5963601
2,Saung Angklung Mang Udjo,Budaya,Bandung,75000,4.7,https://upload.wikimedia.org/wikipedia/commons/e/e0/Saung_Angklung_Udjo.JPG,,
5,Monumen Tugu Pahlawan,Budaya,Surabaya,0,4.7,https://upload.wikimedia.org/wikipedia/commons/3/3e/Tugu_Pahlawan_Surabaya.jpg,-7.2454453,112.7378996
1,Museum Barli,Budaya,Bandung,15000,4.4,https://upload.wikimedia.org/wikipedia/commons/7/70/Tampak_Samping_Museum_Barli_2023-03-18.jpg,-6.8783934,107.5875219
2,Saloka Theme Park,Taman Hiburan,Semarang,150000,4.4,https://upload.wikimedia.org/wikipedia/commons/d/de/Saloka_Park_Logo.png,-7.2801381,110.457617
2,Bukit Bintang Yogyakarta,Taman Hiburan,Yogyakarta,25000,4.5,https://upload.wikimedia.org/wikipedia/commons/thumb/9/9e/Yogyakarta_Indonesia_Kraton-the-Sultans-Palace-02.jpg/3840px-Yogyakarta_Indonesia_Kraton-the-Sultans-Palace-02.jpg,-7.8460828,110.4796997
4,Kawasan Kuliner BSM,Pusat Perbelanjaan,Jakarta,0,4.6,https://picsum.photos/seed/KawasanKulinerBSM/400/250,-6.1844382,106.8237901
1,The Lodge Maribaya,Cagar Alam,Bandung,25000,4.3,https://picsum.photos/seed/TheLodgeMaribaya/400/250,-6.8288811,107.688434
5,Puncak Pinus Becici,Taman Hiburan,Yogyakarta,3000,4.5,https://upload.wikimedia.org/wikipedia/commons/d/d9/Puncak_Pinus_Becici.jpg,-7.9012592,110.4372592
4,Monumen Sanapati,Budaya,Yogyakarta,15000,4.3,https://upload.wikimedia.org/wikipedia/commons/thumb/7/76/Museum_Sandi_Kotabaru_di_Yogyakarta.jpg/1920px-Museum_Sandi_Kotabaru_di_Yogyakarta.jpg,-7.788184,110.3715672
3,Air Mancur Menari,Taman Hiburan,Surabaya,35000,4.4,https://picsum.photos/seed/AirMancurMenari/400/250,,
4,Museum De Javasche Bank,Budaya,Surabaya,5000,4.6,https://upload.wikimedia.org/wikipedia/commons/thumb/b/bf/Bank_Indonesia_Lama.jpg/3840px-Bank_Indonesia_Lama.jpg,-7.2352686,112.7367785
1,Jogja Bay Pirates Adventure Waterpark,Taman Hiburan,Yogyakarta,150000,4.4,https://upload.wikimedia.org/wikipedia/commons/3/36/Jogja_bay_Volcano_Coaster.jpg,,
3,Monumen Selamat Datang,Budaya,Jakarta,0,4.7,https://upload.wikimedia.org/wikipedia/id/3/35/Monumen_Selamat_Datang_%28Maret_2025%29.jpg,-6.1949789,106.8230733
1,Curug Cimahi,Cagar Alam,Bandung,15000,4.6,https://upload.wikimedia.org/wikipedia/commons/e/e5/COLLECTIE_TROPENMUSEUM_Waterval_in_de_omgeving_van_Tjisaroea_en_Tjimahi_TMnr_60050403.jpg,-6.7991735,107.5781113
4,Museum Sumpah Pemuda,Budaya,Jakarta,2000,4.7,https://upload.wikimedia.org/wikipedia/commons/3/30/Historical_Indonesian_Youth_Pledge%2C_Sumpah_Pemuda_in_1928.jpg,-6.1838167,106.8430499
1,Kawasan Kuliner BSM,Pusat Perbelanjaan,Jakarta,0,4.6,https://picsum.photos/seed/KawasanKulinerBSM/400/250,-6.1844382,106.8237901
1,Taman Kupu-Kupu Cihanjuang,Cagar Alam,Bandung,10000,4.0,https://picsum.photos/seed/TamanKupu-KupuCihanjuang/400/250,,
1,Kampoeng Tulip,Taman Hiburan,Bandung,15000,3.8,https://picsum.photos/seed/KampoengTulip/400/250,,
1,Curug Aseupan,Cagar Alam,Bandung,10000,4.7,https://upload.wikimedia.org/wikipedia/commons/8/84/Gunung_Aseupan_dilihat_dari_sisi_utara_tahun_2025_%28cropped%29.jpg,,
1,Pantai Nguluran,Bahari,Yogyakarta,10000,4.1,https://upload.wikimedia.org/wikipedia/commons/thumb/2/22/Flora_Indonesia.jpg/3840px-Flora_Indonesia.jpg,,
1,GunungTangkuban perahu,Cagar Alam,Bandung,30000,4.5,https://upload.wikimedia.org/wikipedia/commons/thumb/9/9a/Panoramic_View_of_Kawah_Ratu_Crater_in_Mt.Tangkuban_Perahu.jpg/3840px-Panoramic_View_of_Kawah_Ratu_Crater_in_Mt.Tangkuban_Perahu.jpg,,
1,Monumen Nasional,Budaya,Jakarta,20000,4.6,https://upload.wikimedia.org/wikipedia/id/b/b1/Merdeka_Square_Monas_02.jpg,-6.1754024,106.8271692
3,Kawah Putih,Cagar Alam,Bandung,81000,4.5,https://upload.wikimedia.org/wikipedia/commons/thumb/3/35/Kawah_Putih_Lake_from_the_viewing_platform%2C_Bandung_Regency%2C_2014-08-21.jpg/3840px-Kawah_Putih_Lake_from_the_viewing_platform%2C_Bandung_Regency%2C_2014-08-21.jpg,-7.1661181,107.4022669
3,Flower Farm Setiya Aji,Cagar Alam,Semarang,7500,4.1,https://picsum.photos/seed/FlowerFarmSetiyaAji/400/250,,
3,Taman Vanda,Taman Hiburan,Bandung,0,4.3,https://picsum.photos/seed/TamanVanda/400/250,-6.9140617,107.6100689
3,Kebun Binatang Ragunan,Cagar Alam,Jakarta,4000,4.5,https://upload.wikimedia.org/wikipedia/commons/7/78/Ragunan_Zoo_Gate.jpg,-6.3114056,106.8216897
3,Pemandian Air Panas Cimanggu,Cagar Alam,Bandung,23000,3.9,https://picsum.photos/seed/PemandianAirPanasCimanggu/400/250,,
2,Monumen Perjuangan Rakyat Jawa Barat,Budaya,Bandung,0,4.5,https://upload.wikimedia.org/wikipedia/commons/thumb/4/43/Monumen_Perjuangan_Rakyat_Jawa_Barat_01.jpg/3840px-Monumen_Perjuangan_Rakyat_Jawa_Barat_01.jpg,-6.8934346,107.6185412
3,Pantai Kukup,Bahari,Yogyakarta,10000,4.0,https://upload.wikimedia.org/wikipedia/commons/c/cd/Pantai_Kukup-2.jpg,-8.1334792,110.5538855
1,Masjid Al-Imtizaj,Tempat Ibadah,Bandung,0,4.7,https://upload.wikimedia.org/wikipedia/commons/f/f9/Masjid_Al-Imtizaj_2.jpg,-6.919307,107.6078869
5,Curug Luhur Waterfall,Cagar Alam,Bandung,5000,4.2,https://upload.wikimedia.org/wikipedia/commons/5/52/Curug-ngumpet.jpg,,
2,Museum Ullen Sentalu,Budaya,Yogyakarta,100000,4.7,https://upload.wikimedia.org/wikipedia/commons/6/6e/Papan_penanda_di_area_Museum_Ullen_Sentalu%2C_Kaliurang.jpg,-7.5976483,110.4233962
1,Pantai Pok Tunggal,Bahari,Yogyakarta,10000,4.5,https://upload.wikimedia.org/wikipedia/commons/thumb/1/1d/Delightful_Beach.jpg/3840px-Delightful_Beach.jpg,-8.1554823,110.6218792
1,Goa Cerme,Cagar Alam,Yogyakarta,3000,4.4,https://picsum.photos/seed/GoaCerme/400/250,-7.9846382,110.3773506
3,Taman Srigunting,Taman Hiburan,Semarang,0,4.7,https://upload.wikimedia.org/wikipedia/commons/e/e9/Lesser_racket-tailed_drongo_%28Dicrurus_remifer_tectirostris%29.jpg,-6.9679428,110.4276983
5,Desa Wisata Pulesari,Taman Hiburan,Yogyakarta,0,4.4,https://picsum.photos/seed/DesaWisataPulesari/400/250,-7.6241051,110.3727962
2,Atlantis Water Adventure,Taman Hiburan,Jakarta,94000,4.5,https://upload.wikimedia.org/wikipedia/id/thumb/3/3e/Logo_Taman_Impian_Jaya_Ancol_%282022%29.svg/langid-960px-Logo_Taman_Impian_Jaya_Ancol_%282022%29.svg.png,,
4,Kampung Wisata Taman Sari,Taman Hiburan,Yogyakarta,5000,4.6,https://upload.wikimedia.org/wikipedia/commons/thumb/0/07/Indonesia_-_Java_-_Yogyakarta_-_Taman_Sari.jpg/3840px-Indonesia_-_Java_-_Yogyakarta_-_Taman_Sari.jpg,,
4,Old City 3D Trick Art Museum,Budaya,Semarang,50000,4.4,https://picsum.photos/seed/OldCity3DTrickArtMuseum/400/250,,
4,Pantai Sedahan,Bahari,Yogyakarta,5000,4.5,https://upload.wikimedia.org/wikipedia/commons/thumb/2/22/Flora_Indonesia.jpg/3840px-Flora_Indonesia.jpg,-8.1976663,110.7208645
3,Tirto Argo Siwarak,Taman Hiburan,Semarang,20000,4.4,https://picsum.photos/seed/TirtoArgoSiwarak/400/250,,
1,Curug Malela,Cagar Alam,Bandung,10000,4.4,https://upload.wikimedia.org/wikipedia/commons/7/7f/Bosscha_001.JPG,-7.0115741,107.2056616
1,Grand Indonesia Mall,Pusat Perbelanjaan,Jakarta,0,4.7,https://upload.wikimedia.org/wikipedia/commons/b/b4/Inside_of_Grand_Indonesia.jpg,-6.1957601,106.8214547
3,The Lost World Castle,Taman Hiburan,Yogyakarta,30000,4.3,https://upload.wikimedia.org/wikipedia/commons/thumb/e/e6/The_Lost_World_Castle.jpg/3840px-The_Lost_World_Castle.jpg,-7.6037962,110.4512542
3,Wisata Mangrove Tapak,Cagar Alam,Semarang,5000,4.3,https://upload.wikimedia.org/wikipedia/commons/thumb/5/55/Bali_Barat_mangroves.jpg/3840px-Bali_Barat_mangroves.jpg,,
5,Monumen Nasional,Budaya,Jakarta,20000,4.6,https://upload.wikimedia.org/wikipedia/id/b/b1/Merdeka_Square_Monas_02.jpg,-6.1754024,106.8271692
1,Wisata Alam Mangrove Angke,Cagar Alam,Jakarta,25000,4.3,https://upload.wikimedia.org/wikipedia/commons/6/6d/PIK_Centre.jpg,,
2,Museum Layang-layang,Budaya,Jakarta,10000,4.5,https://upload.wikimedia.org/wikipedia/commons/2/21/US646375.png,-6.3078393,106.7906265
4,Pecinan Glodok,Pusat Perbelanjaan,Jakarta,0,4.3,https://upload.wikimedia.org/wikipedia/commons/thumb/c/c0/Kantor_Kelurahan_Glodok%2C_Jakarta_Barat.jpg/3840px-Kantor_Kelurahan_Glodok%2C_Jakarta_Barat.jpg,-6.1448405,106.8131866
1,Bukit Bintang,Cagar Alam,Bandung,25000,4.6,https://upload.wikimedia.org/wikipedia/commons/e/e7/Bukit_bintang_from_kl_monorail_2009.jpg,,
4,Goa Pindul,Cagar Alam,Yogyakarta,40000,4.5,https://upload.wikimedia.org/wikipedia/commons/3/33/Pindul_Cave%2C_Indonesia.JPG,-7.9310483,110.6479201
2,Bendung Lepen,Taman Hiburan,Yogyakarta,0,4.6,https://upload.wikimedia.org/wikipedia/commons/thumb/2/22/Flora_Indonesia.jpg/3840px-Flora_Indonesia.jpg,,
1,Hutan Pinus Pengger,Taman Hiburan,Yogyakarta,3000,4.5,https://upload.wikimedia.org/wikipedia/commons/thumb/a/a0/Big_Stone_at_Hutan_Pinus_Pengger_Jogja.jpg/3840px-Big_Stone_at_Hutan_Pinus_Pengger_Jogja.jpg,,
2,Freedom Library,Budaya,Jakarta,0,5.0,https://upload.wikimedia.org/wikipedia/commons/4/43/PresMedalFreedom.jpg,-6.212961,106.8298858
3,Jembatan Merah,Budaya,Surabaya,0,4.5,https://upload.wikimedia.org/wikipedia/commons/0/00/Wajah_Baru_Jembatan_Merah_Putih_kota_Ambon.jpg,-7.2367401,112.7383129
5,Dunia Fantasi,Taman Hiburan,Jakarta,270000,4.6,https://picsum.photos/seed/DuniaFantasi/400/250,-6.1242122,106.832156
3,Pantai Baruna,Bahari,Semarang,3000,4.0,https://upload.wikimedia.org/wikipedia/commons/thumb/3/34/Pantai_Ngliyep_-_panoramio_%283%29.jpg/3840px-Pantai_Ngliyep_-_panoramio_%283%29.jpg,,
2,Pantai Ria Kenjeran,Bahari,Surabaya,15000,4.2,https://upload.wikimedia.org/wikipedia/commons/8/8b/Locator_Kecamatan_Kenjeran_di_Kota_Surabaya.png,-7.2466208,112.8003445
1,Kawah Rengganis Cibuni,Cagar Alam,Bandung,5000,4.3,https://upload.wikimedia.org/wikipedia/commons/f/ff/Kawah_Putih_Lake.jpg,-7.1739727,107.3746848
5,Museum Nike Ardilla,Budaya,Bandung,0,4.6,https://upload.wikimedia.org/wikipedia/id/e/e9/Nike_Ardilla.jpg,-6.9405148,107.6725146
5,Watu Goyang,Budaya,Yogyakarta,2500,4.4,https://upload.wikimedia.org/wikipedia/commons/thumb/3/3f/Bukit_Bego_%282%29.jpg/3840px-Bukit_Bego_%282%29.jpg,-7.92706,110.4120656
1,Pantai Glagah,Bahari,Yogyakarta,5000,4.4,https://upload.wikimedia.org/wikipedia/commons/d/db/Glagah_Beach_Kulon_Progo.jpg,-7.9046994,110.0774413
4,Taman Prestasi,Taman Hiburan,Surabaya,0,4.6,https://picsum.photos/seed/TamanPrestasi/400/250,-7.2611372,112.7427739
1,Sea World,Taman Hiburan,Jakarta,115000,4.5,https://picsum.photos/seed/SeaWorld/400/250,-6.1271525,106.8415944
2,Kyotoku Floating Market,Budaya,Bandung,175000,4.5,https://upload.wikimedia.org/wikipedia/id/e/e1/BEASTARS%2C_volume_1.jpg,,
2,Taman Ekspresi Dan Perpustakaan,Taman Hiburan,Surabaya,0,4.5,https://upload.wikimedia.org/wikipedia/commons/thumb/d/d3/Plaza_Taman_Ismail_Marzuki.jpg/3840px-Plaza_Taman_Ismail_Marzuki.jpg,,
2,The Great Asia Africa,Taman Hiburan,Bandung,50000,4.4,https://upload.wikimedia.org/wikipedia/commons/thumb/a/a9/Gunung_Batu.jpg/3840px-Gunung_Batu.jpg,,
4,Curug Cilengkrang,Cagar Alam,Bandung,7500,4.0,https://picsum.photos/seed/CurugCilengkrang/400/250,,
5,Pantai Baruna,Bahari,Semarang,3000,4.0,https://upload.wikimedia.org/wikipedia/commons/thumb/3/34/Pantai_Ngliyep_-_panoramio_%283%29.jpg/3840px-Pantai_Ngliyep_-_panoramio_%283%29.jpg,,
4,Pantai Jungwok,Bahari,Yogyakarta,5000,4.6,https://upload.wikimedia.org/wikipedia/commons/1/15/Pantai_Jungwook.jpg,-8.1980959,110.7120018
1,Museum Benteng Vredeburg Yogyakarta,Budaya,Yogyakarta,3000,4.6,https://upload.wikimedia.org/wikipedia/commons/b/b5/Museum_benteng_vredeburg.png,-7.8001537,110.3663364
3,Stone Garden Citatah,Taman Hiburan,Bandung,30000,4.4,https://upload.wikimedia.org/wikipedia/commons/3/3b/View_from_bridge_-_panoramio_%282%29.jpg,,
1,Peta Park,Taman Hiburan,Bandung,15000,4.3,https://upload.wikimedia.org/wikipedia/commons/thumb/d/d8/Linkin_Park_-_From_Zero_Lead_Press_Photo_-_James_Minchin_III.jpg/3840px-Linkin_Park_-_From_Zero_Lead_Press_Photo_-_James_Minchin_III.jpg,-6.9317342,107.5883194
5,Taman Lalu Lintas Ade Irma Suryani Nasution,Taman Hiburan,Bandung,7000,4.4,https://upload.wikimedia.org/wikipedia/commons/e/e1/Lokomotif_Bima_Kunting_1_di_Taman_Lalu_Lintas_Bandung_2018.png,,
1,Pasar Beringharjo,Pusat Perbelanjaan,Yogyakarta,0,4.5,https://upload.wikimedia.org/wikipedia/commons/thumb/d/d0/Bringharjo_Market_Yogyakarta_-_Pasar_Bringharjo_Jogja_%282025%29_-_img_06.jpg/3840px-Bringharjo_Market_Yogyakarta_-_Pasar_Bringharjo_Jogja_%282025%29_-_img_06.jpg,,
4,Wisata Kampung Krisan Clapar,Taman Hiburan,Semarang,10000,4.1,https://picsum.photos/seed/WisataKampungKrisanClapar/400/250,,
3,Kampung Tematik Jawi,Budaya,Semarang,0,4.5,https://upload.wikimedia.org/wikipedia/commons/c/c7/Siti_Nurhaliza_-_Khairul_Fahmi%27s_Wedding_2013.jpg,,
1,Gunung Papandayan,Cagar Alam,Bandung,30000,4.6,https://upload.wikimedia.org/wikipedia/commons/5/50/Indonesia_-_papandayan_4.jpg,-7.2928617,107.6766487
2,Puspa Iptek Sundial,Taman Hiburan,Bandung,25000,4.4,https://upload.wikimedia.org/wikipedia/commons/0/06/Science_Center%2C_Puspa_Iptek%2C_Kota_Baru_Parahyangan_-_panoramio_%281%29.jpg,-6.8522473,107.4939926
4,Bendung Lepen,Taman Hiburan,Yogyakarta,0,4.6,https://upload.wikimedia.org/wikipedia/commons/thumb/2/22/Flora_Indonesia.jpg/3840px-Flora_Indonesia.jpg,,
2,Plaza Indonesia,Pusat Perbelanjaan,Jakarta,0,4.7,https://upload.wikimedia.org/wikipedia/commons/b/b7/Plaza_Indonesia_%282025%29.jpg,-6.19408,106.8218748
5,Ekowisata Mangrove Wonorejo,Cagar Alam,Surabaya,0,4.3,https://upload.wikimedia.org/wikipedia/commons/thumb/5/55/Bali_Barat_mangroves.jpg/3840px-Bali_Barat_mangroves.jpg,-7.3075505,112.823368
3,Masjid Kapal Semarang,Tempat Ibadah,Semarang,0,4.1,https://upload.wikimedia.org/wikipedia/commons/8/80/Halte_Cakrawala_Selatan_Trans_Semarang.jpg,-7.0187845,110.2936526
2,Pantai Congot,Bahari,Yogyakarta,3000,4.3,https://upload.wikimedia.org/wikipedia/commons/a/a4/Kedung-pedut_3.jpg,,
4,The Lodge Maribaya,Cagar Alam,Bandung,25000,4.3,https://picsum.photos/seed/TheLodgeMaribaya/400/250,-6.8288811,107.688434
4,House of Sampoerna,Budaya,Surabaya,0,4.6,https://upload.wikimedia.org/wikipedia/commons/thumb/f/f6/House_of_Sampoerna_Mei_2015.jpg/3840px-House_of_Sampoerna_Mei_2015.jpg,-7.2309923,112.7341461
3,Curug Cilengkrang,Cagar Alam,Bandung,7500,4.0,https://picsum.photos/seed/CurugCilengkrang/400/250,,
1,Umbul Sidomukti,Cagar Alam,Semarang,75000,4.6,https://upload.wikimedia.org/wikipedia/commons/6/63/Gunungungaran.jpg,-7.1941928,110.3738353
2,Curug Cimahi,Cagar Alam,Bandung,15000,4.6,https://upload.wikimedia.org/wikipedia/commons/e/e5/COLLECTIE_TROPENMUSEUM_Waterval_in_de_omgeving_van_Tjisaroea_en_Tjimahi_TMnr_60050403.jpg,-6.7991735,107.5781113
4,Watu Gunung Ungaran,Cagar Alam,Semarang,25000,4.4,https://upload.wikimedia.org/wikipedia/commons/7/7d/Mount_Bromo_at_sunrise%2C_showing_its_volcanoes_and_Mount_Semeru_%28background%29.jpg,,
3,Rainbow Garden,Cagar Alam,Bandung,20000,4.6,https://upload.wikimedia.org/wikipedia/commons/f/f1/Meikarta_Tower_Distrik_1.jpg,,
2,Gua Belanda,Cagar Alam,Bandung,15000,4.4,https://upload.wikimedia.org/wikipedia/commons/0/07/Taman_Hutan_Raya_IR_Djuanda.jpg,,
1,Taman Lansia,Taman Hiburan,Bandung,0,4.4,https://picsum.photos/seed/TamanLansia/400/250,-6.8975989,107.6312048
3,Bumi Perkemahan Cibubur,Taman Hiburan,Jakarta,10000,4.5,https://picsum.photos/seed/BumiPerkemahanCibubur/400/250,-6.3645138,106.8990846
3,Museum Barli,Budaya,Bandung,15000,4.4,https://upload.wikimedia.org/wikipedia/commons/7/70/Tampak_Samping_Museum_Barli_2023-03-18.jpg,-6.8783934,107.5875219
4,Wisata Alam Mangrove Angke,Cagar Alam,Jakarta,25000,4.3,https://upload.wikimedia.org/wikipedia/commons/6/6d/PIK_Centre.jpg,,
5,Wisata Batu Kuda,Cagar Alam,Bandung,10000,4.4,https://picsum.photos/seed/WisataBatuKuda/400/250,,
3,Pasar Tanah Abang,Pusat Perbelanjaan,Jakarta,0,4.0,https://upload.wikimedia.org/wikipedia/commons/d/d8/COLLECTIE_TROPENMUSEUM_Batavia_Pasar_Tanah_Abang_TMnr_10014914.jpg,-6.1882913,106.8184949
4,Obyek Wisata Goa Kreo,Cagar Alam,Semarang,5500,4.3,https://picsum.photos/seed/ObyekWisataGoaKreo/400/250,,
2,Monumen Bambu Runcing Surabaya,Budaya,Surabaya,0,4.6,https://upload.wikimedia.org/wikipedia/commons/thumb/0/07/Bambu_runcing%2C_Monumen_Jogja_Kembali.jpg/3840px-Bambu_runcing%2C_Monumen_Jogja_Kembali.jpg,,
1,Taman Air Mancur Menari Kenjeran,Taman Hiburan,Surabaya,0,4.4,https://picsum.photos/seed/TamanAirMancurMenariKenjeran/400/250,,
3,Museum Geologi Bandung,Budaya,Bandung,2000,4.6,https://upload.wikimedia.org/wikipedia/commons/thumb/b/b3/Bandung%2C_Museum_Geologi.jpg/3840px-Bandung%2C_Museum_Geologi.jpg,-6.9003424,107.620961
4,Flower Farm Setiya Aji,Cagar Alam,Semarang,7500,4.1,https://picsum.photos/seed/FlowerFarmSetiyaAji/400/250,,
1,Museum Satria Mandala,Budaya,Jakarta,5000,4.5,https://upload.wikimedia.org/wikipedia/commons/thumb/5/53/Satriamandala_Museum_main_building.jpg/3840px-Satriamandala_Museum_main_building.jpg,-6.2310834,106.8189045
5,Old City 3D Trick Art Museum,Budaya,Semarang,50000,4.4,https://picsum.photos/seed/OldCity3DTrickArtMuseum/400/250,,
1,Taman Vanda,Taman Hiburan,Bandung,0,4.3,https://picsum.photos/seed/TamanVanda/400/250,-6.9140617,107.6100689
1,Panama Park 825,Taman Hiburan,Bandung,50000,4.4,https://picsum.photos/seed/PanamaPark825/400/250,,
5,Hutan Pinus Asri,Cagar Alam,Yogyakarta,2500,4.5,https://upload.wikimedia.org/wikipedia/commons/thumb/a/a0/Big_Stone_at_Hutan_Pinus_Pengger_Jogja.jpg/3840px-Big_Stone_at_Hutan_Pinus_Pengger_Jogja.jpg,-7.9210551,110.43542
1,Masjid Istiqlal,Tempat Ibadah,Jakarta,0,4.7,https://upload.wikimedia.org/wikipedia/id/2/25/Masjid_Istiqlal_-_Panoramio.jpg,-6.1702395,106.8310056
4,Semarang Contemporary Art Gallery,Budaya,Semarang,10000,4.6,https://picsum.photos/seed/SemarangContemporaryArtGallery/400/250,,
1,Pulau Semak Daun,Bahari,Jakarta,40000,4.0,https://upload.wikimedia.org/wikipedia/commons/5/5f/Snorkeling.jpg,,
5,Taman Mini Indonesia Indah (TMII),Taman Hiburan,Jakarta,10000,4.5,https://upload.wikimedia.org/wikipedia/commons/thumb/b/b4/Istana_Anak-anak_Indonesia_TMII_%282025%29_-_img_01.jpg/3840px-Istana_Anak-anak_Indonesia_TMII_%282025%29_-_img_01.jpg,-6.3031933,106.89556
1,Pasar Taman Puring,Pusat Perbelanjaan,Jakarta,0,4.4,https://upload.wikimedia.org/wikipedia/commons/3/30/Halte_Transjakarta_Mayestik.jpg,-6.241405,106.789092
1,Taman Hutan Raya Ir. H. Djuanda,Cagar Alam,Bandung,15000,4.5,https://upload.wikimedia.org/wikipedia/commons/0/07/Taman_Hutan_Raya_IR_Djuanda.jpg,,
1,Waduk Jatibarang,Cagar Alam,Semarang,2500,4.3,https://upload.wikimedia.org/wikipedia/commons/thumb/a/a4/Indonesia_location_map.svg/langid-1280px-Indonesia_location_map.svg.png,-7.0420774,110.3458919
1,Museum Bahari Jakarta,Budaya,Jakarta,2000,4.4,https://upload.wikimedia.org/wikipedia/commons/thumb/d/d6/Museum_Bahari_Pintu_Masuk.jpg/3840px-Museum_Bahari_Pintu_Masuk.jpg,-6.1268288,106.8083185
5,Happyfarm Ciwidey,Cagar Alam,Bandung,15000,4.2,https://picsum.photos/seed/HappyfarmCiwidey/400/250,,
1,Jembatan Merah,Budaya,Surabaya,0,4.5,https://upload.wikimedia.org/wikipedia/commons/5/5f/Jembatan_Merah_Surabaya.JPG,-7.2367401,112.7383129
3,Kawasan Malioboro,Taman Hiburan,Yogyakarta,0,4.8,https://upload.wikimedia.org/wikipedia/commons/f/f0/Malioboro_Street%2C_Yogyakarta.JPG,-7.7908997,110.3724893
3,Pantai Indrayanti,Bahari,Yogyakarta,10000,4.5,https://upload.wikimedia.org/wikipedia/commons/b/b3/Dusk_till_dawn_%28cropped%29.jpg,-8.1498929,110.6113168
3,Green Village Gedangsari,Taman Hiburan,Yogyakarta,2000,4.2,https://upload.wikimedia.org/wikipedia/commons/a/a2/Locator_Kecamatan_Gedangsari_ing_Gunung_Kidul.png,-7.8130962,110.6153654
3,Klenteng Jin De Yuan,Tempat Ibadah,Jakarta,0,4.5,https://upload.wikimedia.org/wikipedia/commons/f/f5/Klenteng_Jin_De_Yuan%2C_Glodok%2C_Jakarta.jpg,,
5,House of Sampoerna,Budaya,Surabaya,0,4.6,https://upload.wikimedia.org/wikipedia/commons/thumb/f/f6/House_of_Sampoerna_Mei_2015.jpg/3840px-House_of_Sampoerna_Mei_2015.jpg,-7.2309923,112.7341461
1,Patung Buddha Empat Rupa,Budaya,Surabaya,0,4.3,https://upload.wikimedia.org/wikipedia/commons/2/24/Prajnaparamita_Java_Side_Detail.JPG,,
1,Taman Lalu Lintas Ade Irma Suryani Nasution,Taman Hiburan,Bandung,7000,4.4,https://upload.wikimedia.org/wikipedia/commons/e/e1/Lokomotif_Bima_Kunting_1_di_Taman_Lalu_Lintas_Bandung_2018.png,,
2,Gembira Loka Zoo,Cagar Alam,Yogyakarta,60000,4.5,https://upload.wikimedia.org/wikipedia/commons/thumb/3/3c/Gembira_Loka_Zoo_in_Yogyakarta.jpg/3840px-Gembira_Loka_Zoo_in_Yogyakarta.jpg,-7.8055165,110.3970178
1,Museum Joang 45,Budaya,Jakarta,2000,4.0,https://upload.wikimedia.org/wikipedia/commons/d/d0/Gedung_Joang_45.jpg,-6.1862362,106.8366544
4,Air Terjun Kedung Pedut,Cagar Alam,Yogyakarta,20000,4.5,https://upload.wikimedia.org/wikipedia/commons/e/e1/Kedungpedut.jpg,,
2,Selasar Sunaryo Art Space,Taman Hiburan,Bandung,25000,4.6,https://upload.wikimedia.org/wikipedia/commons/thumb/b/b2/Dongker_Photo_2025.png/3840px-Dongker_Photo_2025.png,-6.8586315,107.6365204
3,Balai Kota Surabaya,Budaya,Surabaya,0,4.7,https://upload.wikimedia.org/wikipedia/commons/d/da/Jembatan_suroboyo_dusk.jpg,-7.2593052,112.7469919
2,Jembatan Merah,Budaya,Surabaya,0,4.5,https://upload.wikimedia.org/wikipedia/commons/0/00/Wajah_Baru_Jembatan_Merah_Putih_kota_Ambon.jpg,-7.2367401,112.7383129
2,Pantai Ngandong,Bahari,Yogyakarta,10000,4.5,https://upload.wikimedia.org/wikipedia/commons/b/b3/Dusk_till_dawn_%28cropped%29.jpg,-8.1465322,110.6054994
2,Ocean Ecopark,Taman Hiburan,Jakarta,180000,4.0,https://upload.wikimedia.org/wikipedia/id/thumb/3/3e/Logo_Taman_Impian_Jaya_Ancol_%282022%29.svg/langid-960px-Logo_Taman_Impian_Jaya_Ancol_%282022%29.svg.png,,
4,Taman Flora Bratang Surabaya,Taman Hiburan,Surabaya,0,4.6,https://upload.wikimedia.org/wikipedia/commons/thumb/6/6d/01_Papan_Nama_Terminal_Bratang.jpg/3840px-01_Papan_Nama_Terminal_Bratang.jpg,,
1,Pulau Pelangi,Bahari,Jakarta,900000,4.8,https://upload.wikimedia.org/wikipedia/id/1/17/Laskar_Pelangi_film.jpg,-5.5860482,106.5905858
1,Jembatan Biru Ambarawa,Taman Hiburan,Semarang,0,4.2,https://upload.wikimedia.org/wikipedia/commons/f/f0/IWM-SE-5865-tank-Surabaya-19451127.jpg,,
4,Sunrise Point Cukul,Cagar Alam,Bandung,10000,4.6,https://picsum.photos/seed/SunrisePointCukul/400/250,-7.2337053,107.5342649
4,Museum Ullen Sentalu,Budaya,Yogyakarta,100000,4.7,https://upload.wikimedia.org/wikipedia/commons/6/6e/Papan_penanda_di_area_Museum_Ullen_Sentalu%2C_Kaliurang.jpg,-7.5976483,110.4233962
1,Lawangwangi Creative Space,Taman Hiburan,Bandung,0,4.4,https://picsum.photos/seed/LawangwangiCreativeSpace/400/250,-6.8476429,107.6275129
2,Museum Fatahillah,Budaya,Jakarta,5000,4.4,https://upload.wikimedia.org/wikipedia/commons/thumb/7/72/Batavia_City_Hall_%28Jakarta_History_Museum%29_Fatahillah_Square_%282025%29_-_img_02.jpg/3840px-Batavia_City_Hall_%28Jakarta_History_Museum%29_Fatahillah_Square_%282025%29_-_img_02.jpg,-6.1351548,106.813289
1,Galeri Indonesia Kaya,Budaya,Jakarta,0,4.8,https://picsum.photos/seed/GaleriIndonesiaKaya/400/250,,
1,Galaxy Waterpark Jogja,Taman Hiburan,Yogyakarta,40000,4.3,https://picsum.photos/seed/GalaxyWaterparkJogja/400/250,,
5,Farm House Susu Lembang,Taman Hiburan,Bandung,30000,4.4,https://upload.wikimedia.org/wikipedia/commons/thumb/a/a9/Gunung_Batu.jpg/3840px-Gunung_Batu.jpg,,
5,Goa Rong,Cagar Alam,Semarang,5000,4.3,https://picsum.photos/seed/GoaRong/400/250,-7.2723204,110.4700414
1,Atlantis Water Adventure,Taman Hiburan,Jakarta,94000,4.5,https://upload.wikimedia.org/wikipedia/id/thumb/3/3e/Logo_Taman_Impian_Jaya_Ancol_%282022%29.svg/langid-960px-Logo_Taman_Impian_Jaya_Ancol_%282022%29.svg.png,,
2,Jembatan Kota Intan,Budaya,Jakarta,0,4.3,https://upload.wikimedia.org/wikipedia/commons/5/5b/COLLECTIE_TROPENMUSEUM_Dubbele_ophaalbrug_%28Hoenderpasarbrug%29_Batavia_TMnr_10014923.jpg,-6.1312459,106.8105591
2,Mountain View Golf Club,Cagar Alam,Bandung,375000,4.4,https://upload.wikimedia.org/wikipedia/id/6/65/InterContinental_Bandung_logo.png,,
5,Chingu Cafe Little Seoul,Taman Hiburan,Bandung,50000,4.5,https://picsum.photos/seed/ChinguCafeLittleSeoul/400/250,,
3,Freedom Library,Budaya,Jakarta,0,5.0,https://upload.wikimedia.org/wikipedia/commons/0/04/2009_October_4_Judith_Krug_tribute_01.jpg,-6.212961,106.8298858
1,Danau Rawa Pening,Cagar Alam,Semarang,15000,4.4,https://upload.wikimedia.org/wikipedia/commons/e/e2/Rawa_Pening_Central_Java.jpg,,
3,Pulau Tidung,Bahari,Jakarta,150000,4.5,https://upload.wikimedia.org/wikipedia/commons/9/90/Pulau_Tidung.jpg,-5.7981252,106.4989506
4,Wisata Agro Edukatif Istana Susu Cibugary,Taman Hiburan,Jakarta,35000,4.5,https://picsum.photos/seed/WisataAgroEdukatifIstanaSusuCibugary/400/250,,
1,Watu Gunung Ungaran,Cagar Alam,Semarang,25000,4.4,https://upload.wikimedia.org/wikipedia/commons/7/7d/Mount_Bromo_at_sunrise%2C_showing_its_volcanoes_and_Mount_Semeru_%28background%29.jpg,,
1,Jurang Tembelan Kanigoro,Taman Hiburan,Yogyakarta,2500,4.5,https://picsum.photos/seed/JurangTembelanKanigoro/400/250,,
2,Stone Garden Citatah,Taman Hiburan,Bandung,30000,4.4,https://upload.wikimedia.org/wikipedia/commons/3/3b/View_from_bridge_-_panoramio_%282%29.jpg,,
1,Masjid Agung Ungaran,Tempat Ibadah,Semarang,0,4.7,https://upload.wikimedia.org/wikipedia/commons/thumb/5/53/Borobudur%2C_Java%2C_Indonesia%2C_20220817_1016_8757.jpg/3840px-Borobudur%2C_Java%2C_Indonesia%2C_20220817_1016_8757.jpg,-7.1350143,110.4087993
1,Wisata Alam Wana Wisata Penggaron,Cagar Alam,Semarang,10000,4.1,https://picsum.photos/seed/WisataAlamWanaWisataPenggaron/400/250,,
1,Pantai Wediombo,Bahari,Yogyakarta,5000,4.5,https://upload.wikimedia.org/wikipedia/commons/thumb/a/a4/Wediombo_Beach_4.jpg/3840px-Wediombo_Beach_4.jpg,-8.1873165,110.7103524
4,Wisata Kaliurang,Cagar Alam,Yogyakarta,8000,4.4,https://upload.wikimedia.org/wikipedia/commons/thumb/b/b0/Perundingan_Kaliurang.jpg/3840px-Perundingan_Kaliurang.jpg,-7.6021032,110.4280429
1,Tugu Muda Semarang,Budaya,Semarang,0,4.7,https://upload.wikimedia.org/wikipedia/commons/thumb/1/13/Tugu_Muda_Landscape.jpg/3840px-Tugu_Muda_Landscape.jpg,-6.9840799,110.4095668
1,Museum Kesehatan Dr. Adhyatma,Budaya,Surabaya,10000,4.4,https://upload.wikimedia.org/wikipedia/commons/thumb/8/89/Logo_Kementerian_Kesehatan_Republik_Indonesia_%282024_rev%29.svg/langid-960px-Logo_Kementerian_Kesehatan_Republik_Indonesia_%282024_rev%29.svg.png,,
1,Alive Museum Ancol,Taman Hiburan,Jakarta,200000,4.3,https://picsum.photos/seed/AliveMuseumAncol/400/250,,
1,Museum Layang-layang,Budaya,Jakarta,10000,4.5,https://upload.wikimedia.org/wikipedia/commons/2/21/US646375.png,-6.3078393,106.7906265
1,Air Terjun Sri Gethuk,Cagar Alam,Yogyakarta,15000,4.4,https://upload.wikimedia.org/wikipedia/commons/0/0c/Air_terjun_Sri_Gethuk.jpg,-7.9432134,110.4895782
2,Bukit Moko,Cagar Alam,Bandung,25000,4.5,https://upload.wikimedia.org/wikipedia/commons/2/2b/Tebing_Karaton_Bandung_Regency.jpg,-6.8580436,107.7113868
4,Museum Fatahillah,Budaya,Jakarta,5000,4.4,https://upload.wikimedia.org/wikipedia/commons/thumb/7/72/Batavia_City_Hall_%28Jakarta_History_Museum%29_Fatahillah_Square_%282025%29_-_img_02.jpg/3840px-Batavia_City_Hall_%28Jakarta_History_Museum%29_Fatahillah_Square_%282025%29_-_img_02.jpg,-6.1351548,106.813289
1,Museum Geologi Bandung,Budaya,Bandung,2000,4.6,https://upload.wikimedia.org/wikipedia/commons/thumb/b/b3/Bandung%2C_Museum_Geologi.jpg/3840px-Bandung%2C_Museum_Geologi.jpg,-6.9003424,107.620961
2,Pantai Ngobaran,Bahari,Yogyakarta,5000,4.6,https://upload.wikimedia.org/wikipedia/commons/thumb/4/47/Ngobaran_Beach.jpg/3840px-Ngobaran_Beach.jpg,-8.1260905,110.5220331
2,Candi Ijo,Budaya,Yogyakarta,5000,4.6,https://upload.wikimedia.org/wikipedia/commons/9/9d/Candi_Ijo.JPG,-7.7837641,110.5114895
1,Jakarta Planetarium,Taman Hiburan,Jakarta,12000,4.1,https://upload.wikimedia.org/wikipedia/commons/8/81/Planetarium_dan_Observatorium_Jakarta_%28Januari_2025%29.jpg,-6.1901222,106.8391385
3,Selasar Sunaryo Art Space,Taman Hiburan,Bandung,25000,4.6,https://upload.wikimedia.org/wikipedia/commons/thumb/b/b2/Dongker_Photo_2025.png/3840px-Dongker_Photo_2025.png,-6.8586315,107.6365204
1,Jakarta Aquarium dan Safari,Taman Hiburan,Jakarta,185000,4.6,https://upload.wikimedia.org/wikipedia/commons/thumb/6/67/Tanjung_Duren_Transjakarta_BRT_Station_towards_Pluit%2C_2023.jpg/3840px-Tanjung_Duren_Transjakarta_BRT_Station_towards_Pluit%2C_2023.jpg,,
5,Tugu Muda Semarang,Budaya,Semarang,0,4.7,https://upload.wikimedia.org/wikipedia/commons/thumb/1/13/Tugu_Muda_Landscape.jpg/3840px-Tugu_Muda_Landscape.jpg,-6.9840799,110.4095668
4,Waterboom PIK (Pantai Indah Kapuk),Taman Hiburan,Jakarta,300000,4.4,https://upload.wikimedia.org/wikipedia/commons/e/e8/Transjakarta_skywell_low_entry_bus.jpg,-6.1129447,106.7492511
1,Taman Bungkul,Taman Hiburan,Surabaya,0,4.6,https://upload.wikimedia.org/wikipedia/id/6/6e/Taman_Bungkul_Surabaya_%281%29.png,-7.2912247,112.7398717
1,Pantai Ngandong,Bahari,Yogyakarta,10000,4.5,https://upload.wikimedia.org/wikipedia/commons/b/b3/Dusk_till_dawn_%28cropped%29.jpg,-8.1465322,110.6054994
5,Selasar Sunaryo Art Space,Taman Hiburan,Bandung,25000,4.6,https://upload.wikimedia.org/wikipedia/commons/thumb/b/b2/Dongker_Photo_2025.png/3840px-Dongker_Photo_2025.png,-6.8586315,107.6365204
5,Saung Angklung Mang Udjo,Budaya,Bandung,75000,4.7,https://upload.wikimedia.org/wikipedia/commons/e/e0/Saung_Angklung_Udjo.JPG,,
2,Kampung Pelangi,Taman Hiburan,Semarang,3000,4.3,https://upload.wikimedia.org/wikipedia/commons/thumb/8/80/Kampung_Tridi%2C_Malang_32.jpg/3840px-Kampung_Tridi%2C_Malang_32.jpg,-6.9877873,110.4084912
1,Taman Agrowisata Cilangkap,Taman Hiburan,Jakarta,0,4.2,https://picsum.photos/seed/TamanAgrowisataCilangkap/400/250,,
1,Goa Pindul,Cagar Alam,Yogyakarta,40000,4.5,https://upload.wikimedia.org/wikipedia/commons/3/33/Pindul_Cave%2C_Indonesia.JPG,-7.9310483,110.6479201
4,Desa Wisata Rumah Domes/Teletubbies,Taman Hiburan,Yogyakarta,5000,4.1,https://picsum.photos/seed/DesaWisataRumahDomes/Teletubbies/400/250,,
1,Bentara Budaya Yogyakarta (BBY),Budaya,Yogyakarta,0,4.5,https://upload.wikimedia.org/wikipedia/commons/8/81/Gallery_room_of_Bentara_Budaya_Yogyakarta.jpg,,
4,Taman Hutan Raya Ir. H. Djuanda,Cagar Alam,Bandung,15000,4.5,https://upload.wikimedia.org/wikipedia/commons/0/07/Taman_Hutan_Raya_IR_Djuanda.jpg,,
5,Pulau Tidung,Bahari,Jakarta,150000,4.5,https://upload.wikimedia.org/wikipedia/commons/9/90/Pulau_Tidung.jpg,-5.7981252,106.4989506
4,Kampoeng Tulip,Taman Hiburan,Bandung,15000,3.8,https://picsum.photos/seed/KampoengTulip/400/250,,
5,Kampung Wisata Dipowinatan,Budaya,Yogyakarta,220000,4.5,https://picsum.photos/seed/KampungWisataDipowinatan/400/250,,
1,Bukit Lintang Sewu,Taman Hiburan,Yogyakarta,2000,4.5,https://upload.wikimedia.org/wikipedia/commons/9/94/Mount_Gede_01.jpg,-7.915055,110.4357959
4,Dago Dreampark,Taman Hiburan,Bandung,40000,4.2,https://picsum.photos/seed/DagoDreampark/400/250,-6.8476037,107.6254233
4,Museum Sasmita Loka Ahmad Yani,Budaya,Jakarta,2000,4.7,https://upload.wikimedia.org/wikipedia/commons/e/e6/MuseumSasmitaLoka1.jpg,-6.2045413,106.8365459
4,Pantai Wediombo,Bahari,Yogyakarta,5000,4.5,https://upload.wikimedia.org/wikipedia/commons/thumb/a/a4/Wediombo_Beach_4.jpg/3840px-Wediombo_Beach_4.jpg,-8.1873165,110.7103524
3,Bukit Lintang Sewu,Taman Hiburan,Yogyakarta,2000,4.5,https://upload.wikimedia.org/wikipedia/commons/9/94/Mount_Gede_01.jpg,-7.915055,110.4357959
5,Embung Tambakboyo,Taman Hiburan,Yogyakarta,0,4.4,https://upload.wikimedia.org/wikipedia/commons/4/43/Waduk_Tambakboyo_01.jpg,-7.7554434,110.4143353
1,Museum Ullen Sentalu,Budaya,Yogyakarta,100000,4.7,https://upload.wikimedia.org/wikipedia/commons/6/6e/Papan_penanda_di_area_Museum_Ullen_Sentalu%2C_Kaliurang.jpg,-7.5976483,110.4233962
1,Wisata Eling Bening,Cagar Alam,Semarang,25000,4.3,https://upload.wikimedia.org/wikipedia/commons/thumb/0/0a/Ambarawa_Bypass_Road_from_Eling_Bening%2C_2017-03-15.jpg/3840px-Ambarawa_Bypass_Road_from_Eling_Bening%2C_2017-03-15.jpg,,
2,Taman Kasmaran,Taman Hiburan,Semarang,3000,4.5,https://upload.wikimedia.org/wikipedia/commons/4/4e/Top_15_Indonesian_Idol_14.jpg,-6.9907948,110.4065795
2,Bukit Bintang,Cagar Alam,Bandung,25000,4.6,https://upload.wikimedia.org/wikipedia/commons/e/e7/Bukit_bintang_from_kl_monorail_2009.jpg,,
4,Ciwangun Indah Camp Official,Cagar Alam,Bandung,10000,4.3,https://picsum.photos/seed/CiwangunIndahCampOfficial/400/250,,
4,GunungTangkuban perahu,Cagar Alam,Bandung,30000,4.5,https://upload.wikimedia.org/wikipedia/commons/thumb/9/9a/Panoramic_View_of_Kawah_Ratu_Crater_in_Mt.Tangkuban_Perahu.jpg/3840px-Panoramic_View_of_Kawah_Ratu_Crater_in_Mt.Tangkuban_Perahu.jpg,,
5,Saloka Theme Park,Taman Hiburan,Semarang,150000,4.4,https://upload.wikimedia.org/wikipedia/commons/d/de/Saloka_Park_Logo.png,-7.2801381,110.457617
2,"Bukit Paralayang, Watugupit",Cagar Alam,Yogyakarta,5000,4.7,https://upload.wikimedia.org/wikipedia/commons/2/29/Bukit_Paralayang_-_Pantai_Parangtritits.jpg,,
5,Kampoeng Rawa,Cagar Alam,Semarang,3000,4.5,https://upload.wikimedia.org/wikipedia/commons/e/e2/Rawa_Pening_Central_Java.jpg,,
4,Alive Museum Ancol,Taman Hiburan,Jakarta,200000,4.3,https://picsum.photos/seed/AliveMuseumAncol/400/250,,
5,Kampung Wisata Kadipaten,Budaya,Yogyakarta,0,4.4,https://upload.wikimedia.org/wikipedia/commons/thumb/1/10/Yogyakarta_Indonesia_Tugu-Yogyakarta-02.jpg/3840px-Yogyakarta_Indonesia_Tugu-Yogyakarta-02.jpg,,
1,Candi Gedong Songo,Budaya,Semarang,10000,4.5,https://upload.wikimedia.org/wikipedia/commons/a/af/Gedong_songo.jpg,-7.2063743,110.340176
4,Saung Angklung Mang Udjo,Budaya,Bandung,75000,4.7,https://upload.wikimedia.org/wikipedia/commons/e/e0/Saung_Angklung_Udjo.JPG,,
1,Balai Kota Surabaya,Budaya,Surabaya,0,4.7,https://upload.wikimedia.org/wikipedia/commons/d/da/Jembatan_suroboyo_dusk.jpg,-7.2593052,112.7469919
1,Museum Sonobudoyo Unit I,Budaya,Yogyakarta,5000,4.6,https://upload.wikimedia.org/wikipedia/commons/thumb/c/c4/Museum_Sonobudoyo_2025.jpg/3840px-Museum_Sonobudoyo_2025.jpg,-7.8021367,110.3637812
3,Taman Pintar Yogyakarta,Taman Hiburan,Yogyakarta,6000,4.5,https://upload.wikimedia.org/wikipedia/commons/f/fb/Taman_Pintar_Yogyakarta.jpg,-7.8010497,110.3676457
1,Pantai Parangtritis,Bahari,Yogyakarta,10000,4.5,https://upload.wikimedia.org/wikipedia/commons/b/b3/Dusk_till_dawn_%28cropped%29.jpg,-8.0272827,110.3370078
1,Taman Cattleya,Taman Hiburan,Jakarta,20000,4.5,https://upload.wikimedia.org/wikipedia/commons/5/55/PhalaenopsisOphrysPaphiopedilumMaxillaria.jpg,-6.1821561,106.7942912
1,Taman Pandanaran,Taman Hiburan,Semarang,0,4.4,https://upload.wikimedia.org/wikipedia/commons/0/0d/Three_Berliner_Maschinenbau_steam_locomotives_on_the_Cepu_Forest_Railway_in_Central_Java%2C_Indonesia.JPG,-6.9878331,110.4171959
3,Pantai Cipta,Bahari,Semarang,5000,4.0,https://upload.wikimedia.org/wikipedia/commons/thumb/c/c6/Logo_Kementerian_Pekerjaan_Umum_Republik_Indonesia.svg/langid-960px-Logo_Kementerian_Pekerjaan_Umum_Republik_Indonesia.svg.png,,
1,Kawasan Wisata Sosrowijayan,Pusat Perbelanjaan,Yogyakarta,0,4.0,https://picsum.photos/seed/KawasanWisataSosrowijayan/400/250,,
2,Ekowisata Mangrove Wonorejo,Cagar Alam,Surabaya,0,4.3,https://upload.wikimedia.org/wikipedia/commons/thumb/5/55/Bali_Barat_mangroves.jpg/3840px-Bali_Barat_mangroves.jpg,-7.3075505,112.823368
3,Benteng Pendem,Budaya,Semarang,5000,4.2,https://upload.wikimedia.org/wikipedia/commons/thumb/d/db/DSCN73644_-_Benteng_Fort_Willem_1.jpg/3840px-DSCN73644_-_Benteng_Fort_Willem_1.jpg,-7.270914,110.4102584
3,Pantai Greweng,Bahari,Yogyakarta,5000,4.6,https://upload.wikimedia.org/wikipedia/commons/thumb/2/22/Flora_Indonesia.jpg/3840px-Flora_Indonesia.jpg,,
3,Pantai Ria Kenjeran,Bahari,Surabaya,15000,4.2,https://upload.wikimedia.org/wikipedia/commons/8/8b/Locator_Kecamatan_Kenjeran_di_Kota_Surabaya.png,-7.2466208,112.8003445
5,Kebun Binatang Ragunan,Cagar Alam,Jakarta,4000,4.5,https://upload.wikimedia.org/wikipedia/commons/7/78/Ragunan_Zoo_Gate.jpg,-6.3114056,106.8216897
1,Keraton Yogyakarta,Budaya,Yogyakarta,15000,4.6,https://upload.wikimedia.org/wikipedia/commons/thumb/8/83/Yogyakarta_Sultanate_Hamengkubhuwono_X_Emblem.svg/langid-500px-Yogyakarta_Sultanate_Hamengkubhuwono_X_Emblem.svg.png,-7.8075974,110.3638696
2,Candi Ratu Boko,Budaya,Yogyakarta,75000,4.6,https://upload.wikimedia.org/wikipedia/commons/thumb/7/77/Kraton_Ratu_Boko_%28Ratu_Boko_Temple%29_in_Yogyakarta%2C_Indonesia_03.jpg/3840px-Kraton_Ratu_Boko_%28Ratu_Boko_Temple%29_in_Yogyakarta%2C_Indonesia_03.jpg,-7.7779947,110.4940445
5,Alun Alun Selatan Yogyakarta,Taman Hiburan,Yogyakarta,0,4.6,https://picsum.photos/seed/AlunAlunSelatanYogyakarta/400/250,,
5,Masjid Istiqlal,Tempat Ibadah,Jakarta,0,4.7,https://upload.wikimedia.org/wikipedia/id/2/25/Masjid_Istiqlal_-_Panoramio.jpg,-6.1702395,106.8310056
1,Nol Kilometer Jl.Malioboro,Taman Hiburan,Yogyakarta,0,4.7,https://upload.wikimedia.org/wikipedia/commons/thumb/7/7d/Armada_1A_Trans_Jogja_di_Jalan_Solo.jpg/3840px-Armada_1A_Trans_Jogja_di_Jalan_Solo.jpg,,
1,Skyrink - Mall Taman Anggrek,Taman Hiburan,Jakarta,110000,4.5,https://picsum.photos/seed/Skyrink-MallTamanAnggrek/400/250,,
2,Teras Cikapundung BBWS,Taman Hiburan,Bandung,0,4.3,https://picsum.photos/seed/TerasCikapundungBBWS/400/250,,
4,Danau Rawa Pening,Cagar Alam,Semarang,15000,4.4,https://upload.wikimedia.org/wikipedia/commons/e/e2/Rawa_Pening_Central_Java.jpg,,
2,Monumen Jalesveva Jayamahe,Budaya,Surabaya,0,4.6,https://upload.wikimedia.org/wikipedia/commons/2/2e/Jalesveva_Jayamahe_Monument%2C_Surabaya.jpg,-7.1954933,112.7396134
4,Puspa Iptek Sundial,Taman Hiburan,Bandung,25000,4.4,https://upload.wikimedia.org/wikipedia/commons/0/06/Science_Center%2C_Puspa_Iptek%2C_Kota_Baru_Parahyangan_-_panoramio_%281%29.jpg,-6.8522473,107.4939926
3,Taman Ayodya,Taman Hiburan,Jakarta,0,4.4,https://upload.wikimedia.org/wikipedia/commons/thumb/e/ef/Taman_Ayodya_Jakarta_202311_1.jpg/3840px-Taman_Ayodya_Jakarta_202311_1.jpg,-6.2451636,106.7946126
2,Seribu Batu Songgo Langit,Cagar Alam,Yogyakarta,2000,4.6,https://picsum.photos/seed/SeribuBatuSonggoLangit/400/250,-7.9305908,110.4311357
1,Saloka Theme Park,Taman Hiburan,Semarang,150000,4.4,https://upload.wikimedia.org/wikipedia/commons/d/de/Saloka_Park_Logo.png,-7.2801381,110.457617
2,Masjid Agung Trans Studio Bandung,Tempat Ibadah,Bandung,0,4.8,https://picsum.photos/seed/MasjidAgungTransStudioBandung/400/250,-6.9259196,107.635428
5,Benteng Pendem,Budaya,Semarang,5000,4.2,https://upload.wikimedia.org/wikipedia/commons/c/c0/Benteng_Pendem_Cilacap_entrance.jpg,-7.270914,110.4102584
4,Rumah Sipitung,Budaya,Jakarta,5000,4.5,https://picsum.photos/seed/RumahSipitung/400/250,,
1,Candi Borobudur,Budaya,Yogyakarta,50000,4.7,https://upload.wikimedia.org/wikipedia/commons/thumb/2/25/Pradaksina.jpg/3840px-Pradaksina.jpg,,
1,Bunker Kaliadem Merapi,Cagar Alam,Yogyakarta,3000,4.5,https://picsum.photos/seed/BunkerKaliademMerapi/400/250,,
1,Sungai Palayangan,Cagar Alam,Bandung,150000,4.6,https://picsum.photos/seed/SungaiPalayangan/400/250,,
5,Masjid Salman ITB,Tempat Ibadah,Bandung,0,4.8,https://upload.wikimedia.org/wikipedia/id/4/4f/Masjid_Salman_ITB.jpg,-6.8936881,107.6111969
3,Museum Bank Indonesia,Budaya,Jakarta,2000,4.7,https://upload.wikimedia.org/wikipedia/commons/thumb/b/bf/Bank_Indonesia_Lama.jpg/3840px-Bank_Indonesia_Lama.jpg,-6.1371853,106.8129483
4,Desa Wisata Lembah Kalipancur,Taman Hiburan,Semarang,0,3.9,https://picsum.photos/seed/DesaWisataLembahKalipancur/400/250,,
1,Lembang Park & Zoo,Cagar Alam,Bandung,50000,4.5,https://picsum.photos/seed/LembangPark&Zoo/400/250,-6.8054528,107.5913571
2,Pantai Greweng,Bahari,Yogyakarta,5000,4.6,https://upload.wikimedia.org/wikipedia/commons/thumb/2/22/Flora_Indonesia.jpg/3840px-Flora_Indonesia.jpg,,
1,Bukit Wisata Pulepayung,Cagar Alam,Yogyakarta,10000,4.5,https://picsum.photos/seed/BukitWisataPulepayung/400/250,-7.8003583,110.1239412
1,Curug Tilu Leuwi Opat,Cagar Alam,Bandung,10000,4.4,https://upload.wikimedia.org/wikipedia/commons/thumb/7/7c/Curug_Bugbrug.jpg/3840px-Curug_Bugbrug.jpg,,
1,Pantai Ngrawe (Mesra),Bahari,Yogyakarta,10000,4.5,https://picsum.photos/seed/PantaiNgrawe(Mesra)/400/250,,
4,Water Blaster Bukit Candi Golf,Taman Hiburan,Semarang,80000,4.2,https://picsum.photos/seed/WaterBlasterBukitCandiGolf/400/250,-7.0229906,110.4388326
1,Masjid Raya Bandung,Tempat Ibadah,Bandung,0,4.7,https://upload.wikimedia.org/wikipedia/commons/thumb/9/9d/Masjid_Raya_Bandung_dan_Alun-alun_Bandung_%28potrait%29.jpg/3840px-Masjid_Raya_Bandung_dan_Alun-alun_Bandung_%28potrait%29.jpg,-6.9218735,107.6062926
3,Masjid Nasional Al-Akbar,Tempat Ibadah,Surabaya,0,4.9,https://upload.wikimedia.org/wikipedia/id/thumb/9/95/Masjid_Nasional_Al-Akbar_Surabaya_2016.jpg/3840px-Masjid_Nasional_Al-Akbar_Surabaya_2016.jpg,-7.3362941,112.7153303
5,Bandros City Tour,Budaya,Bandung,40000,4.4,https://upload.wikimedia.org/wikipedia/commons/2/2b/Perjalanan_Bus_Bandros.jpg,,
4,Pulau Pramuka,Bahari,Jakarta,5000,4.2,https://upload.wikimedia.org/wikipedia/commons/7/74/Dermaga_Pulau_Pramuka.jpg,-5.7457903,106.6137136
1,Gumuk Pasir Parangkusumo,Taman Hiburan,Yogyakarta,0,4.5,https://upload.wikimedia.org/wikipedia/commons/thumb/0/0b/Gumuk_Pasir_Parangkusumo_2.jpg/3840px-Gumuk_Pasir_Parangkusumo_2.jpg,-8.0170516,110.3171918
5,Lava Bantal,Budaya,Yogyakarta,5000,4.4,https://upload.wikimedia.org/wikipedia/commons/thumb/b/b1/P%C4%81hoehoe_Lava_flow.JPG/3840px-P%C4%81hoehoe_Lava_flow.JPG,,
5,Museum Layang-layang,Budaya,Jakarta,10000,4.5,https://upload.wikimedia.org/wikipedia/commons/2/21/US646375.png,-6.3078393,106.7906265
4,Monumen Perjuangan Rakyat Jawa Barat,Budaya,Bandung,0,4.5,https://upload.wikimedia.org/wikipedia/commons/thumb/4/43/Monumen_Perjuangan_Rakyat_Jawa_Barat_01.jpg/3840px-Monumen_Perjuangan_Rakyat_Jawa_Barat_01.jpg,-6.8934346,107.6185412
4,Wot Batu,Cagar Alam,Bandung,50000,4.7,https://upload.wikimedia.org/wikipedia/commons/thumb/f/fa/Wot_Batu.jpg/3840px-Wot_Batu.jpg,-6.8585391,107.6366148
5,Jakarta Planetarium,Taman Hiburan,Jakarta,12000,4.1,https://upload.wikimedia.org/wikipedia/commons/8/81/Planetarium_dan_Observatorium_Jakarta_%28Januari_2025%29.jpg,-6.1901222,106.8391385
3,Sindu Kusuma Edupark (SKE),Taman Hiburan,Yogyakarta,20000,4.2,https://picsum.photos/seed/SinduKusumaEdupark(SKE)/400/250,,
1,Taman Film,Budaya,Bandung,0,4.3,https://picsum.photos/seed/TamanFilm/400/250,-6.8985088,107.6077767
3,Pantai Ngrawe (Mesra),Bahari,Yogyakarta,10000,4.5,https://picsum.photos/seed/PantaiNgrawe(Mesra)/400/250,,
5,Museum Geologi Bandung,Budaya,Bandung,2000,4.6,https://upload.wikimedia.org/wikipedia/commons/thumb/b/b3/Bandung%2C_Museum_Geologi.jpg/3840px-Bandung%2C_Museum_Geologi.jpg,-6.9003424,107.620961
4,Kota Lama Semarang,Budaya,Semarang,0,4.7,https://upload.wikimedia.org/wikipedia/commons/thumb/7/7e/Lawang_Sewu_in_Semarang_City.jpg/3840px-Lawang_Sewu_in_Semarang_City.jpg,-6.96723,110.4268983
2,Pantai Sedahan,Bahari,Yogyakarta,5000,4.5,https://upload.wikimedia.org/wikipedia/commons/thumb/2/22/Flora_Indonesia.jpg/3840px-Flora_Indonesia.jpg,-8.1976663,110.7208645
1,Goa Rancang Kencono,Cagar Alam,Yogyakarta,5000,4.3,https://upload.wikimedia.org/wikipedia/commons/thumb/9/9e/Yogyakarta_Indonesia_Kraton-the-Sultans-Palace-02.jpg/3840px-Yogyakarta_Indonesia_Kraton-the-Sultans-Palace-02.jpg,-7.9490713,110.4926632
2,Situs Warungboto,Taman Hiburan,Yogyakarta,0,4.4,https://upload.wikimedia.org/wikipedia/commons/thumb/9/92/Situs_Warungboto.jpg/3840px-Situs_Warungboto.jpg,-7.8103543,110.3932221
1,Sanghyang Heuleut,Cagar Alam,Bandung,10000,4.4,https://upload.wikimedia.org/wikipedia/commons/thumb/7/74/Sanghyang_Heuleut_Lake_Is_Hidden_Paradise_at_West_Java.jpg/3840px-Sanghyang_Heuleut_Lake_Is_Hidden_Paradise_at_West_Java.jpg,-6.8764679,107.341682
5,Museum Sepuluh Nopember Kota Surabaya,Budaya,Surabaya,5000,4.7,https://picsum.photos/seed/MuseumSepuluhNopemberKotaSurabaya/400/250,-7.2454453,112.7378996
5,Taman Lapangan Banteng,Taman Hiburan,Jakarta,0,4.7,https://upload.wikimedia.org/wikipedia/commons/thumb/d/d4/Central_Jakarta_-_Lapangan_Banteng_%282025%29_-_img_01.jpg/3840px-Central_Jakarta_-_Lapangan_Banteng_%282025%29_-_img_01.jpg,-6.1702606,106.8349122
5,Taman Budaya Yogyakarta,Budaya,Yogyakarta,0,4.5,https://upload.wikimedia.org/wikipedia/commons/b/bc/ArtJog_2013%2C_Taman_Budaya_Yogyakarta.JPG,-7.8001356,110.367656
1,Alun Alun Selatan Yogyakarta,Taman Hiburan,Yogyakarta,0,4.6,https://picsum.photos/seed/AlunAlunSelatanYogyakarta/400/250,,
3,Lava Bantal,Budaya,Yogyakarta,5000,4.4,https://upload.wikimedia.org/wikipedia/commons/thumb/b/b1/P%C4%81hoehoe_Lava_flow.JPG/3840px-P%C4%81hoehoe_Lava_flow.JPG,,
2,Grojogan Watu Purbo Bangunrejo,Taman Hiburan,Yogyakarta,10000,4.5,https://picsum.photos/seed/GrojoganWatuPurboBangunrejo/400/250,,
3,Old City 3D Trick Art Museum,Budaya,Semarang,50000,4.4,https://picsum.photos/seed/OldCity3DTrickArtMuseum/400/250,,
2,Gereja Tiberias Indonesia Bandung,Tempat Ibadah,Bandung,0,4.9,https://upload.wikimedia.org/wikipedia/commons/6/6c/Gereja_Tiberias_Indonesia_Boulevard_Utara_Jakarta.jpg,,
1,Masjid Daarut Tauhiid Bandung,Tempat Ibadah,Bandung,0,4.9,https://picsum.photos/seed/MasjidDaarutTauhiidBandung/400/250,-6.8635726,107.5900533
3,Rabbit Town,Taman Hiburan,Bandung,45000,4.0,https://upload.wikimedia.org/wikipedia/commons/4/4e/Top_15_Indonesian_Idol_14.jpg,-6.867213,107.6101698
1,Pantai Baruna,Bahari,Semarang,3000,4.0,https://upload.wikimedia.org/wikipedia/commons/thumb/3/34/Pantai_Ngliyep_-_panoramio_%283%29.jpg/3840px-Pantai_Ngliyep_-_panoramio_%283%29.jpg,,
3,Jendela Alam,Taman Hiburan,Bandung,20000,4.4,https://upload.wikimedia.org/wikipedia/id/2/2e/Poster_Pabrik_Gula.jpg,,
4,Studio Alam Gamplong,Taman Hiburan,Yogyakarta,10000,4.4,https://upload.wikimedia.org/wikipedia/commons/a/a1/Boerderij_Buitenzorg_-_Studio_Alam_Gamplong_-_Bumi_Manusia.jpg,,
4,Curug Batu Templek,Cagar Alam,Bandung,5000,4.1,https://picsum.photos/seed/CurugBatuTemplek/400/250,,
2,Tugu Proklamasi,Budaya,Jakarta,0,4.6,https://upload.wikimedia.org/wikipedia/commons/7/74/Proclamation_Monument_Jakarta.JPG,-6.2032131,106.8468522
3,Kebun Binatang Surabaya,Cagar Alam,Surabaya,15000,4.3,https://upload.wikimedia.org/wikipedia/commons/thumb/4/45/Papan_Edukasi_Jalak_Bali.jpg/3840px-Papan_Edukasi_Jalak_Bali.jpg,-7.2957723,112.7358105
1,Desa Wisata Pulesari,Taman Hiburan,Yogyakarta,0,4.4,https://picsum.photos/seed/DesaWisataPulesari/400/250,-7.6241051,110.3727962
5,Wisata Alam Kalibiru,Cagar Alam,Yogyakarta,20000,4.4,https://upload.wikimedia.org/wikipedia/commons/3/31/Kalibiru%2C_Bluriver.jpg,-7.8068122,110.1286301
5,Monumen Bandung Lautan Api,Budaya,Bandung,0,4.3,https://picsum.photos/seed/MonumenBandungLautanApi/400/250,,
5,Jendela Alam,Taman Hiburan,Bandung,20000,4.4,https://upload.wikimedia.org/wikipedia/id/2/2e/Poster_Pabrik_Gula.jpg,,
5,Pantai Maron,Bahari,Semarang,5000,3.4,https://upload.wikimedia.org/wikipedia/commons/0/07/Mancing_mania_%2819020077606%29.jpg,-6.9540164,110.3604817
4,Wisata Alam Kalibiru,Cagar Alam,Yogyakarta,20000,4.4,https://upload.wikimedia.org/wikipedia/commons/3/31/Kalibiru%2C_Bluriver.jpg,-7.8068122,110.1286301
3,Pantai Nguluran,Bahari,Yogyakarta,10000,4.1,https://upload.wikimedia.org/wikipedia/commons/thumb/2/22/Flora_Indonesia.jpg/3840px-Flora_Indonesia.jpg,,
5,Gedung Sate,Budaya,Bandung,5000,4.6,https://upload.wikimedia.org/wikipedia/commons/thumb/4/4c/Gedung_Sate_Oktober_2024_-_Rahmatdenas.jpg/3840px-Gedung_Sate_Oktober_2024_-_Rahmatdenas.jpg,-6.9024981,107.618775
1,Upside Down World Bandung,Taman Hiburan,Bandung,100000,4.0,https://picsum.photos/seed/UpsideDownWorldBandung/400/250,,
5,Wisata Kuliner Pecenongan,Pusat Perbelanjaan,Jakarta,0,5.0,https://picsum.photos/seed/WisataKulinerPecenongan/400/250,,
5,Curug Cimahi,Cagar Alam,Bandung,15000,4.6,https://upload.wikimedia.org/wikipedia/commons/e/e5/COLLECTIE_TROPENMUSEUM_Waterval_in_de_omgeving_van_Tjisaroea_en_Tjimahi_TMnr_60050403.jpg,-6.7991735,107.5781113
5,Dusun Bambu,Taman Hiburan,Bandung,25000,4.5,https://upload.wikimedia.org/wikipedia/commons/thumb/4/43/Desa_Sade%2C_Lombok.jpg/3840px-Desa_Sade%2C_Lombok.jpg,-6.7899841,107.5786457
2,Pantai Nguluran,Bahari,Yogyakarta,10000,4.1,https://upload.wikimedia.org/wikipedia/commons/thumb/2/22/Flora_Indonesia.jpg/3840px-Flora_Indonesia.jpg,,
1,Watu Goyang,Budaya,Yogyakarta,2500,4.4,https://upload.wikimedia.org/wikipedia/commons/thumb/3/3f/Bukit_Bego_%282%29.jpg/3840px-Bukit_Bego_%282%29.jpg,-7.92706,110.4120656
1,Plaza Indonesia,Pusat Perbelanjaan,Jakarta,0,4.7,https://upload.wikimedia.org/wikipedia/commons/b/b7/Plaza_Indonesia_%282025%29.jpg,-6.19408,106.8218748
5,Kebun Binatang Bandung,Cagar Alam,Bandung,20000,4.0,https://upload.wikimedia.org/wikipedia/commons/0/0f/Bandung_Zoo_main_gate.JPG,-6.8911349,107.6069218
5,Masjid Kapal Semarang,Tempat Ibadah,Semarang,0,4.1,https://upload.wikimedia.org/wikipedia/commons/8/80/Halte_Cakrawala_Selatan_Trans_Semarang.jpg,-7.0187845,110.2936526
3,Curug Bugbrug,Cagar Alam,Bandung,7500,4.3,https://upload.wikimedia.org/wikipedia/commons/thumb/7/7c/Curug_Bugbrug.jpg/3840px-Curug_Bugbrug.jpg,-6.7975673,107.5783554
5,Heha Sky View,Taman Hiburan,Yogyakarta,15000,4.4,https://picsum.photos/seed/HehaSkyView/400/250,-7.8491296,110.4782259
3,Desa Wisata Pulesari,Taman Hiburan,Yogyakarta,0,4.4,https://picsum.photos/seed/DesaWisataPulesari/400/250,-7.6241051,110.3727962
1,Monumen Sanapati,Budaya,Yogyakarta,15000,4.3,https://upload.wikimedia.org/wikipedia/commons/thumb/7/76/Museum_Sandi_Kotabaru_di_Yogyakarta.jpg/1920px-Museum_Sandi_Kotabaru_di_Yogyakarta.jpg,-7.788184,110.3715672
1,Museum Gunung Merapi,Budaya,Yogyakarta,10000,4.4,https://upload.wikimedia.org/wikipedia/commons/thumb/f/f0/Museum_Gunungapi_Merapi.jpg/3840px-Museum_Gunungapi_Merapi.jpg,-7.6188698,110.4240986
1,Air Terjun Semirang,Cagar Alam,Semarang,9000,4.4,https://upload.wikimedia.org/wikipedia/commons/thumb/5/5a/Indonesia_provinces_blank_map.svg/langid-960px-Indonesia_provinces_blank_map.svg.png,,
2,Museum Bank Indonesia,Budaya,Jakarta,2000,4.7,https://upload.wikimedia.org/wikipedia/commons/thumb/b/bf/Bank_Indonesia_Lama.jpg/3840px-Bank_Indonesia_Lama.jpg,-6.1371853,106.8129483
5,Taman Vanda,Taman Hiburan,Bandung,0,4.3,https://picsum.photos/seed/TamanVanda/400/250,-6.9140617,107.6100689
1,Taman Buah Surabaya,Taman Hiburan,Surabaya,0,4.1,https://upload.wikimedia.org/wikipedia/commons/b/b5/Bom_Surabaya_2018.jpg,-7.2660644,112.7952929
3,Sungai Palayangan,Cagar Alam,Bandung,150000,4.6,https://picsum.photos/seed/SungaiPalayangan/400/250,,
4,Desa Wisata Tembi,Taman Hiburan,Yogyakarta,50000,4.5,https://picsum.photos/seed/DesaWisataTembi/400/250,,
1,Museum Sri Baduga,Budaya,Bandung,3000,4.5,https://upload.wikimedia.org/wikipedia/commons/thumb/d/d2/Sri_Baduga_Museum.JPG/3840px-Sri_Baduga_Museum.JPG,-6.9377186,107.6035761
2,Taman Pandanaran,Taman Hiburan,Semarang,0,4.4,https://upload.wikimedia.org/wikipedia/commons/0/0d/Three_Berliner_Maschinenbau_steam_locomotives_on_the_Cepu_Forest_Railway_in_Central_Java%2C_Indonesia.JPG,-6.9878331,110.4171959
1,NuArt Sculpture Park,Taman Hiburan,Bandung,50000,4.7,https://upload.wikimedia.org/wikipedia/commons/3/30/Nugallery.jpg,-6.8772419,107.5724908
3,Museum Perangko,Budaya,Jakarta,5000,4.4,https://upload.wikimedia.org/wikipedia/commons/thumb/9/90/National_emblem_of_Indonesia_Garuda_Pancasila.svg/langid-960px-National_emblem_of_Indonesia_Garuda_Pancasila.svg.png,-6.3041701,106.9017984
1,Klenteng Jin De Yuan,Tempat Ibadah,Jakarta,0,4.5,https://upload.wikimedia.org/wikipedia/commons/f/f5/Klenteng_Jin_De_Yuan%2C_Glodok%2C_Jakarta.jpg,,
4,Lawang Sewu,Budaya,Semarang,10000,4.6,https://upload.wikimedia.org/wikipedia/commons/thumb/e/e8/Lawang_sewu_semarang.jpg/3840px-Lawang_sewu_semarang.jpg,-6.9839786,110.4107909
1,Pantai Kesirat,Bahari,Yogyakarta,5000,4.6,https://upload.wikimedia.org/wikipedia/commons/thumb/9/99/Kesirat_Beach.jpg/3840px-Kesirat_Beach.jpg,-8.0964033,110.4351139
1,Taman Ekspresi Dan Perpustakaan,Taman Hiburan,Surabaya,0,4.5,https://upload.wikimedia.org/wikipedia/commons/thumb/d/d3/Plaza_Taman_Ismail_Marzuki.jpg/3840px-Plaza_Taman_Ismail_Marzuki.jpg,,
1,Taman Hutan Tebet,Taman Hiburan,Jakarta,0,4.4,https://upload.wikimedia.org/wikipedia/commons/thumb/6/67/%283%29_Tebet_Eco_Park%2C_Jakarta.jpg/3840px-%283%29_Tebet_Eco_Park%2C_Jakarta.jpg,,
3,Taman Flora Bratang Surabaya,Taman Hiburan,Surabaya,0,4.6,https://upload.wikimedia.org/wikipedia/commons/thumb/6/6d/01_Papan_Nama_Terminal_Bratang.jpg/3840px-01_Papan_Nama_Terminal_Bratang.jpg,,
3,Hutan Bambu Keputih,Cagar Alam,Surabaya,0,4.3,https://upload.wikimedia.org/wikipedia/commons/d/da/Jembatan_suroboyo_dusk.jpg,,
4,Trans Studio Bandung,Taman Hiburan,Bandung,280000,4.5,https://upload.wikimedia.org/wikipedia/id/thumb/d/d4/Trans_Studio_logo_2011.svg/langid-60px-Trans_Studio_logo_2011.svg.png,-6.9247021,107.6360969
5,Curug Aseupan,Cagar Alam,Bandung,10000,4.7,https://upload.wikimedia.org/wikipedia/commons/8/84/Gunung_Aseupan_dilihat_dari_sisi_utara_tahun_2025_%28cropped%29.jpg,,
3,Chingu Cafe Little Seoul,Taman Hiburan,Bandung,50000,4.5,https://picsum.photos/seed/ChinguCafeLittleSeoul/400/250,,
1,Puncak Kebun Buah Mangunan,Taman Hiburan,Yogyakarta,5000,4.6,https://upload.wikimedia.org/wikipedia/commons/d/d9/Puncak_Pinus_Becici.jpg,,
4,Pantai Pok Tunggal,Bahari,Yogyakarta,10000,4.5,https://upload.wikimedia.org/wikipedia/commons/thumb/1/1d/Delightful_Beach.jpg/3840px-Delightful_Beach.jpg,-8.1554823,110.6218792
5,Pantai Patihan,Bahari,Yogyakarta,5000,4.1,https://upload.wikimedia.org/wikipedia/id/4/4a/KcmtBwi.jpg,,
1,Desa Wisata Kelor,Taman Hiburan,Yogyakarta,0,4.4,https://upload.wikimedia.org/wikipedia/commons/thumb/a/a3/Rumah_Joglo_Muhadi.jpg/3840px-Rumah_Joglo_Muhadi.jpg,,
3,Museum Sepuluh Nopember Kota Surabaya,Budaya,Surabaya,5000,4.7,https://picsum.photos/seed/MuseumSepuluhNopemberKotaSurabaya/400/250,-7.2454453,112.7378996
1,Desa Wisata Tembi,Taman Hiburan,Yogyakarta,50000,4.5,https://picsum.photos/seed/DesaWisataTembi/400/250,,
2,Museum Konferensi Asia Afrika,Budaya,Bandung,0,4.6,https://upload.wikimedia.org/wikipedia/commons/8/84/Musium_KAA.jpg,-6.9210729,107.6096452
5,Kauman Pakualaman Yogyakarta,Budaya,Yogyakarta,0,5.0,https://upload.wikimedia.org/wikipedia/commons/thumb/e/ef/Flag_of_Pakualaman.svg/langid-960px-Flag_of_Pakualaman.svg.png,-7.8012036,110.3742635
5,Bukit Lintang Sewu,Taman Hiburan,Yogyakarta,2000,4.5,https://upload.wikimedia.org/wikipedia/commons/9/94/Mount_Gede_01.jpg,-7.915055,110.4357959
1,Kebun Binatang Ragunan,Cagar Alam,Jakarta,4000,4.5,https://upload.wikimedia.org/wikipedia/commons/7/78/Ragunan_Zoo_Gate.jpg,-6.3114056,106.8216897
2,Museum Pos Indonesia,Budaya,Bandung,0,4.5,https://upload.wikimedia.org/wikipedia/commons/1/11/Kantor_Pusat_Pos_Indonesia.JPG,-6.9020925,107.6198013
1,Pantai Ngrenehan,Bahari,Yogyakarta,3000,4.4,https://upload.wikimedia.org/wikipedia/commons/thumb/f/f1/Pantai_Ngrenehan.jpg/3840px-Pantai_Ngrenehan.jpg,,
1,Wisata Alam Kalibiru,Cagar Alam,Yogyakarta,20000,4.4,https://upload.wikimedia.org/wikipedia/commons/3/31/Kalibiru%2C_Bluriver.jpg,-7.8068122,110.1286301
1,Taman Ayodya,Taman Hiburan,Jakarta,0,4.4,https://upload.wikimedia.org/wikipedia/commons/thumb/e/ef/Taman_Ayodya_Jakarta_202311_1.jpg/3840px-Taman_Ayodya_Jakarta_202311_1.jpg,-6.2451636,106.7946126
3,Semarang Chinatown,Budaya,Semarang,30000,4.5,https://upload.wikimedia.org/wikipedia/id/5/5d/Gedung_Depan_SMP_PL_Domenico_Savio.jpg,-6.9748863,110.4251185
2,Pasar Kebon Empring Bintaran,Pusat Perbelanjaan,Yogyakarta,0,4.4,https://picsum.photos/seed/PasarKebonEmpringBintaran/400/250,,
1,Gunung Manglayang,Cagar Alam,Bandung,7500,4.5,https://upload.wikimedia.org/wikipedia/commons/0/00/Mont_Manglayang.jpg,-6.8810787,107.7357178
1,Taman Kasmaran,Taman Hiburan,Semarang,3000,4.5,https://upload.wikimedia.org/wikipedia/commons/4/4e/Top_15_Indonesian_Idol_14.jpg,-6.9907948,110.4065795
2,Taman Budaya Yogyakarta,Budaya,Yogyakarta,0,4.5,https://upload.wikimedia.org/wikipedia/commons/b/bc/ArtJog_2013%2C_Taman_Budaya_Yogyakarta.JPG,-7.8001356,110.367656
1,Goa Rong,Cagar Alam,Semarang,5000,4.3,https://picsum.photos/seed/GoaRong/400/250,-7.2723204,110.4700414
4,Taman Spathodea,Taman Hiburan,Jakarta,0,4.6,https://upload.wikimedia.org/wikipedia/commons/2/21/Starr_031210-0047_Spathodea_campanulata.jpg,,
3,Kota Mini,Taman Hiburan,Bandung,20000,4.4,https://picsum.photos/seed/KotaMini/400/250,,
1,Flower Farm Setiya Aji,Cagar Alam,Semarang,7500,4.1,https://picsum.photos/seed/FlowerFarmSetiyaAji/400/250,,
1,Rainbow Garden,Cagar Alam,Bandung,20000,4.6,https://upload.wikimedia.org/wikipedia/commons/f/f1/Meikarta_Tower_Distrik_1.jpg,,
4,Pantai Drini,Bahari,Yogyakarta,10000,4.5,https://upload.wikimedia.org/wikipedia/commons/thumb/5/52/Pantai_Drini_Top_View.jpg/3840px-Pantai_Drini_Top_View.jpg,-8.1380974,110.5783985
1,Water Blaster Bukit Candi Golf,Taman Hiburan,Semarang,80000,4.2,https://picsum.photos/seed/WaterBlasterBukitCandiGolf/400/250,-7.0229906,110.4388326
1,Observatorium Bosscha,Cagar Alam,Bandung,25000,4.5,https://upload.wikimedia.org/wikipedia/commons/7/7f/Bosscha_001.JPG,-6.8244765,107.61602
5,Bukit Moko,Cagar Alam,Bandung,25000,4.5,https://upload.wikimedia.org/wikipedia/commons/2/2b/Tebing_Karaton_Bandung_Regency.jpg,-6.8580436,107.7113868
1,Sunrise Point Cukul,Cagar Alam,Bandung,10000,4.6,https://picsum.photos/seed/SunrisePointCukul/400/250,-7.2337053,107.5342649
5,Situ Cileunca,Cagar Alam,Bandung,2500,4.4,https://upload.wikimedia.org/wikipedia/commons/5/5e/Cileunca_Lake.jpg,-7.2020441,107.5498098
2,Pantai Kukup,Bahari,Yogyakarta,10000,4.0,https://upload.wikimedia.org/wikipedia/commons/c/cd/Pantai_Kukup-2.jpg,-8.1334792,110.5538855
3,Taman Badak,Taman Hiburan,Bandung,0,4.5,https://upload.wikimedia.org/wikipedia/commons/b/b7/Rhino_collage.png,,
1,Wisata Batu Kuda,Cagar Alam,Bandung,10000,4.4,https://picsum.photos/seed/WisataBatuKuda/400/250,,
1,Pulau Pari,Bahari,Jakarta,150000,4.0,https://upload.wikimedia.org/wikipedia/commons/thumb/0/0c/Pari_Island_Pier.jpg/3840px-Pari_Island_Pier.jpg,-5.8591134,106.6163519
2,Taman Vanda,Taman Hiburan,Bandung,0,4.3,https://picsum.photos/seed/TamanVanda/400/250,-6.9140617,107.6100689
5,Museum Wayang,Budaya,Jakarta,5000,4.5,https://upload.wikimedia.org/wikipedia/commons/9/99/Wayang_sejarah.jpg,-6.1348145,106.8125091
3,Pulau Pramuka,Bahari,Jakarta,5000,4.2,https://upload.wikimedia.org/wikipedia/commons/7/74/Dermaga_Pulau_Pramuka.jpg,-5.7457903,106.6137136
4,Pulau Bidadari,Bahari,Jakarta,5000,4.6,https://upload.wikimedia.org/wikipedia/commons/thumb/0/04/Angel_island_-_Sixth_stop_%2816932267198%29.jpg/3840px-Angel_island_-_Sixth_stop_%2816932267198%29.jpg,-6.0358085,106.7468461
3,Waterboom PIK (Pantai Indah Kapuk),Taman Hiburan,Jakarta,300000,4.4,https://upload.wikimedia.org/wikipedia/commons/e/e8/Transjakarta_skywell_low_entry_bus.jpg,-6.1129447,106.7492511
1,Panghegar Waterboom Bandung,Taman Hiburan,Bandung,75000,4.3,https://picsum.photos/seed/PanghegarWaterboomBandung/400/250,-6.9618478,107.6222373
4,Pantai Kesirat,Bahari,Yogyakarta,5000,4.6,https://upload.wikimedia.org/wikipedia/commons/thumb/9/99/Kesirat_Beach.jpg/3840px-Kesirat_Beach.jpg,-8.0964033,110.4351139
5,Pantai Cipta,Bahari,Semarang,5000,4.0,https://upload.wikimedia.org/wikipedia/commons/thumb/c/c6/Logo_Kementerian_Pekerjaan_Umum_Republik_Indonesia.svg/langid-960px-Logo_Kementerian_Pekerjaan_Umum_Republik_Indonesia.svg.png,,
1,Taman Miniatur Kereta Api,Taman Hiburan,Bandung,15000,4.4,https://upload.wikimedia.org/wikipedia/commons/thumb/b/b4/Istana_Anak-anak_Indonesia_TMII_%282025%29_-_img_01.jpg/3840px-Istana_Anak-anak_Indonesia_TMII_%282025%29_-_img_01.jpg,,
2,Goa Rancang Kencono,Cagar Alam,Yogyakarta,5000,4.3,https://upload.wikimedia.org/wikipedia/commons/thumb/9/9e/Yogyakarta_Indonesia_Kraton-the-Sultans-Palace-02.jpg/3840px-Yogyakarta_Indonesia_Kraton-the-Sultans-Palace-02.jpg,-7.9490713,110.4926632
1,Museum Tekstil,Budaya,Jakarta,5000,4.5,https://upload.wikimedia.org/wikipedia/commons/4/46/Musetextil.jpg,-6.1879368,106.8096058
1,Taman Pelangi Yogyakarta,Taman Hiburan,Yogyakarta,15000,4.3,https://upload.wikimedia.org/wikipedia/commons/7/7a/Lampion.jpg,-7.7502983,110.3694758
2,Monumen Sanapati,Budaya,Yogyakarta,15000,4.3,https://upload.wikimedia.org/wikipedia/commons/thumb/7/76/Museum_Sandi_Kotabaru_di_Yogyakarta.jpg/1920px-Museum_Sandi_Kotabaru_di_Yogyakarta.jpg,-7.788184,110.3715672
2,Pantai Goa Cemara,Bahari,Yogyakarta,4000,4.3,https://upload.wikimedia.org/wikipedia/commons/4/47/Pelepasan_Penyu.jpg,-8.0000466,110.2508816
5,Bumi Perkemahan Batu Kuda,Cagar Alam,Bandung,7500,4.5,https://upload.wikimedia.org/wikipedia/commons/0/00/Mont_Manglayang.jpg,,
1,Margasatwa Muara Angke,Cagar Alam,Jakarta,25000,4.2,https://upload.wikimedia.org/wikipedia/commons/7/7b/Pelabuhan_Muara_Angke_%282022%29.jpg,-6.1079999,106.7660141
1,Indonesia Kaya Park,Taman Hiburan,Semarang,0,4.6,https://upload.wikimedia.org/wikipedia/commons/thumb/1/14/Taman_indonesia_kaya.jpg/3840px-Taman_indonesia_kaya.jpg,-6.992088,110.4200237
3,Taman Lapangan Banteng,Taman Hiburan,Jakarta,0,4.7,https://upload.wikimedia.org/wikipedia/commons/thumb/d/d4/Central_Jakarta_-_Lapangan_Banteng_%282025%29_-_img_01.jpg/3840px-Central_Jakarta_-_Lapangan_Banteng_%282025%29_-_img_01.jpg,-6.1702606,106.8349122
1,Pulau Tidung,Bahari,Jakarta,150000,4.5,https://upload.wikimedia.org/wikipedia/commons/9/90/Pulau_Tidung.jpg,-5.7981252,106.4989506
1,Ledok Sambi,Cagar Alam,Yogyakarta,0,4.6,https://upload.wikimedia.org/wikipedia/commons/8/82/Ledoksambi.jpg,-7.6468475,110.4262578
1,Embung Tambakboyo,Taman Hiburan,Yogyakarta,0,4.4,https://upload.wikimedia.org/wikipedia/commons/4/43/Waduk_Tambakboyo_01.jpg,-7.7554434,110.4143353
5,Kenjeran Park,Taman Hiburan,Surabaya,35000,4.2,https://upload.wikimedia.org/wikipedia/commons/thumb/a/ac/Unit_Trans_Semanggi_Suroboyo_K3L_di_Kenpark_%28Desember_2022%29.jpg/3840px-Unit_Trans_Semanggi_Suroboyo_K3L_di_Kenpark_%28Desember_2022%29.jpg,-7.2498534,112.8001912
4,Hutan Mangrove Kulon Progo,Bahari,Yogyakarta,5000,4.1,https://picsum.photos/seed/HutanMangroveKulonProgo/400/250,,
1,Pantai Ancol,Bahari,Jakarta,25000,4.4,https://upload.wikimedia.org/wikipedia/id/thumb/3/3e/Logo_Taman_Impian_Jaya_Ancol_%282022%29.svg/langid-960px-Logo_Taman_Impian_Jaya_Ancol_%282022%29.svg.png,-6.1224326,106.8414099
1,Kampung Tematik Jawi,Budaya,Semarang,0,4.5,https://upload.wikimedia.org/wikipedia/commons/c/c7/Siti_Nurhaliza_-_Khairul_Fahmi%27s_Wedding_2013.jpg,,
1,Gereja Katedral Santo Petrus Bandung,Tempat Ibadah,Bandung,0,4.8,https://upload.wikimedia.org/wikipedia/commons/e/e5/Tampak_Depan_Gereja_Katedral_Bandung.png,-6.9148386,107.6106794
3,Bukit Bintang,Cagar Alam,Bandung,25000,4.6,https://upload.wikimedia.org/wikipedia/commons/e/e7/Bukit_bintang_from_kl_monorail_2009.jpg,,
2,Sumur Gumuling,Taman Hiburan,Yogyakarta,7000,4.5,https://upload.wikimedia.org/wikipedia/commons/4/42/COLLECTIE_TROPENMUSEUM_Gebedsruimte_in_Taman_Sari_het_waterkasteel_van_de_Sultan_van_Yogyakarta_TMnr_10016553.jpg,-7.808775,110.3591432
1,Kebun Tanaman Obat Sari Alam,Cagar Alam,Bandung,0,4.9,https://upload.wikimedia.org/wikipedia/commons/0/0b/Cats_Whiskers_%282074039768%29.jpg,,
1,Puncak Gunung Api Purba - Nglanggeran,Cagar Alam,Yogyakarta,10000,4.7,https://upload.wikimedia.org/wikipedia/commons/b/bb/Bukit_Nglanggeran.jpg,,
1,Taman Spathodea,Taman Hiburan,Jakarta,0,4.6,https://upload.wikimedia.org/wikipedia/commons/2/21/Starr_031210-0047_Spathodea_campanulata.jpg,,
3,Watu Goyang,Budaya,Yogyakarta,2500,4.4,https://upload.wikimedia.org/wikipedia/commons/thumb/3/3f/Bukit_Bego_%282%29.jpg/3840px-Bukit_Bego_%282%29.jpg,-7.92706,110.4120656
1,Pemandian Air Panas Ciater,Cagar Alam,Bandung,15000,4.3,https://picsum.photos/seed/PemandianAirPanasCiater/400/250,,
2,Umbul Sidomukti,Cagar Alam,Semarang,75000,4.6,https://upload.wikimedia.org/wikipedia/commons/6/63/Gunungungaran.jpg,-7.1941928,110.3738353
4,Museum Perangko,Budaya,Jakarta,5000,4.4,https://upload.wikimedia.org/wikipedia/commons/thumb/9/90/National_emblem_of_Indonesia_Garuda_Pancasila.svg/langid-960px-National_emblem_of_Indonesia_Garuda_Pancasila.svg.png,-6.3041701,106.9017984
4,Taman Tabanas,Taman Hiburan,Semarang,0,4.4,https://upload.wikimedia.org/wikipedia/commons/7/7b/Mascot_for_2024_Depok_mayoral_election.png,-7.038737,110.4211576
4,Taman Lapangan Banteng,Taman Hiburan,Jakarta,0,4.7,https://upload.wikimedia.org/wikipedia/commons/thumb/d/d4/Central_Jakarta_-_Lapangan_Banteng_%282025%29_-_img_01.jpg/3840px-Central_Jakarta_-_Lapangan_Banteng_%282025%29_-_img_01.jpg,-6.1702606,106.8349122
2,Patung Buddha Empat Rupa,Budaya,Surabaya,0,4.3,https://upload.wikimedia.org/wikipedia/commons/2/24/Prajnaparamita_Java_Side_Detail.JPG,,
2,Taman Lapangan Banteng,Taman Hiburan,Jakarta,0,4.7,https://upload.wikimedia.org/wikipedia/commons/thumb/d/d4/Central_Jakarta_-_Lapangan_Banteng_%282025%29_-_img_01.jpg/3840px-Central_Jakarta_-_Lapangan_Banteng_%282025%29_-_img_01.jpg,-6.1702606,106.8349122
1,Gereja Perawan Maria Tak Berdosa Surabaya,Tempat Ibadah,Surabaya,10000,4.8,https://upload.wikimedia.org/wikipedia/commons/e/eb/Church_of_the_Birth_of_Our_Lady%2C_Surabaya%2C_2025_%2801%29.jpg,,
5,Rabbit Town,Taman Hiburan,Bandung,45000,4.0,https://upload.wikimedia.org/wikipedia/commons/4/4e/Top_15_Indonesian_Idol_14.jpg,-6.867213,107.6101698
4,Sindu Kusuma Edupark (SKE),Taman Hiburan,Yogyakarta,20000,4.2,https://picsum.photos/seed/SinduKusumaEdupark(SKE)/400/250,,
1,Kawasan Punclut,Taman Hiburan,Bandung,20000,4.4,https://picsum.photos/seed/KawasanPunclut/400/250,-6.8505903,107.6144997
4,Taman Pelangi,Taman Hiburan,Surabaya,0,4.5,https://upload.wikimedia.org/wikipedia/commons/2/29/Taman_Pelangi_Bus_stop_-_April_2026.jpg,-7.327841,112.7311681
2,Wisata Kampung Krisan Clapar,Taman Hiburan,Semarang,10000,4.1,https://picsum.photos/seed/WisataKampungKrisanClapar/400/250,,
1,Museum TNI AL Loka Jala Crana,Budaya,Surabaya,2000,4.5,https://picsum.photos/seed/MuseumTNIALLokaJalaCrana/400/250,,
2,Taman Pelangi,Taman Hiburan,Surabaya,0,4.5,https://upload.wikimedia.org/wikipedia/commons/7/7a/Lampion.jpg,-7.327841,112.7311681
5,Museum Pendidikan Nasional,Budaya,Bandung,5000,4.6,https://upload.wikimedia.org/wikipedia/commons/0/03/Logo_Museum_Nasional_PNG.png,-6.8597725,107.5941677
3,Museum Sonobudoyo Unit I,Budaya,Yogyakarta,5000,4.6,https://upload.wikimedia.org/wikipedia/commons/thumb/c/c4/Museum_Sonobudoyo_2025.jpg/3840px-Museum_Sonobudoyo_2025.jpg,-7.8021367,110.3637812
5,Museum Seni Rupa dan Kramik,Budaya,Jakarta,5000,4.4,https://picsum.photos/seed/MuseumSeniRupadanKramik/400/250,,
1,Air Terjun Kedung Pedut,Cagar Alam,Yogyakarta,20000,4.5,https://upload.wikimedia.org/wikipedia/commons/e/e1/Kedungpedut.jpg,,
1,Waterboom PIK (Pantai Indah Kapuk),Taman Hiburan,Jakarta,300000,4.4,https://upload.wikimedia.org/wikipedia/commons/e/e8/Transjakarta_skywell_low_entry_bus.jpg,-6.1129447,106.7492511
1,Museum Nasional,Budaya,Jakarta,5000,4.6,https://upload.wikimedia.org/wikipedia/commons/0/03/Logo_Museum_Nasional_PNG.png,-6.1761425,106.8221879
4,Taman Ayodya,Taman Hiburan,Jakarta,0,4.4,https://upload.wikimedia.org/wikipedia/commons/thumb/e/ef/Taman_Ayodya_Jakarta_202311_1.jpg/3840px-Taman_Ayodya_Jakarta_202311_1.jpg,-6.2451636,106.7946126
2,Bukit Wisata Pulepayung,Cagar Alam,Yogyakarta,10000,4.5,https://picsum.photos/seed/BukitWisataPulepayung/400/250,-7.8003583,110.1239412
3,Sunrise Point Cukul,Cagar Alam,Bandung,10000,4.6,https://picsum.photos/seed/SunrisePointCukul/400/250,-7.2337053,107.5342649
5,Pantai Siung,Bahari,Yogyakarta,10000,4.6,https://upload.wikimedia.org/wikipedia/commons/a/a7/WATU_TOGOG_PANTAI_SIUNG.jpg,-8.1821587,110.6839762
1,Kampung Wisata Dipowinatan,Budaya,Yogyakarta,220000,4.5,https://picsum.photos/seed/KampungWisataDipowinatan/400/250,,
5,Pantai Sepanjang,Bahari,Yogyakarta,10000,4.4,https://picsum.photos/seed/PantaiSepanjang/400/250,-8.1368979,110.5658723
3,Bendung Lepen,Taman Hiburan,Yogyakarta,0,4.6,https://upload.wikimedia.org/wikipedia/commons/thumb/2/22/Flora_Indonesia.jpg/3840px-Flora_Indonesia.jpg,,
1,Kauman Pakualaman Yogyakarta,Budaya,Yogyakarta,0,5.0,https://upload.wikimedia.org/wikipedia/commons/thumb/e/ef/Flag_of_Pakualaman.svg/langid-960px-Flag_of_Pakualaman.svg.png,-7.8012036,110.3742635
2,Taman Barunawati,Taman Hiburan,Surabaya,0,4.2,https://upload.wikimedia.org/wikipedia/id/9/93/Taman_Dayu_Pasuruan.jpg,-7.2218764,112.7317878
1,Masjid Salman ITB,Tempat Ibadah,Bandung,0,4.8,https://upload.wikimedia.org/wikipedia/id/4/4f/Masjid_Salman_ITB.jpg,-6.8936881,107.6111969
3,Museum Kebangkitan Nasional,Budaya,Jakarta,2000,4.7,https://upload.wikimedia.org/wikipedia/commons/c/cf/Old_Dutch_building_-_panoramio.jpg,-6.1786737,106.8380305
1,Curug Luhur Waterfall,Cagar Alam,Bandung,5000,4.2,https://upload.wikimedia.org/wikipedia/commons/5/52/Curug-ngumpet.jpg,,
2,Desa Wisata Lembah Kalipancur,Taman Hiburan,Semarang,0,3.9,https://picsum.photos/seed/DesaWisataLembahKalipancur/400/250,,
1,Kenjeran Park,Taman Hiburan,Surabaya,35000,4.2,https://upload.wikimedia.org/wikipedia/commons/thumb/a/ac/Unit_Trans_Semanggi_Suroboyo_K3L_di_Kenpark_%28Desember_2022%29.jpg/3840px-Unit_Trans_Semanggi_Suroboyo_K3L_di_Kenpark_%28Desember_2022%29.jpg,-7.2498534,112.8001912
2,Masjid Agung Ungaran,Tempat Ibadah,Semarang,0,4.7,https://upload.wikimedia.org/wikipedia/commons/thumb/5/53/Borobudur%2C_Java%2C_Indonesia%2C_20220817_1016_8757.jpg/3840px-Borobudur%2C_Java%2C_Indonesia%2C_20220817_1016_8757.jpg,-7.1350143,110.4087993
3,Curug Malela,Cagar Alam,Bandung,10000,4.4,https://upload.wikimedia.org/wikipedia/commons/7/7f/Bosscha_001.JPG,-7.0115741,107.2056616
1,Pantai Krakal,Bahari,Yogyakarta,10000,4.5,https://upload.wikimedia.org/wikipedia/commons/3/38/Matahari_terbenam_di_Pantai_Slili.jpg,-8.1317391,110.5449125
4,Alun-alun Utara Keraton Yogyakarta,Budaya,Yogyakarta,0,4.6,https://upload.wikimedia.org/wikipedia/commons/7/70/COLLECTIE_TROPENMUSEUM_De_waringins_op_de_alun-alun_bij_de_ingang_van_de_kraton_van_de_sultan_van_Jogjakarta_TMnr_60022716.jpg,,
5,Patung Sura dan Buaya,Budaya,Surabaya,0,4.6,https://upload.wikimedia.org/wikipedia/commons/7/7e/Taman_suroboyo.jpg,,
5,Sendang Geulis Kahuripan,Cagar Alam,Bandung,10000,4.3,https://upload.wikimedia.org/wikipedia/commons/thumb/7/76/Kahuripan_in_Kadungora.jpg/3840px-Kahuripan_in_Kadungora.jpg,,
3,Kampung Pelangi,Taman Hiburan,Semarang,3000,4.3,https://upload.wikimedia.org/wikipedia/commons/thumb/8/80/Kampung_Tridi%2C_Malang_32.jpg/3840px-Kampung_Tridi%2C_Malang_32.jpg,-6.9877873,110.4084912
1,Taman Flora Bratang Surabaya,Taman Hiburan,Surabaya,0,4.6,https://upload.wikimedia.org/wikipedia/commons/thumb/6/6d/01_Papan_Nama_Terminal_Bratang.jpg/3840px-01_Papan_Nama_Terminal_Bratang.jpg,,
1,Gedung Sate,Budaya,Bandung,5000,4.6,https://upload.wikimedia.org/wikipedia/commons/thumb/4/4c/Gedung_Sate_Oktober_2024_-_Rahmatdenas.jpg/3840px-Gedung_Sate_Oktober_2024_-_Rahmatdenas.jpg,-6.9024981,107.618775
1,Tektona Waterpark,Taman Hiburan,Bandung,60000,3.8,https://picsum.photos/seed/TektonaWaterpark/400/250,,
4,Curug Bugbrug,Cagar Alam,Bandung,7500,4.3,https://upload.wikimedia.org/wikipedia/commons/thumb/7/7c/Curug_Bugbrug.jpg/3840px-Curug_Bugbrug.jpg,-6.7975673,107.5783554
2,Jalan Braga,Budaya,Bandung,0,4.7,https://upload.wikimedia.org/wikipedia/commons/b/b7/Jl_Braga_Street_Sign_in_Bandung.jpg,-6.919146,107.6098034
1,Taman Kunang-Kunang,Taman Hiburan,Surabaya,0,4.4,https://upload.wikimedia.org/wikipedia/commons/b/b4/Locator_Kecamatan_Rungkut_di_Kota_Surabaya.png,-7.3180982,112.7840627
5,Taman Barunawati,Taman Hiburan,Surabaya,0,4.2,https://upload.wikimedia.org/wikipedia/id/9/93/Taman_Dayu_Pasuruan.jpg,-7.2218764,112.7317878
2,Sendang Geulis Kahuripan,Cagar Alam,Bandung,10000,4.3,https://upload.wikimedia.org/wikipedia/commons/thumb/7/76/Kahuripan_in_Kadungora.jpg/3840px-Kahuripan_in_Kadungora.jpg,,
2,Keraton Surabaya,Budaya,Surabaya,0,4.4,https://upload.wikimedia.org/wikipedia/commons/thumb/8/83/Yogyakarta_Sultanate_Hamengkubhuwono_X_Emblem.svg/langid-500px-Yogyakarta_Sultanate_Hamengkubhuwono_X_Emblem.svg.png,-7.2550377,112.7443229
4,Masjid Agung Ungaran,Tempat Ibadah,Semarang,0,4.7,https://upload.wikimedia.org/wikipedia/commons/thumb/5/53/Borobudur%2C_Java%2C_Indonesia%2C_20220817_1016_8757.jpg/3840px-Borobudur%2C_Java%2C_Indonesia%2C_20220817_1016_8757.jpg,-7.1350143,110.4087993
1,Curug Dago,Cagar Alam,Bandung,12000,4.0,https://upload.wikimedia.org/wikipedia/commons/0/07/Taman_Hutan_Raya_IR_Djuanda.jpg,-6.8654924,107.6181817
4,Orchid Forest Cikole,Taman Hiburan,Bandung,50000,4.6,https://picsum.photos/seed/OrchidForestCikole/400/250,-6.7801991,107.6379318
2,Hutan Mangrove Kulon Progo,Bahari,Yogyakarta,5000,4.1,https://picsum.photos/seed/HutanMangroveKulonProgo/400/250,,
1,Taman Badak,Taman Hiburan,Bandung,0,4.5,https://upload.wikimedia.org/wikipedia/commons/b/b7/Rhino_collage.png,,
3,Taman Budaya Yogyakarta,Budaya,Yogyakarta,0,4.5,https://upload.wikimedia.org/wikipedia/commons/b/bc/ArtJog_2013%2C_Taman_Budaya_Yogyakarta.JPG,-7.8001356,110.367656
2,Pintoe Langit Dahromo,Cagar Alam,Yogyakarta,2500,4.4,https://picsum.photos/seed/PintoeLangitDahromo/400/250,,
3,Pantai Jogan,Bahari,Yogyakarta,5000,4.4,https://upload.wikimedia.org/wikipedia/commons/thumb/a/a4/Indonesia_location_map.svg/langid-1280px-Indonesia_location_map.svg.png,-8.1802349,110.67649
2,Kiara Artha Park,Taman Hiburan,Bandung,15000,4.4,https://picsum.photos/seed/KiaraArthaPark/400/250,-6.916458,107.6422474
1,Hutan Kota Srengseng,Taman Hiburan,Jakarta,1000,4.3,https://upload.wikimedia.org/wikipedia/commons/e/e2/Taman_kota_di_srengseng_jakarta.jpg,-6.2107961,106.7646791
4,Pantai Sundak,Bahari,Yogyakarta,5000,4.5,https://upload.wikimedia.org/wikipedia/commons/thumb/9/9e/Yogyakarta_Indonesia_Kraton-the-Sultans-Palace-02.jpg/3840px-Yogyakarta_Indonesia_Kraton-the-Sultans-Palace-02.jpg,-8.1471841,110.6080799
5,Pulau Pari,Bahari,Jakarta,150000,4.0,https://upload.wikimedia.org/wikipedia/commons/thumb/0/0c/Pari_Island_Pier.jpg/3840px-Pari_Island_Pier.jpg,-5.8591134,106.6163519
2,Pulau Pelangi,Bahari,Jakarta,900000,4.8,https://upload.wikimedia.org/wikipedia/id/1/17/Laskar_Pelangi_film.jpg,-5.5860482,106.5905858
1,Curug Cilengkrang,Cagar Alam,Bandung,7500,4.0,https://picsum.photos/seed/CurugCilengkrang/400/250,,
3,Taman Hiburan Rakyat,Taman Hiburan,Surabaya,5000,4.2,https://picsum.photos/seed/TamanHiburanRakyat/400/250,,
4,Situs Warungboto,Taman Hiburan,Yogyakarta,0,4.4,https://upload.wikimedia.org/wikipedia/commons/thumb/9/92/Situs_Warungboto.jpg/3840px-Situs_Warungboto.jpg,-7.8103543,110.3932221
1,Cibubur Garden Diary (Cibugary),Cagar Alam,Jakarta,50000,4.5,https://picsum.photos/seed/CibuburGardenDiary(Cibugary)/400/250,,
1,Dusun Bambu,Taman Hiburan,Bandung,25000,4.5,https://upload.wikimedia.org/wikipedia/commons/thumb/4/43/Desa_Sade%2C_Lombok.jpg/3840px-Desa_Sade%2C_Lombok.jpg,-6.7899841,107.5786457
1,Surabaya Museum (Gedung Siola),Budaya,Surabaya,0,4.5,https://upload.wikimedia.org/wikipedia/commons/thumb/2/21/Tunjungan_Siola_di_2022.jpg/3840px-Tunjungan_Siola_di_2022.jpg,,
1,Grand Maerakaca,Taman Hiburan,Semarang,15000,4.4,https://upload.wikimedia.org/wikipedia/commons/2/2e/Anjungan_Kota_Semarang.jpg,,
2,Pantai Wediombo,Bahari,Yogyakarta,5000,4.5,https://upload.wikimedia.org/wikipedia/commons/thumb/a/a4/Wediombo_Beach_4.jpg/3840px-Wediombo_Beach_4.jpg,-8.1873165,110.7103524
4,Sendang Geulis Kahuripan,Cagar Alam,Bandung,10000,4.3,https://upload.wikimedia.org/wikipedia/commons/thumb/7/76/Kahuripan_in_Kadungora.jpg/3840px-Kahuripan_in_Kadungora.jpg,,
1,Pintoe Langit Dahromo,Cagar Alam,Yogyakarta,2500,4.4,https://picsum.photos/seed/PintoeLangitDahromo/400/250,,
1,Setu Babakan,Budaya,Jakarta,0,4.4,https://upload.wikimedia.org/wikipedia/commons/thumb/2/25/Setu_Babakan.jpg/3840px-Setu_Babakan.jpg,-6.3419991,106.8203244
1,Pantai Pulang Sawal,Bahari,Yogyakarta,10000,4.5,https://upload.wikimedia.org/wikipedia/commons/thumb/9/9e/Yogyakarta_Indonesia_Kraton-the-Sultans-Palace-02.jpg/3840px-Yogyakarta_Indonesia_Kraton-the-Sultans-Palace-02.jpg,,
1,Candi Donotirto,Budaya,Yogyakarta,0,4.4,https://picsum.photos/seed/CandiDonotirto/400/250,-7.7955912,110.3612347
2,Pemandian Air Panas Cimanggu,Cagar Alam,Bandung,23000,3.9,https://picsum.photos/seed/PemandianAirPanasCimanggu/400/250,,
2,Kebun Binatang Bandung,Cagar Alam,Bandung,20000,4.0,https://upload.wikimedia.org/wikipedia/commons/0/0f/Bandung_Zoo_main_gate.JPG,-6.8911349,107.6069218
1,Pantai Watu Kodok,Bahari,Yogyakarta,5000,4.6,https://upload.wikimedia.org/wikipedia/commons/0/0c/Locator_Kecamatan_Tanjungsari_ing_Gunung_Kidul.png,-8.1373207,110.5741197
1,Trans Studio Bandung,Taman Hiburan,Bandung,280000,4.5,https://upload.wikimedia.org/wikipedia/id/thumb/d/d4/Trans_Studio_logo_2011.svg/langid-60px-Trans_Studio_logo_2011.svg.png,-6.9247021,107.6360969
1,Bumi Perkemahan Cibubur,Taman Hiburan,Jakarta,10000,4.5,https://picsum.photos/seed/BumiPerkemahanCibubur/400/250,,
5,Klenteng Sanggar Agung,Budaya,Surabaya,10000,4.5,https://upload.wikimedia.org/wikipedia/commons/1/10/Giant_She_Mien_Fo_Statue_at_Sanggar_Agung_Temple%2C_Surabaya%2C_Indonesia.jpg,-7.2472279,112.8023036
1,Monumen Yogya Kembali,Budaya,Yogyakarta,15000,4.5,https://upload.wikimedia.org/wikipedia/id/4/4a/Monumen_Yogya_Kembali.JPG,,
1,Monumen Bandung Lautan Api,Budaya,Bandung,0,4.3,https://picsum.photos/seed/MonumenBandungLautanApi/400/250,,
2,Jendela Alam,Taman Hiburan,Bandung,20000,4.4,https://upload.wikimedia.org/wikipedia/id/2/2e/Poster_Pabrik_Gula.jpg,,
1,Taman Sungai Mudal,Cagar Alam,Yogyakarta,10000,4.6,https://picsum.photos/seed/TamanSungaiMudal/400/250,-7.7627101,110.1162841
1,Tugu Pal Putih Jogja,Taman Hiburan,Yogyakarta,0,4.7,https://upload.wikimedia.org/wikipedia/commons/1/1a/Yogyakarta_Indonesia_Tugu-Yogyakarta-01.jpg,-7.7829099,110.3670713
4,Rumah Batik,Budaya,Surabaya,0,4.5,https://upload.wikimedia.org/wikipedia/commons/thumb/8/8c/Papan_Nama_Rumah_Batik_Maranatha_Ong%27s_Art.jpg/3840px-Papan_Nama_Rumah_Batik_Maranatha_Ong%27s_Art.jpg,,
1,Pantai Sadranan,Bahari,Yogyakarta,10000,4.6,https://upload.wikimedia.org/wikipedia/commons/b/b3/Dusk_till_dawn_%28cropped%29.jpg,-8.1457925,110.6044298
5,Taman Jomblo,Taman Hiburan,Bandung,10000,4.1,https://picsum.photos/seed/TamanJomblo/400/250,-6.8981221,107.6092198
4,Pasar Tanah Abang,Pusat Perbelanjaan,Jakarta,0,4.0,https://upload.wikimedia.org/wikipedia/commons/d/d8/COLLECTIE_TROPENMUSEUM_Batavia_Pasar_Tanah_Abang_TMnr_10014914.jpg,-6.1882913,106.8184949
1,Taman Suropati,Taman Hiburan,Jakarta,0,4.6,https://upload.wikimedia.org/wikipedia/commons/d/da/Taman_Suropati_%281%29.jpg,-6.1994133,106.8326256
4,Masjid Daarut Tauhiid Bandung,Tempat Ibadah,Bandung,0,4.9,https://picsum.photos/seed/MasjidDaarutTauhiidBandung/400/250,-6.8635726,107.5900533
1,Pantai Samas,Bahari,Yogyakarta,4000,4.0,https://upload.wikimedia.org/wikipedia/commons/0/01/Pertunjukan_Jathilan.jpg,-8.0053279,110.2657797
4,Pantai Greweng,Bahari,Yogyakarta,5000,4.6,https://upload.wikimedia.org/wikipedia/commons/thumb/2/22/Flora_Indonesia.jpg/3840px-Flora_Indonesia.jpg,,
4,Pantai Patihan,Bahari,Yogyakarta,5000,4.1,https://upload.wikimedia.org/wikipedia/id/4/4a/KcmtBwi.jpg,,
1,Gua Maria Kerep Ambarawa,Cagar Alam,Semarang,2000,4.8,https://upload.wikimedia.org/wikipedia/commons/7/7f/St_Mary_statue_at_Maria_Kerep_Cave%2C_Ambarawa.jpg,-7.255488,110.3984538
3,Watu Mabur Mangunan,Cagar Alam,Yogyakarta,2500,4.5,https://upload.wikimedia.org/wikipedia/commons/thumb/d/d8/Pandansimo_Bridge_view_toward_Bantul.jpg/3840px-Pandansimo_Bridge_view_toward_Bantul.jpg,,
1,Taman Hiburan Rakyat,Taman Hiburan,Surabaya,5000,4.2,https://picsum.photos/seed/TamanHiburanRakyat/400/250,,
2,Semarang Contemporary Art Gallery,Budaya,Semarang,10000,4.6,https://picsum.photos/seed/SemarangContemporaryArtGallery/400/250,,
4,Taman Hutan Tebet,Taman Hiburan,Jakarta,0,4.4,https://upload.wikimedia.org/wikipedia/commons/thumb/6/67/%283%29_Tebet_Eco_Park%2C_Jakarta.jpg/3840px-%283%29_Tebet_Eco_Park%2C_Jakarta.jpg,,
3,Jogja Exotarium,Taman Hiburan,Yogyakarta,20000,4.4,https://picsum.photos/seed/JogjaExotarium/400/250,-7.7283188,110.3595385
1,Desa Wisata Lembah Kalipancur,Taman Hiburan,Semarang,0,3.9,https://picsum.photos/seed/DesaWisataLembahKalipancur/400/250,,
2,Jakarta Planetarium,Taman Hiburan,Jakarta,12000,4.1,https://upload.wikimedia.org/wikipedia/commons/8/81/Planetarium_dan_Observatorium_Jakarta_%28Januari_2025%29.jpg,-6.1901222,106.8391385
2,Curug Dago,Cagar Alam,Bandung,12000,4.0,https://upload.wikimedia.org/wikipedia/commons/0/07/Taman_Hutan_Raya_IR_Djuanda.jpg,-6.8654924,107.6181817
4,Taman Impian Jaya Ancol,Taman Hiburan,Jakarta,25000,4.5,https://upload.wikimedia.org/wikipedia/id/thumb/3/3e/Logo_Taman_Impian_Jaya_Ancol_%282022%29.svg/langid-960px-Logo_Taman_Impian_Jaya_Ancol_%282022%29.svg.png,-6.1215807,106.8371407
4,Kampung Cina,Budaya,Jakarta,15000,4.5,https://picsum.photos/seed/KampungCina/400/250,-6.2409538,106.8648299
4,Monumen Tugu Pahlawan,Budaya,Surabaya,0,4.7,https://upload.wikimedia.org/wikipedia/commons/3/3e/Tugu_Pahlawan_Surabaya.jpg,-7.2454453,112.7378996
4,Brown Canyon,Cagar Alam,Semarang,0,4.2,https://upload.wikimedia.org/wikipedia/commons/thumb/7/76/Brown_Canyon_1.jpg/3840px-Brown_Canyon_1.jpg,-7.0578875,110.4880281
5,Museum Basoeki Abdullah,Budaya,Jakarta,1000,4.6,https://upload.wikimedia.org/wikipedia/id/0/04/Basuki_abdullah.jpeg,,
1,Teras Cikapundung BBWS,Taman Hiburan,Bandung,0,4.3,https://picsum.photos/seed/TerasCikapundungBBWS/400/250,,
1,Taman Mundu,Taman Hiburan,Surabaya,0,4.4,https://upload.wikimedia.org/wikipedia/commons/0/0e/COLLECTIE_TROPENMUSEUM_Blad_en_vrucht_van_de_Xanthochymus_dulcis_roxb_moendoe_TMnr_3401-1683.jpg,,
2,Pantai Jogan,Bahari,Yogyakarta,5000,4.4,https://upload.wikimedia.org/wikipedia/commons/thumb/a/a4/Indonesia_location_map.svg/langid-1280px-Indonesia_location_map.svg.png,-8.1802349,110.67649
1,Kampoeng Kopi Banaran,Taman Hiburan,Semarang,200000,4.3,https://upload.wikimedia.org/wikipedia/commons/c/c5/Museum_Kopi_Banaran.jpg,-7.2546718,110.4416226
5,Museum De Javasche Bank,Budaya,Surabaya,5000,4.6,https://upload.wikimedia.org/wikipedia/commons/thumb/b/bf/Bank_Indonesia_Lama.jpg/3840px-Bank_Indonesia_Lama.jpg,-7.2352686,112.7367785
1,Chingu Cafe Little Seoul,Taman Hiburan,Bandung,50000,4.5,https://picsum.photos/seed/ChinguCafeLittleSeoul/400/250,,
1,Monumen Kapal Selam,Budaya,Surabaya,15000,4.4,https://upload.wikimedia.org/wikipedia/commons/6/60/Submarine_Monument_Surabaya_2.JPG,-7.265434,112.7503063
3,Goa Rong,Cagar Alam,Semarang,5000,4.3,https://picsum.photos/seed/GoaRong/400/250,-7.2723204,110.4700414
3,Cibubur Garden Diary (Cibugary),Cagar Alam,Jakarta,50000,4.5,https://picsum.photos/seed/CibuburGardenDiary(Cibugary)/400/250,,
1,Pantai Indrayanti,Bahari,Yogyakarta,10000,4.5,https://upload.wikimedia.org/wikipedia/commons/b/b3/Dusk_till_dawn_%28cropped%29.jpg,-8.1498929,110.6113168
2,Alun-alun Utara Keraton Yogyakarta,Budaya,Yogyakarta,0,4.6,https://upload.wikimedia.org/wikipedia/commons/7/70/COLLECTIE_TROPENMUSEUM_De_waringins_op_de_alun-alun_bij_de_ingang_van_de_kraton_van_de_sultan_van_Jogjakarta_TMnr_60022716.jpg,,
1,Desa Wisata Rumah Domes/Teletubbies,Taman Hiburan,Yogyakarta,5000,4.1,https://picsum.photos/seed/DesaWisataRumahDomes/Teletubbies/400/250,,
2,Jogja Bay Pirates Adventure Waterpark,Taman Hiburan,Yogyakarta,150000,4.4,https://upload.wikimedia.org/wikipedia/commons/3/36/Jogja_bay_Volcano_Coaster.jpg,,
5,Pemandian Air Panas Cimanggu,Cagar Alam,Bandung,23000,3.9,https://picsum.photos/seed/PemandianAirPanasCimanggu/400/250,,
2,Tafso Barn,Cagar Alam,Bandung,0,4.2,https://picsum.photos/seed/TafsoBarn/400/250,,
5,Candi Prambanan,Budaya,Yogyakarta,50000,4.7,https://upload.wikimedia.org/wikipedia/commons/thumb/6/61/Indonesia_Sleman_Regency_location_map.svg/langid-1280px-Indonesia_Sleman_Regency_location_map.svg.png,-7.7522269,110.4915331
3,Taman Pelangi Yogyakarta,Taman Hiburan,Yogyakarta,15000,4.3,https://upload.wikimedia.org/wikipedia/commons/7/7a/Lampion.jpg,-7.7502983,110.3694758
5,Gereja Katedral Santo Petrus Bandung,Tempat Ibadah,Bandung,0,4.8,https://upload.wikimedia.org/wikipedia/commons/e/e5/Tampak_Depan_Gereja_Katedral_Bandung.png,-6.9148386,107.6106794
3,"Bukit Paralayang, Watugupit",Cagar Alam,Yogyakarta,5000,4.7,https://upload.wikimedia.org/wikipedia/commons/2/29/Bukit_Paralayang_-_Pantai_Parangtritits.jpg,,
2,Kawasan Malioboro,Taman Hiburan,Yogyakarta,0,4.8,https://upload.wikimedia.org/wikipedia/commons/f/f0/Malioboro_Street%2C_Yogyakarta.JPG,-7.7908997,110.3724893
1,Ekowisata Mangrove Wonorejo,Cagar Alam,Surabaya,0,4.3,https://upload.wikimedia.org/wikipedia/commons/thumb/5/55/Bali_Barat_mangroves.jpg/3840px-Bali_Barat_mangroves.jpg,-7.3075505,112.823368
1,Masjid Kapal Semarang,Tempat Ibadah,Semarang,0,4.1,https://upload.wikimedia.org/wikipedia/commons/8/80/Halte_Cakrawala_Selatan_Trans_Semarang.jpg,-7.0187845,110.2936526
3,Pulau Pari,Bahari,Jakarta,150000,4.0,https://upload.wikimedia.org/wikipedia/commons/thumb/0/0c/Pari_Island_Pier.jpg/3840px-Pari_Island_Pier.jpg,-5.8591134,106.6163519
